fight_id,fight_date,a_fighter_name,b_fighter_name,a_odds,b_odds,chosen_side,chosen_prob,chosen_odds,edge,bet_placed
0165bd3c26f0c076,2021-01-16,Carlos Felipe,Justin Tafa,1.526316,2.55,a,0.5,1.5263,-0.1552,0
0165bd3c26f0c076,2021-01-16,Justin Tafa,Carlos Felipe,1.526316,2.55,b,0.6,2.55,0.2078,1
358f816aff469270,2021-01-16,Punahele Soriano,Dusko Todorovic,2.3,1.628931,a,1.0,2.3,0.5652,1
358f816aff469270,2021-01-16,Dusko Todorovic,Punahele Soriano,2.3,1.628931,b,1.0,1.6289,0.3861,1
3d903bc35023f50a,2021-01-16,Jacob Kilburn,Austin Lingo,1.434783,2.8,a,0.5,1.4348,-0.197,0
3d903bc35023f50a,2021-01-16,Austin Lingo,Jacob Kilburn,1.434783,2.8,a,0.3333,1.4348,-0.3636,0
3fcd53eb27945231,2021-01-16,David Zawada,Ramazan Emeev,3.1,1.363636,b,0.8,1.3636,0.0667,1
3fcd53eb27945231,2021-01-16,Ramazan Emeev,David Zawada,3.1,1.363636,a,0.8182,3.1,0.4956,1
6b0da0b1cda7799f,2021-01-16,Carlos Condit,Matt Brown,2.45,1.564972,b,0.5769,1.565,-0.0621,0
6b0da0b1cda7799f,2021-01-16,Matt Brown,Carlos Condit,2.45,1.564972,a,0.566,2.45,0.1579,1
775c1f401815bbd8,2021-01-16,Joaquin Buckley,Alessio Di Chirico,3.15,1.359712,a,0.6667,3.15,0.3492,1
775c1f401815bbd8,2021-01-16,Alessio Di Chirico,Joaquin Buckley,3.15,1.359712,b,0.5714,1.3597,-0.164,0
97c80f69ac312030,2021-01-16,Sarah Moras,Vanessa Melo,1.434783,2.8,a,0.375,1.4348,-0.322,0
97c80f69ac312030,2021-01-16,Vanessa Melo,Sarah Moras,1.434783,2.8,b,0.3529,2.8,-0.0042,0
a4817b7e46028b4a,2021-01-16,Max Holloway,Calvin Kattar,1.617284,2.38,b,0.75,2.38,0.3298,1
a4817b7e46028b4a,2021-01-16,Calvin Kattar,Max Holloway,1.617284,2.38,b,0.7447,2.38,0.3245,1
aeb7ff8ce6e1beac,2021-01-16,Santiago Ponzinibbio,Li Jingliang,1.327869,3.4,a,0.8182,1.3279,0.0651,1
aeb7ff8ce6e1beac,2021-01-16,Li Jingliang,Santiago Ponzinibbio,1.327869,3.4,b,0.7826,3.4,0.4885,1
4f6d3cdf2c77fb57,2021-01-20,Ike Villanueva,Vinicius Moreira,2.1,1.746269,a,0.5,2.1,0.0238,0
4f6d3cdf2c77fb57,2021-01-20,Vinicius Moreira,Ike Villanueva,2.1,1.746269,b,0.2,1.7463,-0.3726,0
57e784028ef2c17d,2021-01-20,Matt Schnell,Tyson Nam,2.05,1.769231,a,0.5714,2.05,0.0836,1
57e784028ef2c17d,2021-01-20,Tyson Nam,Matt Schnell,2.05,1.769231,b,0.6,1.7692,0.0348,1
61bedad39b15db7a,2021-01-20,Michael Chiesa,Neil Magny,1.675676,2.2,b,0.7391,2.2,0.2846,1
61bedad39b15db7a,2021-01-20,Neil Magny,Michael Chiesa,1.675676,2.2,b,0.7241,2.2,0.2696,1
76b61ff4c9760f79,2021-01-20,Dalcha Lungiambula,Markus Perez,2.15,1.699301,a,0.5,2.15,0.0349,1
76b61ff4c9760f79,2021-01-20,Markus Perez,Dalcha Lungiambula,2.15,1.699301,b,0.6,1.6993,0.0115,0
a003e8305d4dbdc8,2021-01-20,Roxanne Modafferi,Viviane Araujo,1.298507,3.6,b,0.75,3.6,0.4722,1
a003e8305d4dbdc8,2021-01-20,Viviane Araujo,Roxanne Modafferi,1.298507,3.6,a,0.7778,1.2985,0.0077,0
ac475de5a3d0d7e2,2021-01-20,Omari Akhmedov,Tom Breese,1.628931,2.28,b,0.7143,2.28,0.2757,1
ac475de5a3d0d7e2,2021-01-20,Tom Breese,Omari Akhmedov,1.628931,2.28,b,0.68,2.28,0.2414,1
d27ac1bc677b89cf,2021-01-20,Lerone Murphy,Douglas Silva de Andrade,1.327869,3.4,a,1.0,1.3279,0.2469,1
d27ac1bc677b89cf,2021-01-20,Douglas Silva de Andrade,Lerone Murphy,1.327869,3.4,b,1.0,3.4,0.7059,1
dd34dd337e637767,2021-01-20,Warlley Alves,Mounir Lazzez,1.434783,2.85,b,1.0,2.85,0.6491,1
dd34dd337e637767,2021-01-20,Mounir Lazzez,Warlley Alves,1.434783,2.85,a,0.6667,1.4348,-0.0303,0
ddbe6fd66d7f9e35,2021-01-20,Sumudaerji,Zarrukh Adashev,1.25,4.0,a,0.6667,1.25,-0.1333,0
ddbe6fd66d7f9e35,2021-01-20,Zarrukh Adashev,Sumudaerji,1.25,4.0,b,0.7143,4.0,0.4643,1
3d3e7dc7b4bf2bc4,2021-01-23,Dustin Poirier,Conor McGregor,3.5,1.327869,b,0.8333,1.3279,0.0802,1
3d3e7dc7b4bf2bc4,2021-01-23,Conor McGregor,Dustin Poirier,3.5,1.327869,a,0.8,3.5,0.5143,1
65352221c0bfe52d,2021-01-23,Andrew Sanchez,Makhmud Muradov,1.699301,2.15,b,1.0,2.15,0.5349,1
65352221c0bfe52d,2021-01-23,Makhmud Muradov,Andrew Sanchez,1.699301,2.15,a,1.0,1.6993,0.4115,1
83da743f6dda7dcc,2021-01-23,Julianna Pena,Sara McMann,2.05,1.769231,a,0.7143,2.05,0.2265,1
83da743f6dda7dcc,2021-01-23,Sara McMann,Julianna Pena,2.05,1.769231,b,0.7333,1.7692,0.1681,1
92f569a6d9374b86,2021-01-23,Brad Tavares,Antonio Carlos Junior,1.746269,2.05,a,0.6667,1.7463,0.094,1
92f569a6d9374b86,2021-01-23,Antonio Carlos Junior,Brad Tavares,1.746269,2.05,b,0.6757,2.05,0.1879,1
aaf45b095452be23,2021-01-23,Amir Albazi,Zhalgas Zhumagulov,1.847458,1.943396,a,1.0,1.8475,0.4587,1
aaf45b095452be23,2021-01-23,Zhalgas Zhumagulov,Amir Albazi,1.847458,1.943396,b,1.0,1.9434,0.4854,1
c597fd8bb66d54d8,2021-01-23,Khalil Rountree Jr.,Marcin Prachnio,3.5,1.298507,a,0.5,3.5,0.2143,1
c597fd8bb66d54d8,2021-01-23,Marcin Prachnio,Khalil Rountree Jr.,3.5,1.298507,b,0.4706,1.2985,-0.2995,0
cd08b68f0bafafbf,2021-01-23,Marina Rodriguez,Amanda Ribas,1.298507,3.5,b,1.0,3.5,0.7143,1
cd08b68f0bafafbf,2021-01-23,Amanda Ribas,Marina Rodriguez,1.298507,3.5,a,0.8889,1.2985,0.1188,1
f3ccbfd7036f3cf3,2021-01-23,Nik Lentz,Movsar Evloev,4.9,1.178571,b,1.0,1.1786,0.1515,1
f3ccbfd7036f3cf3,2021-01-23,Movsar Evloev,Nik Lentz,4.9,1.178571,a,1.0,4.9,0.7959,1
86d6e09932c5b551,2021-02-06,SeungWoo Choi,Youssef Zalal,1.434783,2.75,b,0.75,2.75,0.3864,1
86d6e09932c5b551,2021-02-06,Youssef Zalal,SeungWoo Choi,1.434783,2.75,a,0.6667,1.4348,-0.0303,0
8b9bdacca749ec90,2021-02-06,Alistair Overeem,Alexander Volkov,1.549451,2.5,b,0.75,2.5,0.35,1
8b9bdacca749ec90,2021-02-06,Alexander Volkov,Alistair Overeem,1.549451,2.5,a,0.7647,1.5495,0.1193,1
9ef858837dfc65eb,2021-02-06,Cory Sandhagen,Frankie Edgar,1.25,4.0,a,0.8571,1.25,0.0571,1
9ef858837dfc65eb,2021-02-06,Frankie Edgar,Cory Sandhagen,1.25,4.0,b,0.8667,4.0,0.6167,1
af8ea6db042674ef,2021-02-06,Mike Rodriguez,Danilo Marques,1.416667,2.88,b,1.0,2.88,0.6528,1
af8ea6db042674ef,2021-02-06,Danilo Marques,Mike Rodriguez,1.416667,2.88,a,1.0,1.4167,0.2941,1
bbade63ca780668f,2021-02-06,Diego Ferreira,Beneil Dariush,2.05,1.8,a,0.8,2.05,0.3122,1
bbade63ca780668f,2021-02-06,Beneil Dariush,Diego Ferreira,2.05,1.8,a,0.7714,2.05,0.2836,1
d65da3a3bc675449,2021-02-06,Molly McCann,Lara Procopio,1.564972,2.4,a,0.6,1.565,-0.039,0
d65da3a3bc675449,2021-02-06,Lara Procopio,Molly McCann,1.564972,2.4,b,0.5455,2.4,0.1288,1
f4fbb11055301e75,2021-02-06,Michael Johnson,Clay Guida,1.444444,2.75,b,0.5172,2.75,0.1536,1
f4fbb11055301e75,2021-02-06,Clay Guida,Michael Johnson,1.444444,2.75,a,0.5254,1.4444,-0.1669,0
17616514e8fdacb9,2021-02-13,Polyana Viana,Mallory Martin,1.869565,2.0,b,0.5,2.0,0.0,0
17616514e8fdacb9,2021-02-13,Mallory Martin,Polyana Viana,1.869565,2.0,b,0.4545,2.0,-0.0455,0
25b8c932da5e91f4,2021-02-13,Maycee Barber,Alexa Grasso,1.934579,1.934579,a,0.75,1.9346,0.2331,1
25b8c932da5e91f4,2021-02-13,Alexa Grasso,Maycee Barber,1.934579,1.934579,b,0.6667,1.9346,0.1498,1
26fbf026beb8e9f8,2021-02-13,Kelvin Gastelum,Ian Heinisch,2.74,1.487805,a,0.625,2.74,0.26,1
26fbf026beb8e9f8,2021-02-13,Ian Heinisch,Kelvin Gastelum,2.74,1.487805,b,0.6364,1.4878,-0.0358,0
54e2490959f66dc2,2021-02-13,Ricky Simon,Brian Kelleher,1.395257,3.1,a,0.7143,1.3953,-0.0024,0
54e2490959f66dc2,2021-02-13,Brian Kelleher,Ricky Simon,1.395257,3.1,b,0.7333,3.1,0.4108,1
8cf076524cad5a55,2021-02-13,Belal Muhammad,Dhiego Lima,1.223714,4.4,a,0.7273,1.2237,-0.0899,0
8cf076524cad5a55,2021-02-13,Dhiego Lima,Belal Muhammad,1.223714,4.4,b,0.7391,4.4,0.5119,1
9201312dd860fa5a,2021-02-13,Maki Pitolo,Julian Marquez,2.45,1.564972,b,0.5,1.565,-0.139,0
9201312dd860fa5a,2021-02-13,Julian Marquez,Maki Pitolo,2.45,1.564972,a,0.6,2.45,0.1918,1
96b1430379c0694a,2021-02-13,Rodolfo Vieira,Anthony Hernandez,4.65,1.205339,a,1.0,4.65,0.7849,1
96b1430379c0694a,2021-02-13,Anthony Hernandez,Rodolfo Vieira,4.65,1.205339,b,0.8,1.2053,-0.0296,0
be94e5b7a35ce5f2,2021-02-13,Kamaru Usman,Gilbert Burns,3.28,1.359712,a,1.0,3.28,0.6951,1
be94e5b7a35ce5f2,2021-02-13,Gilbert Burns,Kamaru Usman,3.28,1.359712,b,1.0,1.3597,0.2646,1
f98e954823bd6e02,2021-02-13,Andre Ewell,Chris Gutierrez,1.775194,2.12,b,0.75,2.12,0.2783,1
f98e954823bd6e02,2021-02-13,Chris Gutierrez,Andre Ewell,1.775194,2.12,a,0.7778,1.7752,0.2145,1
05ceb8b2f93993a6,2021-02-20,Phil Hawes,Nassourdine Imavov,1.8,1.952381,a,1.0,1.8,0.4444,1
05ceb8b2f93993a6,2021-02-20,Nassourdine Imavov,Phil Hawes,1.8,1.952381,b,1.0,1.9524,0.4878,1
15b1c7ddc4415fdd,2021-02-20,Andrei Arlovski,Tom Aspinall,3.0,1.377358,b,1.0,1.3774,0.274,1
15b1c7ddc4415fdd,2021-02-20,Tom Aspinall,Andrei Arlovski,3.0,1.377358,a,1.0,3.0,0.6667,1
82243207b4dfce87,2021-02-20,Charles Rosa,Darrick Minner,2.5,1.526316,a,0.5,2.5,0.1,1
82243207b4dfce87,2021-02-20,Darrick Minner,Charles Rosa,2.5,1.526316,a,0.6,2.5,0.2,1
8f7328fe18806fb0,2021-02-20,Aleksei Oleinik,Chris Daukaus,2.4,1.564972,b,1.0,1.565,0.361,1
8f7328fe18806fb0,2021-02-20,Chris Daukaus,Aleksei Oleinik,2.4,1.564972,a,1.0,2.4,0.5833,1
931fd51ab69fb443,2021-02-20,Jared Gordon,Danny Chavez,1.719424,2.1,b,1.0,2.1,0.5238,1
931fd51ab69fb443,2021-02-20,Danny Chavez,Jared Gordon,1.719424,2.1,a,0.6667,1.7194,0.0851,1
990c2378caec68d4,2021-02-20,Eddie Wineland,John Castaneda,1.8,2.0,a,0.4286,1.8,-0.127,0
990c2378caec68d4,2021-02-20,John Castaneda,Eddie Wineland,1.8,2.0,b,0.4138,2.0,-0.0862,0
a4814d682954e8ab,2021-02-20,Ketlen Vieira,Yana Santos,3.15,1.359712,a,0.8333,3.15,0.5159,1
a4814d682954e8ab,2021-02-20,Yana Santos,Ketlen Vieira,3.15,1.359712,b,0.7692,1.3597,0.0338,1
b12bc15f384ecc42,2021-02-20,Curtis Blaydes,Derrick Lewis,4.0,1.25,a,0.8182,4.0,0.5682,1
b12bc15f384ecc42,2021-02-20,Derrick Lewis,Curtis Blaydes,4.0,1.25,b,0.7826,1.25,-0.0174,0
e175c1a0bff30187,2021-02-20,Nate Landwehr,Julian Erosa,1.892857,1.892857,a,0.5,1.8929,-0.0283,0
e175c1a0bff30187,2021-02-20,Julian Erosa,Nate Landwehr,1.892857,1.892857,b,0.4,1.8929,-0.1283,0
3a4e2dffcdd1c838,2021-02-27,Nikita Krylov,Magomed Ankalaev,3.5,1.333333,b,0.8333,1.3333,0.0833,1
3a4e2dffcdd1c838,2021-02-27,Magomed Ankalaev,Nikita Krylov,3.5,1.333333,a,0.8462,3.5,0.5604,1
3eac2d47ac252f4b,2021-02-27,Alexander Hernandez,Thiago Moises,1.454545,2.8,a,0.6667,1.4545,-0.0208,0
3eac2d47ac252f4b,2021-02-27,Thiago Moises,Alexander Hernandez,1.454545,2.8,a,0.6364,1.4545,-0.0511,0
4a704dae3091adaf,2021-02-27,Jairzinho Rozenstruik,Ciryl Gane,2.85,1.444444,b,1.0,1.4444,0.3077,1
4a704dae3091adaf,2021-02-27,Ciryl Gane,Jairzinho Rozenstruik,2.85,1.444444,a,1.0,2.85,0.6491,1
6a0341234ecc4e87,2021-02-27,Kevin Croom,Alex Caceres,2.3,1.666667,b,0.5556,1.6667,-0.0444,0
a7315147a7022a93,2021-02-27,Alexis Davis,Sabina Mazo,2.78,1.465116,b,0.75,1.4651,0.0675,1
a7315147a7022a93,2021-02-27,Sabina Mazo,Alexis Davis,2.78,1.465116,a,0.6667,2.78,0.307,1
bc86601cf781a89c,2021-02-27,Dustin Jacoby,Maxim Grishin,2.37,1.636943,b,0.5,1.6369,-0.1109,0
bc86601cf781a89c,2021-02-27,Maxim Grishin,Dustin Jacoby,2.37,1.636943,b,0.4286,1.6369,-0.1823,0
c2ee423d1f0b4f6f,2021-02-27,Pedro Munhoz,Jimmie Rivera,2.15,1.740741,b,0.7,1.7407,0.1255,1
c2ee423d1f0b4f6f,2021-02-27,Jimmie Rivera,Pedro Munhoz,2.15,1.740741,a,0.6667,2.15,0.2016,1
04a788abbbd1f256,2021-03-06,Thiago Santos,Aleksandar Rakic,1.540541,2.6,b,0.8333,2.6,0.4487,1
04a788abbbd1f256,2021-03-06,Aleksandar Rakic,Thiago Santos,1.540541,2.6,a,0.8462,1.5405,0.197,1
15c9cb5f9320c555,2021-03-06,Petr Yan,Aljamain Sterling,2.02,1.819672,a,1.0,2.02,0.505,1
15c9cb5f9320c555,2021-03-06,Aljamain Sterling,Petr Yan,2.02,1.819672,b,0.9333,1.8197,0.3838,1
2704d31de2c2f43b,2021-03-06,Tim Elliott,Jordan Espinosa,2.35,1.645161,b,0.4,1.6452,-0.2078,0
2704d31de2c2f43b,2021-03-06,Jordan Espinosa,Tim Elliott,2.35,1.645161,b,0.3793,1.6452,-0.2285,0
50ef636148fa6fac,2021-03-06,Livinha Souza,Amanda Lemos,1.416667,3.0,a,0.75,1.4167,0.0441,1
50ef636148fa6fac,2021-03-06,Amanda Lemos,Livinha Souza,1.416667,3.0,a,0.7143,1.4167,0.0084,0
5980ab31e4718a83,2021-03-06,Song Yadong,Kyler Phillips,2.8,1.454545,a,1.0,2.8,0.6429,1
5980ab31e4718a83,2021-03-06,Kyler Phillips,Song Yadong,2.8,1.454545,a,1.0,2.8,0.6429,1
7ad09f889d2cdb6f,2021-03-06,Sean Brady,Jake Matthews,1.454545,2.8,a,1.0,1.4545,0.3125,1
7ad09f889d2cdb6f,2021-03-06,Jake Matthews,Sean Brady,1.454545,2.8,b,1.0,2.8,0.6429,1
7de9867b7cc2b1b1,2021-03-06,Jan Blachowicz,Israel Adesanya,1.408163,3.05,b,1.0,3.05,0.6721,1
7de9867b7cc2b1b1,2021-03-06,Israel Adesanya,Jan Blachowicz,1.408163,3.05,a,0.9474,1.4082,0.2372,1
873306ad79b62f5e,2021-03-06,Rogerio Bontorin,Kai Kara-France,2.17,1.729927,a,0.6667,2.17,0.2058,1
873306ad79b62f5e,2021-03-06,Kai Kara-France,Rogerio Bontorin,2.17,1.729927,a,0.6923,2.17,0.2315,1
ae5d14a9fc1ad19c,2021-03-06,Joseph Benavidez,Askar Askarov,2.25,1.689655,b,1.0,1.6897,0.4082,1
ae5d14a9fc1ad19c,2021-03-06,Askar Askarov,Joseph Benavidez,2.25,1.689655,a,1.0,2.25,0.5556,1
c06d7bb29bc24d00,2021-03-06,Islam Makhachev,Drew Dober,1.217391,4.65,a,0.875,1.2174,0.0536,1
c06d7bb29bc24d00,2021-03-06,Drew Dober,Islam Makhachev,1.217391,4.65,b,0.8824,4.65,0.6673,1
c096342c57a6f2c4,2021-03-06,Trevin Jones,Mario Bautista,1.416667,3.0,a,1.0,1.4167,0.2941,1
f4363f1317b47213,2021-03-06,Dominick Cruz,Casey Kenney,2.2,1.714286,b,0.8333,1.7143,0.25,1
f4363f1317b47213,2021-03-06,Casey Kenney,Dominick Cruz,2.2,1.714286,a,0.7692,2.2,0.3147,1
fd92fe0c494d0959,2021-03-06,Amanda Nunes,Megan Anderson,1.142857,6.0,a,0.9286,1.1429,0.0536,1
fd92fe0c494d0959,2021-03-06,Megan Anderson,Amanda Nunes,1.142857,6.0,b,0.931,6.0,0.7644,1
01f262b68a6a2223,2021-03-13,Manel Kape,Matheus Nicolau,2.1,1.769231,b,0.75,1.7692,0.1848,1
01f262b68a6a2223,2021-03-13,Matheus Nicolau,Manel Kape,2.1,1.769231,a,0.7778,2.1,0.3016,1
03bdbf2d18f3025d,2021-03-13,Rani Yahya,Ray Rodriguez,3.3,1.37037,a,0.7333,3.3,0.4303,1
03bdbf2d18f3025d,2021-03-13,Ray Rodriguez,Rani Yahya,3.3,1.37037,b,0.7419,1.3704,0.0122,0
18c67631b76c18e5,2021-03-13,Angela Hill,Ashley Yoder,3.7,1.30303,a,0.4375,3.7,0.1672,1
18c67631b76c18e5,2021-03-13,Ashley Yoder,Angela Hill,3.7,1.30303,b,0.4545,1.303,-0.3129,0
4944437e73071671,2021-03-13,Misha Cirkunov,Ryan Spann,1.8,2.05,b,0.8,2.05,0.3122,1
4944437e73071671,2021-03-13,Ryan Spann,Misha Cirkunov,1.8,2.05,a,0.8182,1.8,0.2626,1
70aa6b8f863e6861,2021-03-13,Jonathan Martinez,Davey Grant,3.5,1.333333,a,0.6667,3.5,0.381,1
70aa6b8f863e6861,2021-03-13,Davey Grant,Jonathan Martinez,3.5,1.333333,b,0.6154,1.3333,-0.1346,0
d0ebb0551377a1c1,2021-03-13,Matthew Semelsberger,Jason Witt,1.769231,2.1,a,1.0,1.7692,0.4348,1
d0ebb0551377a1c1,2021-03-13,Jason Witt,Matthew Semelsberger,1.769231,2.1,b,1.0,2.1,0.5238,1
d15a87087b6f1452,2021-03-13,Dan Ige,Gavin Tucker,1.526316,2.65,b,0.8,2.65,0.4226,1
d15a87087b6f1452,2021-03-13,Gavin Tucker,Dan Ige,1.526316,2.65,b,0.7647,2.65,0.3873,1
e8adfbbe0053c321,2021-03-13,Cortney Casey,JJ Aldrich,2.22,1.704225,b,0.5714,1.7042,-0.0153,0
e8adfbbe0053c321,2021-03-13,JJ Aldrich,Cortney Casey,2.22,1.704225,a,0.6,2.22,0.1495,1
2efbcd870f1f7bc7,2021-03-20,Derek Brunson,Kevin Holland,1.47619,2.75,b,0.8,2.75,0.4364,1
2efbcd870f1f7bc7,2021-03-20,Kevin Holland,Derek Brunson,1.47619,2.75,a,0.7619,1.4762,0.0845,1
68cf99b6551dc3b3,2021-03-20,Trevin Giles,Roman Dolidze,1.952381,1.869565,b,1.0,1.8696,0.4651,1
68cf99b6551dc3b3,2021-03-20,Roman Dolidze,Trevin Giles,1.952381,1.869565,a,0.8,1.9524,0.2878,1
a043e279434d5c8c,2021-03-20,Leonardo Santos,Grant Dawson,1.540541,2.6,a,1.0,1.5405,0.3509,1
a043e279434d5c8c,2021-03-20,Grant Dawson,Leonardo Santos,1.540541,2.6,a,1.0,1.5405,0.3509,1
afc86d1076c4c3a9,2021-03-20,Adrian Yanez,Gustavo Lopez,1.465116,2.78,a,1.0,1.4651,0.3175,1
afc86d1076c4c3a9,2021-03-20,Gustavo Lopez,Adrian Yanez,1.465116,2.78,b,1.0,2.78,0.6403,1
dcfbbebc0aee6ded,2021-03-20,Marion Reneau,Macy Chiasson,1.444444,2.85,b,0.8,2.85,0.4491,1
dcfbbebc0aee6ded,2021-03-20,Macy Chiasson,Marion Reneau,1.444444,2.85,a,0.8182,1.4444,0.1259,1
edac9fd482177a64,2021-03-20,Song Kenan,Max Griffin,2.65,1.526316,a,0.8,2.65,0.4226,1
edac9fd482177a64,2021-03-20,Max Griffin,Song Kenan,2.65,1.526316,b,0.7273,1.5263,0.0721,1
0aa335dbc4cb3473,2021-03-27,Sean O'Malley,Thomas Almeida,4.1,1.27027,a,0.8,4.1,0.5561,1
0aa335dbc4cb3473,2021-03-27,Thomas Almeida,Sean O'Malley,4.1,1.27027,b,0.8182,1.2703,0.0309,1
2220b73ece1730c3,2021-03-27,Shane Young,Omar Morales,2.7,1.5,b,0.6667,1.5,0.0,0
2220b73ece1730c3,2021-03-27,Omar Morales,Shane Young,2.7,1.5,a,0.7143,2.7,0.3439,1
390694c179f05c7f,2021-03-27,Jamie Mullarkey,Khama Worthy,1.740741,2.15,b,0.6667,2.15,0.2016,1
390694c179f05c7f,2021-03-27,Khama Worthy,Jamie Mullarkey,1.740741,2.15,a,0.5714,1.7407,-0.003,0
39d188fa9b95d550,2021-03-27,Tyron Woodley,Vicente Luque,1.5,2.7,b,0.8,2.7,0.4296,1
39d188fa9b95d550,2021-03-27,Vicente Luque,Tyron Woodley,1.5,2.7,a,0.8065,1.5,0.1398,1
41622791b276ad9e,2021-03-27,Marc-Andre Barriault,Abu Azaitar,2.07,1.787402,b,1.0,1.7874,0.4405,1
41622791b276ad9e,2021-03-27,Abu Azaitar,Marc-Andre Barriault,2.07,1.787402,a,0.6667,2.07,0.1836,1
4b3af85b0df51d09,2021-03-27,Jared Gooden,Abubakar Nurmagomedov,1.47619,2.75,a,0.5,1.4762,-0.1774,0
4b3af85b0df51d09,2021-03-27,Abubakar Nurmagomedov,Jared Gooden,1.47619,2.75,a,0.3333,1.4762,-0.3441,0
6002c24f0b7f8cc7,2021-03-27,Modestas Bukauskas,Michal Oleksiejczuk,1.564972,2.57,a,0.5,1.565,-0.139,0
6002c24f0b7f8cc7,2021-03-27,Michal Oleksiejczuk,Modestas Bukauskas,1.564972,2.57,a,0.5556,1.565,-0.0834,0
8317208cfb030ed3,2021-03-27,Gillian Robertson,Miranda Maverick,2.25,1.689655,b,1.0,1.6897,0.4082,1
8317208cfb030ed3,2021-03-27,Miranda Maverick,Gillian Robertson,2.25,1.689655,a,1.0,2.25,0.5556,1
b1eff235241e719b,2021-03-27,Stipe Miocic,Francis Ngannou,1.729927,2.17,b,0.8333,2.17,0.3725,1
b1eff235241e719b,2021-03-27,Francis Ngannou,Stipe Miocic,1.729927,2.17,a,0.84,1.7299,0.2619,1
0992795fd0fa06d0,2021-04-10,Nina Nunes,Mackenzie Dern,2.0,1.833333,b,0.8333,1.8333,0.2879,1
0992795fd0fa06d0,2021-04-10,Mackenzie Dern,Nina Nunes,2.0,1.833333,a,0.8462,2.0,0.3462,1
1fee9eca658d9808,2021-04-10,Hunter Azure,Jack Shore,2.6,1.540541,b,1.0,1.5405,0.3509,1
1fee9eca658d9808,2021-04-10,Jack Shore,Hunter Azure,2.6,1.540541,a,1.0,2.6,0.6154,1
3209bcfaf95de90b,2021-04-10,Impa Kasanganay,Sasha Palatnikov,1.4,3.1,b,1.0,3.1,0.6774,1
3209bcfaf95de90b,2021-04-10,Sasha Palatnikov,Impa Kasanganay,1.4,3.1,a,0.6667,1.4,-0.0476,0
444f0a732695dc81,2021-04-10,Yorgan De Castro,Jarjis Danho,1.322581,3.55,a,0.3333,1.3226,-0.4228,0
444f0a732695dc81,2021-04-10,Jarjis Danho,Yorgan De Castro,1.322581,3.55,a,0.3333,1.3226,-0.4228,0
646eeca9447c6965,2021-04-10,Sam Alvey,Julian Marquez,1.689655,2.25,b,0.6667,2.25,0.2222,1
646eeca9447c6965,2021-04-10,Julian Marquez,Sam Alvey,1.689655,2.25,a,0.7143,1.6897,0.1224,1
71b81d8199a0fa19,2021-04-10,Arnold Allen,Sodiq Yusuff,2.35,1.645161,a,1.0,2.35,0.5745,1
71b81d8199a0fa19,2021-04-10,Sodiq Yusuff,Arnold Allen,2.35,1.645161,b,1.0,1.6452,0.3922,1
998296216e7171ed,2021-04-10,Scott Holtzman,Mateusz Gamrot,1.444444,2.85,a,0.6364,1.4444,-0.0559,0
998296216e7171ed,2021-04-10,Mateusz Gamrot,Scott Holtzman,1.444444,2.85,b,0.6087,2.85,0.2578,1
ac9a8b73e58f3d71,2021-04-10,Mike Perry,Daniel Rodriguez,1.833333,2.0,b,0.75,2.0,0.25,1
ac9a8b73e58f3d71,2021-04-10,Daniel Rodriguez,Mike Perry,1.833333,2.0,a,0.7778,1.8333,0.2323,1
cd5d9828b278181a,2021-04-10,Da Woon Jung,William Knight,2.27,1.680272,a,1.0,2.27,0.5595,1
cd5d9828b278181a,2021-04-10,William Knight,Da Woon Jung,2.27,1.680272,b,1.0,1.6803,0.4049,1
ddd63237f1b857a6,2021-04-10,Marvin Vettori,Kevin Holland,3.45,1.344828,a,0.75,3.45,0.4601,1
ddd63237f1b857a6,2021-04-10,Kevin Holland,Marvin Vettori,3.45,1.344828,b,0.7647,1.3448,0.0211,0
e27c28928ed4390f,2021-04-10,Jim Miller,Joe Solecki,1.408163,3.05,b,1.0,3.05,0.6721,1
e27c28928ed4390f,2021-04-10,Joe Solecki,Jim Miller,1.408163,3.05,a,1.0,1.4082,0.2899,1
0b2c3c4306620d6d,2021-04-17,Tracy Cortez,Justine Kish,1.307692,3.65,a,1.0,1.3077,0.2353,1
0b2c3c4306620d6d,2021-04-17,Justine Kish,Tracy Cortez,1.307692,3.65,b,1.0,3.65,0.726,1
24ff385ca78c80d3,2021-04-17,Tony Gravely,Anthony Birchak,1.25641,4.2,a,0.5,1.2564,-0.2959,0
24ff385ca78c80d3,2021-04-17,Anthony Birchak,Tony Gravely,1.25641,4.2,b,0.6,4.2,0.3619,1
627c0a50cff30405,2021-04-17,Bartosz Fabinski,Gerald Meerschaert,2.05,1.8,a,0.6,2.05,0.1122,1
627c0a50cff30405,2021-04-17,Gerald Meerschaert,Bartosz Fabinski,2.05,1.8,b,0.5455,1.8,-0.0101,0
a33ecd2c88154890,2021-04-17,Luis Pena,Alexander Munoz,1.645161,2.35,a,0.5714,1.6452,-0.0364,0
a33ecd2c88154890,2021-04-17,Alexander Munoz,Luis Pena,1.645161,2.35,b,0.6,2.35,0.1745,1
a850ba762f3c5334,2021-04-17,Abdul Razak Alhassan,Jacob Malkoun,3.5,1.333333,a,0.5714,3.5,0.2857,1
a850ba762f3c5334,2021-04-17,Jacob Malkoun,Abdul Razak Alhassan,3.5,1.333333,b,0.5333,1.3333,-0.2167,0
f2c82f027201ba21,2021-04-17,Andrei Arlovski,Chase Sherman,1.769231,2.1,a,0.5806,1.7692,0.0154,0
f2c82f027201ba21,2021-04-17,Chase Sherman,Andrei Arlovski,1.769231,2.1,b,0.5873,2.1,0.1111,1
f67aa0b16e16a9ea,2021-04-17,Robert Whittaker,Kelvin Gastelum,3.05,1.408163,a,0.8125,3.05,0.4846,1
f67aa0b16e16a9ea,2021-04-17,Kelvin Gastelum,Robert Whittaker,3.05,1.408163,b,0.8182,1.4082,0.108,1
fdfe4e7cb2d0b665,2021-04-17,Alexandr Romanov,Juan Espino,1.625,2.4,a,1.0,1.625,0.3846,1
fdfe4e7cb2d0b665,2021-04-17,Juan Espino,Alexandr Romanov,1.625,2.4,b,1.0,2.4,0.5833,1
00bbcd4a6d647fdf,2021-04-24,Anthony Smith,Jimmy Crute,1.4,3.1,b,0.8,3.1,0.4774,1
00bbcd4a6d647fdf,2021-04-24,Jimmy Crute,Anthony Smith,1.4,3.1,a,0.7273,1.4,0.013,0
1820fed0fbcf6294,2021-04-24,Uriah Hall,Chris Weidman,1.625,2.4,b,0.6875,2.4,0.2708,1
1820fed0fbcf6294,2021-04-24,Chris Weidman,Uriah Hall,1.625,2.4,a,0.6667,1.625,0.0513,1
34d2632fd26e7078,2021-04-24,Valentina Shevchenko,Jessica Andrade,1.222222,4.6,a,0.8182,1.2222,-0.0,0
34d2632fd26e7078,2021-04-24,Jessica Andrade,Valentina Shevchenko,1.222222,4.6,b,0.8261,4.6,0.6087,1
512af32553d9bd70,2021-04-24,Alex Oliveira,Randy Brown,2.05,1.8,a,0.6111,2.05,0.1233,1
512af32553d9bd70,2021-04-24,Randy Brown,Alex Oliveira,2.05,1.8,a,0.619,2.05,0.1312,1
6a5eb525331fa1fc,2021-04-24,Kamaru Usman,Jorge Masvidal,3.6,1.3125,a,1.0,3.6,0.7222,1
6a5eb525331fa1fc,2021-04-24,Jorge Masvidal,Kamaru Usman,3.6,1.3125,b,1.0,1.3125,0.2381,1
6d8da45352344964,2021-04-24,Zhang Weili,Rose Namajunas,1.5,2.7,a,1.0,1.5,0.3333,1
6d8da45352344964,2021-04-24,Rose Namajunas,Zhang Weili,1.5,2.7,b,0.9091,2.7,0.5387,1
c5dfce1eaa2dc169,2021-04-24,Dwight Grant,Stefan Sekulic,2.55,1.571429,a,0.5,2.55,0.1078,1
c5dfce1eaa2dc169,2021-04-24,Stefan Sekulic,Dwight Grant,2.55,1.571429,b,0.5556,1.5714,-0.0808,0
f5dd0a24a7dba53c,2021-04-24,Karl Roberson,Brendan Allen,1.740741,2.15,b,0.75,2.15,0.2849,1
f5dd0a24a7dba53c,2021-04-24,Brendan Allen,Karl Roberson,1.740741,2.15,a,0.7778,1.7407,0.2033,1
26202a4bd36d3fd2,2021-05-01,Merab Dvalishvili,Cody Stamann,3.45,1.344828,a,0.7143,3.45,0.4244,1
26202a4bd36d3fd2,2021-05-01,Cody Stamann,Merab Dvalishvili,3.45,1.344828,b,0.7333,1.3448,-0.0103,0
2ef09c8fe29251ac,2021-05-01,Poliana Botelho,Luana Carolina,3.05,1.408163,a,0.6,3.05,0.2721,1
2ef09c8fe29251ac,2021-05-01,Luana Carolina,Poliana Botelho,3.05,1.408163,a,0.6,3.05,0.2721,1
2f82e8079ba354f4,2021-05-01,Giga Chikadze,Cub Swanson,1.454545,2.8,a,1.0,1.4545,0.3125,1
2f82e8079ba354f4,2021-05-01,Cub Swanson,Giga Chikadze,1.454545,2.8,b,1.0,2.8,0.6429,1
394802bb096b403e,2021-05-01,Dominick Reyes,Jiri Prochazka,2.0,1.833333,b,1.0,1.8333,0.4545,1
394802bb096b403e,2021-05-01,Jiri Prochazka,Dominick Reyes,2.0,1.833333,a,1.0,2.0,0.5,1
3d790112d2e6d851,2021-05-01,Luke Sanders,Felipe Colares,1.787402,2.07,a,0.4286,1.7874,-0.1309,0
3d790112d2e6d851,2021-05-01,Felipe Colares,Luke Sanders,1.787402,2.07,a,0.4286,1.7874,-0.1309,0
78dc032441394331,2021-05-01,Andreas Michailidis,KB Bhullar,1.526316,2.65,a,0.5,1.5263,-0.1552,0
78dc032441394331,2021-05-01,KB Bhullar,Andreas Michailidis,1.526316,2.65,b,0.3333,2.65,-0.044,0
d6b5a6ad27a730ae,2021-05-01,Loma Lookboonmee,Sam Hughes,1.238095,4.35,a,0.6667,1.2381,-0.141,0
d6b5a6ad27a730ae,2021-05-01,Sam Hughes,Loma Lookboonmee,1.238095,4.35,b,0.7143,4.35,0.4844,1
d72f9b3ac742a9e3,2021-05-01,Kai Kamaka,TJ Brown,2.42,1.617284,a,0.5,2.42,0.0868,1
d72f9b3ac742a9e3,2021-05-01,TJ Brown,Kai Kamaka,2.42,1.617284,b,0.4,1.6173,-0.2183,0
ffd8e8575a551875,2021-05-01,Sean Strickland,Krzysztof Jotko,1.408163,3.05,a,0.75,1.4082,0.0399,1
ffd8e8575a551875,2021-05-01,Krzysztof Jotko,Sean Strickland,1.408163,3.05,b,0.76,3.05,0.4321,1
00fbeda449926c13,2021-05-08,Phil Hawes,Kyle Daukaus,2.32,1.657895,a,1.0,2.32,0.569,1
00fbeda449926c13,2021-05-08,Kyle Daukaus,Phil Hawes,2.32,1.657895,b,1.0,1.6579,0.3968,1
178c4926223dca0c,2021-05-08,Neil Magny,Geoff Neal,2.55,1.5,b,0.8333,1.5,0.1667,1
178c4926223dca0c,2021-05-08,Geoff Neal,Neil Magny,2.55,1.5,a,0.7692,2.55,0.3771,1
295a0bf12a7373c0,2021-05-08,Diego Ferreira,Gregor Gillespie,1.704225,2.22,b,0.8571,2.22,0.4067,1
295a0bf12a7373c0,2021-05-08,Gregor Gillespie,Diego Ferreira,1.704225,2.22,a,0.8667,1.7042,0.2799,1
3f71ac21472f994c,2021-05-08,Maurice Greene,Marcos Rogerio de Lima,2.57,1.564972,a,0.5714,2.57,0.1823,1
3f71ac21472f994c,2021-05-08,Marcos Rogerio de Lima,Maurice Greene,2.57,1.564972,a,0.5652,2.57,0.1761,1
4ffbadfb86284af5,2021-05-08,Ludovit Klein,Michael Trizano,1.4,3.1,a,1.0,1.4,0.2857,1
4ffbadfb86284af5,2021-05-08,Michael Trizano,Ludovit Klein,1.4,3.1,a,0.7143,1.4,0.0,0
8a95f0e3f9111f0c,2021-05-08,JunYong Park,Tafon Nchukwi,2.35,1.645161,b,1.0,1.6452,0.3922,1
8a95f0e3f9111f0c,2021-05-08,Tafon Nchukwi,JunYong Park,2.35,1.645161,b,0.7143,1.6452,0.1064,1
b948102c6205af63,2021-05-08,Marina Rodriguez,Michelle Waterson-Gomez,1.425532,2.95,a,0.75,1.4255,0.0485,1
b948102c6205af63,2021-05-08,Michelle Waterson-Gomez,Marina Rodriguez,1.425532,2.95,b,0.7778,2.95,0.4388,1
db2c805201a3116e,2021-05-08,Donald Cerrone,Alex Morono,1.666667,2.3,a,0.6571,1.6667,0.0571,1
db2c805201a3116e,2021-05-08,Alex Morono,Donald Cerrone,1.666667,2.3,a,0.6522,1.6667,0.0522,1
2b894d87ad9aae05,2021-05-15,Andrea Lee,Antonina Shevchenko,2.0,1.833333,b,0.6,1.8333,0.0545,1
2b894d87ad9aae05,2021-05-15,Antonina Shevchenko,Andrea Lee,2.0,1.833333,a,0.5455,2.0,0.0455,1
5573d46130d6b967,2021-05-15,Jordan Wright,Jamie Pickett,1.892857,1.925926,a,0.5,1.8929,-0.0283,0
5573d46130d6b967,2021-05-15,Jamie Pickett,Jordan Wright,1.892857,1.925926,b,0.6,1.9259,0.0808,1
6655a8da2655f2d0,2021-05-15,Shane Burgos,Edson Barboza,2.27,1.680272,a,0.75,2.27,0.3095,1
6655a8da2655f2d0,2021-05-15,Edson Barboza,Shane Burgos,2.27,1.680272,b,0.7059,1.6803,0.1107,1
8cb4e3f056a84b0d,2021-05-15,Katlyn Cerminara,Viviane Araujo,2.07,1.787402,b,0.8,1.7874,0.2405,1
8cb4e3f056a84b0d,2021-05-15,Viviane Araujo,Katlyn Cerminara,2.07,1.787402,a,0.7273,2.07,0.2442,1
be2e28ba3bdeb400,2021-05-15,Lando Vannata,Mike Grundy,1.8,2.05,b,0.5,2.05,0.0122,0
be2e28ba3bdeb400,2021-05-15,Mike Grundy,Lando Vannata,1.8,2.05,b,0.4118,2.05,-0.076,0
bfd672cac0726a9a,2021-05-15,Gina Mazany,Priscila Cachoeira,1.425532,2.95,a,0.3333,1.4255,-0.3682,0
bfd672cac0726a9a,2021-05-15,Priscila Cachoeira,Gina Mazany,1.425532,2.95,a,0.3333,1.4255,-0.3682,0
ca22bafab913aae7,2021-05-15,Jacare Souza,Andre Muniz,1.854701,1.970874,b,1.0,1.9709,0.4926,1
ca22bafab913aae7,2021-05-15,Andre Muniz,Jacare Souza,1.854701,1.970874,a,1.0,1.8547,0.4608,1
cfbaeb80b5ff7c00,2021-05-15,Tony Ferguson,Beneil Dariush,1.680272,2.27,a,0.8333,1.6803,0.2382,1
cfbaeb80b5ff7c00,2021-05-15,Beneil Dariush,Tony Ferguson,1.680272,2.27,b,0.8108,2.27,0.3703,1
de332779baa1b103,2021-05-15,Christos Giagos,Sean Soriano,2.85,1.444444,a,0.5,2.85,0.1491,1
de332779baa1b103,2021-05-15,Sean Soriano,Christos Giagos,2.85,1.444444,b,0.5294,1.4444,-0.1629,0
fef29aa73bd5b907,2021-05-15,Charles Oliveira,Michael Chandler,1.769231,2.1,b,1.0,2.1,0.5238,1
fef29aa73bd5b907,2021-05-15,Michael Chandler,Charles Oliveira,1.769231,2.1,b,0.6981,2.1,0.2219,1
138f719d370e8ba0,2021-05-22,Felicia Spencer,Norma Dumont,1.561798,2.57,a,0.5,1.5618,-0.1403,0
138f719d370e8ba0,2021-05-22,Norma Dumont,Felicia Spencer,1.561798,2.57,a,0.6,1.5618,-0.0403,0
16369fa06392f6a0,2021-05-22,Yan Xiaonan,Carla Esparza,1.729927,2.17,a,1.0,1.7299,0.4219,1
16369fa06392f6a0,2021-05-22,Carla Esparza,Yan Xiaonan,1.729927,2.17,b,0.9231,2.17,0.4622,1
559c0c3d752f327a,2021-05-22,Justin Tafa,Jared Vanderaa,2.57,1.561798,a,0.3333,2.57,-0.0558,0
559c0c3d752f327a,2021-05-22,Jared Vanderaa,Justin Tafa,2.57,1.561798,a,0.3333,2.57,-0.0558,0
7f8340dfe4220c3e,2021-05-22,Jack Hermansson,Edmen Shahbazyan,1.757576,2.12,b,0.8,2.12,0.3283,1
7f8340dfe4220c3e,2021-05-22,Edmen Shahbazyan,Jack Hermansson,1.757576,2.12,a,0.7273,1.7576,0.1583,1
ae0afbff5ba07a34,2021-05-22,Ricardo Ramos,Bill Algeo,2.25,1.689655,a,0.7143,2.25,0.2698,1
ae0afbff5ba07a34,2021-05-22,Bill Algeo,Ricardo Ramos,2.25,1.689655,b,0.7333,1.6897,0.1415,1
b381dc272b32ce03,2021-05-22,Bruno Silva,Victor Rodriguez,1.28169,3.95,a,0.3333,1.2817,-0.4469,0
b381dc272b32ce03,2021-05-22,Victor Rodriguez,Bruno Silva,1.28169,3.95,b,0.4286,3.95,0.1754,1
d16f7ab4e28171ea,2021-05-22,Rob Font,Cody Garbrandt,1.769231,2.1,a,0.7273,1.7692,0.1621,1
d16f7ab4e28171ea,2021-05-22,Cody Garbrandt,Rob Font,1.769231,2.1,b,0.7391,2.1,0.2629,1
e624d85a0d718578,2021-05-22,Court McGee,Claudio Silva,2.05,1.8,b,0.8333,1.8,0.2778,1
e624d85a0d718578,2021-05-22,Claudio Silva,Court McGee,2.05,1.8,a,0.7692,2.05,0.2814,1
0716a38768a34789,2021-06-05,Tanner Boser,Ilir Latifi,1.5,2.6,a,0.6,1.5,-0.0667,0
0716a38768a34789,2021-06-05,Ilir Latifi,Tanner Boser,1.5,2.6,a,0.5556,1.5,-0.1111,0
23b943e9ce495f0b,2021-06-05,Francisco Trinaldo,Muslim Salikhov,1.434783,2.8,b,0.8,2.8,0.4429,1
23b943e9ce495f0b,2021-06-05,Muslim Salikhov,Francisco Trinaldo,1.434783,2.8,a,0.8182,1.4348,0.1212,1
2c0cddd12deb7450,2021-06-05,Jairzinho Rozenstruik,Augusto Sakai,1.847458,1.943396,b,0.8,1.9434,0.2854,1
2c0cddd12deb7450,2021-06-05,Augusto Sakai,Jairzinho Rozenstruik,1.847458,1.943396,b,0.7333,1.9434,0.2188,1
58c5d506181812fa,2021-06-05,Claudio Puelles,Jordan Leavitt,1.465116,2.65,b,1.0,2.65,0.6226,1
58c5d506181812fa,2021-06-05,Jordan Leavitt,Claudio Puelles,1.465116,2.65,b,0.7143,2.65,0.3369,1
5c0e5d850d8e661f,2021-06-05,Santiago Ponzinibbio,Miguel Baeza,2.05,1.746269,b,1.0,1.7463,0.4274,1
5c0e5d850d8e661f,2021-06-05,Miguel Baeza,Santiago Ponzinibbio,2.05,1.746269,a,0.8571,2.05,0.3693,1
73a83b2595416f0a,2021-06-05,Sean Woodson,Youssef Zalal,1.5,2.6,b,0.6,2.6,0.2154,1
73a83b2595416f0a,2021-06-05,Youssef Zalal,Sean Woodson,1.5,2.6,b,0.6,2.6,0.2154,1
bb6438338bb8aebf,2021-06-05,Roman Dolidze,Laureano Staropoli,1.666667,2.2,a,0.6667,1.6667,0.0667,1
bb6438338bb8aebf,2021-06-05,Laureano Staropoli,Roman Dolidze,1.666667,2.2,b,0.7143,2.2,0.2597,1
f187c7ec92f43828,2021-06-05,Walt Harris,Marcin Tybura,2.4,1.564972,b,0.6154,1.565,-0.0236,0
f187c7ec92f43828,2021-06-05,Marcin Tybura,Walt Harris,2.4,1.564972,a,0.6296,2.4,0.213,1
0f51869f98afa6c0,2021-06-12,Deiveson Figueiredo,Brandon Moreno,2.5,1.512821,a,0.9,2.5,0.5,1
0f51869f98afa6c0,2021-06-12,Brandon Moreno,Deiveson Figueiredo,2.5,1.512821,b,0.8571,1.5128,0.1961,1
1b4d5dbf5f663a97,2021-06-12,Carlos Felipe,Jake Collier,2.3,1.606061,a,0.6667,2.3,0.2319,1
1b4d5dbf5f663a97,2021-06-12,Jake Collier,Carlos Felipe,2.3,1.606061,b,0.7143,1.6061,0.0916,1
34d38d77c1d3f00e,2021-06-12,Pannie Kianzad,Alexis Davis,2.87,1.416667,a,0.6,2.87,0.2516,1
34d38d77c1d3f00e,2021-06-12,Alexis Davis,Pannie Kianzad,2.87,1.416667,b,0.6364,1.4167,-0.0695,0
43dfb2c1e5fecac9,2021-06-12,Demian Maia,Belal Muhammad,2.7,1.454545,b,0.75,1.4545,0.0625,1
43dfb2c1e5fecac9,2021-06-12,Belal Muhammad,Demian Maia,2.7,1.454545,a,0.76,2.7,0.3896,1
4560734220b96851,2021-06-12,Paul Craig,Jamahal Hill,1.363636,3.1,b,1.0,3.1,0.6774,1
4560734220b96851,2021-06-12,Jamahal Hill,Paul Craig,1.363636,3.1,a,0.8,1.3636,0.0667,1
6cd44e1b2d093ea4,2021-06-12,Israel Adesanya,Marvin Vettori,1.425532,2.85,a,0.9,1.4255,0.1985,1
6cd44e1b2d093ea4,2021-06-12,Marvin Vettori,Israel Adesanya,1.425532,2.85,b,0.9048,2.85,0.5539,1
7d2051c6bae907cb,2021-06-12,Drew Dober,Brad Riddell,2.2,1.657895,b,1.0,1.6579,0.3968,1
7d2051c6bae907cb,2021-06-12,Brad Riddell,Drew Dober,2.2,1.657895,a,1.0,2.2,0.5455,1
84cde29aebf6c00c,2021-06-12,Chase Hooper,Steven Peterson,1.925926,1.877193,a,0.6667,1.9259,0.1474,1
84cde29aebf6c00c,2021-06-12,Steven Peterson,Chase Hooper,1.925926,1.877193,b,0.5714,1.8772,0.0387,1
9127a6430e46292c,2021-06-12,Eryk Anders,Darren Stewart,2.2,1.666667,a,0.5,2.2,0.0455,1
9127a6430e46292c,2021-06-12,Darren Stewart,Eryk Anders,2.2,1.666667,b,0.5238,1.6667,-0.0762,0
b070b8c2c489d838,2021-06-12,Leon Edwards,Nate Diaz,4.55,1.2,a,0.8333,4.55,0.6136,1
b070b8c2c489d838,2021-06-12,Nate Diaz,Leon Edwards,4.55,1.2,b,0.84,1.2,0.0067,0
d66164d2c770da68,2021-06-12,Movsar Evloev,Hakeem Dawodu,2.88,1.416667,a,1.0,2.88,0.6528,1
d66164d2c770da68,2021-06-12,Hakeem Dawodu,Movsar Evloev,2.88,1.416667,b,1.0,1.4167,0.2941,1
dedb74ee9d84deab,2021-06-12,Fares Ziam,Luigi Vendramini,1.8,2.02,a,0.5,1.8,-0.0556,0
dedb74ee9d84deab,2021-06-12,Luigi Vendramini,Fares Ziam,1.8,2.02,b,0.6,2.02,0.105,1
1e9f081a84e7ec18,2021-06-19,Joaquim Silva,Ricky Glenn,2.05,1.746269,a,0.6667,2.05,0.1789,1
1e9f081a84e7ec18,2021-06-19,Ricky Glenn,Joaquim Silva,2.05,1.746269,b,0.6154,1.7463,0.0427,1
2bdf774dc8b17504,2021-06-19,Matt Brown,Dhiego Lima,2.45,1.537634,a,0.5556,2.45,0.1474,1
2bdf774dc8b17504,2021-06-19,Dhiego Lima,Matt Brown,2.45,1.537634,b,0.5636,1.5376,-0.0867,0
50cae63d530ede7c,2021-06-19,Chan Sung Jung,Dan Ige,1.617284,2.3,b,0.7778,2.3,0.343,1
50cae63d530ede7c,2021-06-19,Dan Ige,Chan Sung Jung,1.617284,2.3,a,0.7368,1.6173,0.1185,1
53ed3f8f653b37b2,2021-06-19,Kanako Murata,Virna Jandiroba,1.719424,2.12,a,1.0,1.7194,0.4184,1
53ed3f8f653b37b2,2021-06-19,Virna Jandiroba,Kanako Murata,1.719424,2.12,b,0.6667,2.12,0.195,1
6fd9a013cea5a403,2021-06-19,Aleksei Oleinik,Serghei Spivac,3.0,1.377358,b,0.6,1.3774,-0.126,0
6fd9a013cea5a403,2021-06-19,Serghei Spivac,Aleksei Oleinik,3.0,1.377358,a,0.6364,3.0,0.303,1
744627aec853874e,2021-06-19,Aleksa Camur,Nicolae Negumereanu,3.0,1.377358,a,0.5,3.0,0.1667,1
744627aec853874e,2021-06-19,Nicolae Negumereanu,Aleksa Camur,3.0,1.377358,b,0.4,1.3774,-0.326,0
87c8e086c29ae543,2021-06-19,Khaos Williams,Matthew Semelsberger,1.617284,2.3,b,1.0,2.3,0.5652,1
87c8e086c29ae543,2021-06-19,Matthew Semelsberger,Khaos Williams,1.617284,2.3,a,0.8,1.6173,0.1817,1
a83ebbf013905949,2021-06-19,Marlon Vera,Davey Grant,2.8,1.434783,a,0.625,2.8,0.2679,1
a83ebbf013905949,2021-06-19,Davey Grant,Marlon Vera,2.8,1.434783,b,0.6364,1.4348,-0.0606,0
d3c0dfa57950aefd,2021-06-19,Julian Erosa,SeungWoo Choi,2.2,1.666667,b,0.5,1.6667,-0.1,0
d3c0dfa57950aefd,2021-06-19,SeungWoo Choi,Julian Erosa,2.2,1.666667,a,0.5556,2.2,0.101,1
d684d8b02ab53031,2021-06-19,Casey O'Neill,Lara Procopio,2.35,1.598802,a,1.0,2.35,0.5745,1
d684d8b02ab53031,2021-06-19,Lara Procopio,Casey O'Neill,2.35,1.598802,b,1.0,1.5988,0.3745,1
e8fd128286788a6d,2021-06-19,Josh Parisian,Roque Martinez,2.2,1.645161,a,0.5,2.2,0.0455,1
e8fd128286788a6d,2021-06-19,Roque Martinez,Josh Parisian,2.2,1.645161,b,0.3333,1.6452,-0.2745,0
086c2a0cae0835c4,2021-06-26,Shavkat Rakhmonov,Michel Prazeres,1.327869,3.35,a,1.0,1.3279,0.2469,1
086c2a0cae0835c4,2021-06-26,Michel Prazeres,Shavkat Rakhmonov,1.327869,3.35,b,1.0,3.35,0.7015,1
0eac7075bf3d7ab7,2021-06-26,Julia Avila,Julija Stoliarenko,1.266667,3.75,a,0.6667,1.2667,-0.1228,0
0eac7075bf3d7ab7,2021-06-26,Julija Stoliarenko,Julia Avila,1.266667,3.75,b,0.7143,3.75,0.4476,1
23c7c6ceee34585f,2021-06-26,Yancy Medeiros,Damir Hadzovic,1.666667,2.2,a,0.4615,1.6667,-0.1385,0
23c7c6ceee34585f,2021-06-26,Damir Hadzovic,Yancy Medeiros,1.666667,2.2,a,0.4667,1.6667,-0.1333,0
4341ebb5a56e6943,2021-06-26,Renato Moicano,Jai Herbert,2.95,1.4,a,0.6,2.95,0.261,1
4341ebb5a56e6943,2021-06-26,Jai Herbert,Renato Moicano,2.95,1.4,b,0.619,1.4,-0.0952,0
5357dab4d331eb18,2021-06-26,Charles Rosa,Justin Jaynes,2.4,1.564972,a,0.4444,2.4,0.0278,0
5357dab4d331eb18,2021-06-26,Justin Jaynes,Charles Rosa,2.4,1.564972,b,0.4737,1.565,-0.1653,0
78afed76d0e9a639,2021-06-26,Ciryl Gane,Alexander Volkov,2.25,1.645161,a,1.0,2.25,0.5556,1
78afed76d0e9a639,2021-06-26,Alexander Volkov,Ciryl Gane,2.25,1.645161,b,1.0,1.6452,0.3922,1
85099c6378ff87c5,2021-06-26,Kennedy Nzechukwu,Danilo Marques,2.1,1.735294,b,1.0,1.7353,0.4237,1
85099c6378ff87c5,2021-06-26,Danilo Marques,Kennedy Nzechukwu,2.1,1.735294,a,0.8,2.1,0.3238,1
c9283da5f4d7aaf4,2021-06-26,Tim Means,Nicolas Dalby,1.699301,2.13,b,0.6,2.13,0.1305,1
c9283da5f4d7aaf4,2021-06-26,Nicolas Dalby,Tim Means,1.699301,2.13,b,0.6,2.13,0.1305,1
ce0fda34122f3d48,2021-06-26,Raoni Barcelos,Timur Valiev,2.8,1.434783,a,1.0,2.8,0.6429,1
ce0fda34122f3d48,2021-06-26,Timur Valiev,Raoni Barcelos,2.8,1.434783,a,1.0,2.8,0.6429,1
d40eae4425092219,2021-06-26,Tanner Boser,Ovince Saint Preux,1.512821,2.53,b,0.5652,2.53,0.17,1
d40eae4425092219,2021-06-26,Ovince Saint Preux,Tanner Boser,1.512821,2.53,a,0.5532,1.5128,-0.1078,0
d988760df61f027c,2021-06-26,Marcin Prachnio,Ike Villanueva,1.444444,2.8,b,0.3333,2.8,-0.0238,0
d988760df61f027c,2021-06-26,Ike Villanueva,Marcin Prachnio,1.444444,2.8,b,0.3333,2.8,-0.0238,0
07468b6347ac5e3d,2021-07-10,Ryan Hall,Ilia Topuria,1.425532,2.85,a,1.0,1.4255,0.2985,1
07468b6347ac5e3d,2021-07-10,Ilia Topuria,Ryan Hall,1.425532,2.85,a,1.0,1.4255,0.2985,1
1aba46988c9b58f9,2021-07-10,Omari Akhmedov,Brad Tavares,1.617284,2.3,a,0.6923,1.6173,0.074,1
1aba46988c9b58f9,2021-07-10,Brad Tavares,Omari Akhmedov,1.617284,2.3,a,0.6923,1.6173,0.074,1
3740c8033e31c90d,2021-07-10,Irene Aldana,Yana Santos,1.869565,1.934579,b,0.6667,1.9346,0.1498,1
3740c8033e31c90d,2021-07-10,Yana Santos,Irene Aldana,1.869565,1.934579,a,0.6154,1.8696,0.0805,1
53b480b44b0b51f1,2021-07-10,Tai Tuivasa,Greg Hardy,2.05,1.769231,a,0.625,2.05,0.1372,1
53b480b44b0b51f1,2021-07-10,Greg Hardy,Tai Tuivasa,2.05,1.769231,b,0.6471,1.7692,0.0818,1
5d5bf07dbfada0e3,2021-07-10,Jennifer Maia,Jessica Eye,1.5,2.62,a,0.5,1.5,-0.1667,0
5d5bf07dbfada0e3,2021-07-10,Jessica Eye,Jennifer Maia,1.5,2.62,b,0.5385,2.62,0.1568,1
7070abfa26c079b8,2021-07-10,Carlos Condit,Max Griffin,1.526316,2.5,a,0.5,1.5263,-0.1552,0
7070abfa26c079b8,2021-07-10,Max Griffin,Carlos Condit,1.526316,2.5,b,0.4865,2.5,0.0865,1
7d0ce28ce8a77eb1,2021-07-10,Dustin Poirier,Conor McGregor,1.775194,2.0,a,0.7917,1.7752,0.2283,1
7d0ce28ce8a77eb1,2021-07-10,Conor McGregor,Dustin Poirier,1.775194,2.0,b,0.7959,2.0,0.2959,1
8245791a3d3403c6,2021-07-10,Gilbert Burns,Stephen Thompson,2.3,1.617284,a,0.75,2.3,0.3152,1
8245791a3d3403c6,2021-07-10,Stephen Thompson,Gilbert Burns,2.3,1.617284,b,0.7576,1.6173,0.1393,1
858feabaf429a963,2021-07-10,Trevin Giles,Dricus Du Plessis,1.847458,1.943396,b,1.0,1.9434,0.4854,1
858feabaf429a963,2021-07-10,Dricus Du Plessis,Trevin Giles,1.847458,1.943396,a,1.0,1.8475,0.4587,1
96bbb6c573dac27a,2021-07-10,Niko Price,Michel Pereira,1.537634,2.5,a,0.6,1.5376,-0.0503,0
96bbb6c573dac27a,2021-07-10,Michel Pereira,Niko Price,1.537634,2.5,a,0.6364,1.5376,-0.014,0
ac0a1d87e9ff4085,2021-07-10,Zhalgas Zhumagulov,Jerome Rivera,1.31746,3.4,a,0.5,1.3175,-0.259,0
ac0a1d87e9ff4085,2021-07-10,Jerome Rivera,Zhalgas Zhumagulov,1.31746,3.4,b,0.2,3.4,-0.0941,0
49876b12d440af40,2021-07-17,Francisco Figueiredo,Malcolm Gordon,1.322581,3.45,a,1.0,1.3226,0.2439,1
49876b12d440af40,2021-07-17,Malcolm Gordon,Francisco Figueiredo,1.322581,3.45,b,0.6667,3.45,0.3768,1
72105dd82d964e7a,2021-07-17,Jeremy Stephens,Mateusz Gamrot,3.2,1.363636,b,0.5,1.3636,-0.2333,0
72105dd82d964e7a,2021-07-17,Mateusz Gamrot,Jeremy Stephens,3.2,1.363636,a,0.6,3.2,0.2875,1
7d4c160dab6eae73,2021-07-17,Islam Makhachev,Thiago Moises,1.111111,7.0,a,0.8889,1.1111,-0.0111,0
7d4c160dab6eae73,2021-07-17,Thiago Moises,Islam Makhachev,1.111111,7.0,b,0.8947,7.0,0.7519,1
813444e109995c97,2021-07-17,Rodolfo Vieira,Dustin Stoltzfus,1.47619,2.75,a,0.6667,1.4762,-0.0108,0
813444e109995c97,2021-07-17,Dustin Stoltzfus,Rodolfo Vieira,1.47619,2.75,b,0.7143,2.75,0.3506,1
93d5452726f5f364,2021-07-17,Khalid Taha,Sergey Morozov,2.2,1.714286,a,0.3333,2.2,-0.1212,0
93d5452726f5f364,2021-07-17,Sergey Morozov,Khalid Taha,2.2,1.714286,a,0.3333,2.2,-0.1212,0
940701effe1d2b6c,2021-07-17,Gabriel Benitez,Billy Quarantillo,1.666667,2.3,b,0.75,2.3,0.3152,1
940701effe1d2b6c,2021-07-17,Billy Quarantillo,Gabriel Benitez,1.666667,2.3,a,0.7778,1.6667,0.1778,1
c5e71fbf22f669f7,2021-07-17,Amanda Lemos,Montserrat Conejo Ruiz,5.35,1.166667,b,1.0,1.1667,0.1429,1
c5e71fbf22f669f7,2021-07-17,Montserrat Conejo Ruiz,Amanda Lemos,5.35,1.166667,b,0.7778,1.1667,-0.0794,0
f0b83b05f3dd9580,2021-07-17,Marion Reneau,Miesha Tate,1.555556,2.55,b,0.5556,2.55,0.1634,1
f0b83b05f3dd9580,2021-07-17,Miesha Tate,Marion Reneau,1.555556,2.55,a,0.5789,1.5556,-0.0639,0
1bde9cb65d31cc76,2021-07-24,Darren Elkins,Darrick Minner,1.645161,2.3,b,0.6667,2.3,0.2319,1
1bde9cb65d31cc76,2021-07-24,Darrick Minner,Darren Elkins,1.645161,2.3,b,0.6596,2.3,0.2248,1
1be65a0d2c1383f6,2021-07-24,Mickey Gall,Jordan Williams,2.5,1.588235,a,0.625,2.5,0.225,1
1be65a0d2c1383f6,2021-07-24,Jordan Williams,Mickey Gall,2.5,1.588235,b,0.6471,1.5882,0.0174,0
214b268e4a92f950,2021-07-24,Cory Sandhagen,TJ Dillashaw,1.47619,2.75,a,0.875,1.4762,0.1976,1
214b268e4a92f950,2021-07-24,TJ Dillashaw,Cory Sandhagen,1.47619,2.75,b,0.8235,2.75,0.4599,1
40ce202eaa78860c,2021-07-24,Diana Belbita,Hannah Goldy,2.0,1.833333,a,0.5,2.0,0.0,0
40ce202eaa78860c,2021-07-24,Hannah Goldy,Diana Belbita,2.0,1.833333,b,0.2,1.8333,-0.3455,0
43c391b251337c9b,2021-07-24,Adrian Yanez,Randy Costa,1.416667,2.95,a,1.0,1.4167,0.2941,1
43c391b251337c9b,2021-07-24,Randy Costa,Adrian Yanez,1.416667,2.95,b,1.0,2.95,0.661,1
4911094a4ee26868,2021-07-24,Punahele Soriano,Brendan Allen,1.909091,1.909091,a,1.0,1.9091,0.4762,1
4911094a4ee26868,2021-07-24,Brendan Allen,Punahele Soriano,1.909091,1.909091,a,0.8182,1.9091,0.2944,1
4bb77b1d8efc53a9,2021-07-24,Kyler Phillips,Raulian Paiva,1.3125,3.5,a,1.0,1.3125,0.2381,1
4bb77b1d8efc53a9,2021-07-24,Raulian Paiva,Kyler Phillips,1.3125,3.5,b,0.8571,3.5,0.5714,1
7c3ad06a520b8716,2021-07-24,Miranda Maverick,Maycee Barber,2.35,1.645161,a,1.0,2.35,0.5745,1
7c3ad06a520b8716,2021-07-24,Maycee Barber,Miranda Maverick,2.35,1.645161,b,0.8,1.6452,0.1922,1
cade0268dec56f3d,2021-07-24,Julio Arce,Andre Ewell,1.454545,2.8,a,0.6,1.4545,-0.0875,0
cade0268dec56f3d,2021-07-24,Andre Ewell,Julio Arce,1.454545,2.8,b,0.6364,2.8,0.2792,1
dff1dbb8fe1f31cb,2021-07-24,Nassourdine Imavov,Ian Heinisch,1.645161,2.35,a,0.5,1.6452,-0.1078,0
dff1dbb8fe1f31cb,2021-07-24,Ian Heinisch,Nassourdine Imavov,1.645161,2.35,b,0.6,2.35,0.1745,1
12ceec9431fb0827,2021-07-31,Chris Gruetzemacher,Rafa Garcia,1.285714,3.7,a,0.4,1.2857,-0.3778,0
12ceec9431fb0827,2021-07-31,Rafa Garcia,Chris Gruetzemacher,1.285714,3.7,b,0.4545,3.7,0.1843,1
1978b44503c3d9ff,2021-07-31,Ryan Benoit,Zarrukh Adashev,1.714286,2.2,a,0.375,1.7143,-0.2083,0
1978b44503c3d9ff,2021-07-31,Zarrukh Adashev,Ryan Benoit,1.714286,2.2,b,0.3529,2.2,-0.1016,0
8522bc62e8d942ab,2021-07-31,Uriah Hall,Sean Strickland,1.47619,2.75,b,0.7692,2.75,0.4056,1
8522bc62e8d942ab,2021-07-31,Sean Strickland,Uriah Hall,1.47619,2.75,a,0.7778,1.4762,0.1004,1
96c51bc6316a4b47,2021-07-31,Jinh Yu Frey,Ashley Yoder,1.625,2.4,a,0.3333,1.625,-0.2821,0
96c51bc6316a4b47,2021-07-31,Ashley Yoder,Jinh Yu Frey,1.625,2.4,b,0.4286,2.4,0.0119,0
9eef9b7967991296,2021-07-31,Bryan Barberena,Jason Witt,3.15,1.377358,a,0.5455,3.15,0.228,1
9eef9b7967991296,2021-07-31,Jason Witt,Bryan Barberena,3.15,1.377358,b,0.5217,1.3774,-0.2043,0
e3ecb94228c2739f,2021-07-31,Niklas Stolze,Jared Gooden,1.555556,2.55,a,0.5,1.5556,-0.1429,0
e3ecb94228c2739f,2021-07-31,Jared Gooden,Niklas Stolze,1.555556,2.55,a,0.2,1.5556,-0.4429,0
3d75081ce43774ca,2021-08-07,Vince Morales,Drako Rodriguez,1.909091,1.909091,a,0.25,1.9091,-0.2738,0
3d75081ce43774ca,2021-08-07,Drako Rodriguez,Vince Morales,1.909091,1.909091,b,0.3333,1.9091,-0.1905,0
85c5dd604d5b3634,2021-08-07,Manel Kape,Ode Osbourne,1.5,2.7,b,0.5,2.7,0.1296,1
85c5dd604d5b3634,2021-08-07,Ode Osbourne,Manel Kape,1.5,2.7,a,0.4,1.5,-0.2667,0
962aab0abdd34173,2021-08-07,Song Yadong,Casey Kenney,1.8,2.05,a,0.8333,1.8,0.2778,1
962aab0abdd34173,2021-08-07,Casey Kenney,Song Yadong,1.8,2.05,b,0.8462,2.05,0.3583,1
980927e7dcc131c0,2021-08-07,Jose Aldo,Pedro Munhoz,1.869565,1.952381,a,0.6471,1.8696,0.1122,1
980927e7dcc131c0,2021-08-07,Pedro Munhoz,Jose Aldo,1.869565,1.952381,b,0.6571,1.9524,0.1449,1
9a678f346946b6a4,2021-08-07,Miles Johns,Anderson Dos Santos,1.425532,2.9,a,0.6667,1.4255,-0.0348,0
9a678f346946b6a4,2021-08-07,Anderson Dos Santos,Miles Johns,1.425532,2.9,b,0.7143,2.9,0.3695,1
af9927b5589e708b,2021-08-07,Johnny Munoz,Jamey Simmons,3.7,1.285714,a,0.5,3.7,0.2297,1
af9927b5589e708b,2021-08-07,Jamey Simmons,Johnny Munoz,3.7,1.285714,b,0.3333,1.2857,-0.4444,0
bf732e22055e8634,2021-08-07,Derrick Lewis,Ciryl Gane,1.3125,3.5,b,1.0,3.5,0.7143,1
bf732e22055e8634,2021-08-07,Ciryl Gane,Derrick Lewis,1.3125,3.5,a,1.0,1.3125,0.2381,1
dcd0793ff1a43b68,2021-08-07,Alonzo Menifield,Ed Herman,3.3,1.344828,a,0.6,3.3,0.297,1
dcd0793ff1a43b68,2021-08-07,Ed Herman,Alonzo Menifield,3.3,1.344828,b,0.6364,1.3448,-0.1072,0
efe985e626a0d8c0,2021-08-07,Michael Chiesa,Vicente Luque,1.952381,1.869565,b,0.8125,1.8696,0.2776,1
efe985e626a0d8c0,2021-08-07,Vicente Luque,Michael Chiesa,1.952381,1.869565,a,0.8182,1.9524,0.306,1
f2336b7545f5f442,2021-08-07,Karolina Kowalkiewicz,Jessica Penne,2.25,1.689655,a,0.4545,2.25,0.0101,0
f2336b7545f5f442,2021-08-07,Jessica Penne,Karolina Kowalkiewicz,2.25,1.689655,a,0.4545,2.25,0.0101,0
0b47788da6de735e,2021-08-21,Alexandre Pantoja,Brandon Royval,2.5,1.588235,a,0.7,2.5,0.3,1
0b47788da6de735e,2021-08-21,Brandon Royval,Alexandre Pantoja,2.5,1.588235,b,0.7143,1.5882,0.0847,1
12d2b282561b5e5f,2021-08-21,Austin Lingo,Luis Saldana,1.833333,2.0,b,1.0,2.0,0.5,1
12d2b282561b5e5f,2021-08-21,Luis Saldana,Austin Lingo,1.833333,2.0,a,0.6667,1.8333,0.1212,1
3a9e0fed344fd07d,2021-08-21,Clay Guida,Mark Madsen,2.5,1.588235,b,1.0,1.5882,0.3704,1
3a9e0fed344fd07d,2021-08-21,Mark Madsen,Clay Guida,2.5,1.588235,a,1.0,2.5,0.6,1
47230f9b5d7ae037,2021-08-21,Parker Porter,Chase Sherman,1.5,2.7,a,0.5,1.5,-0.1667,0
47230f9b5d7ae037,2021-08-21,Chase Sherman,Parker Porter,1.5,2.7,b,0.6,2.7,0.2296,1
47a157222b2c9092,2021-08-21,Sasha Palatnikov,Ramiz Brahimaj,1.606061,2.45,a,0.5,1.6061,-0.1226,0
47a157222b2c9092,2021-08-21,Ramiz Brahimaj,Sasha Palatnikov,1.606061,2.45,b,0.4,2.45,-0.0082,0
5e2ce5aa3a92c2df,2021-08-21,William Knight,Fabio Cherant,1.588235,2.5,a,0.5,1.5882,-0.1296,0
5e2ce5aa3a92c2df,2021-08-21,Fabio Cherant,William Knight,1.588235,2.5,b,0.6,2.5,0.2,1
755d84d5f4aa4dbf,2021-08-21,Vinc Pichel,Austin Hubbard,1.714286,2.2,a,0.75,1.7143,0.1667,1
755d84d5f4aa4dbf,2021-08-21,Austin Hubbard,Vinc Pichel,1.714286,2.2,b,0.7647,2.2,0.3102,1
8badcb2134c1cdaf,2021-08-21,Roosevelt Roberts,Ignacio Bahamondes,1.645161,2.35,a,0.6667,1.6452,0.0588,1
8badcb2134c1cdaf,2021-08-21,Ignacio Bahamondes,Roosevelt Roberts,1.645161,2.35,b,0.6154,2.35,0.1899,1
bfacb44c24bfe0e9,2021-08-21,Brian Kelleher,Domingo Pilarte,2.5,1.588235,a,0.5455,2.5,0.1455,1
bfacb44c24bfe0e9,2021-08-21,Domingo Pilarte,Brian Kelleher,2.5,1.588235,b,0.5652,1.5882,-0.0644,0
f536ba47f006474a,2021-08-21,Jared Cannonier,Kelvin Gastelum,1.689655,2.25,b,0.6111,2.25,0.1667,1
f536ba47f006474a,2021-08-21,Kelvin Gastelum,Jared Cannonier,1.689655,2.25,a,0.5946,1.6897,0.0028,0
089a17e450cc98aa,2021-08-28,Kevin Lee,Daniel Rodriguez,2.25,1.689655,b,0.8333,1.6897,0.2415,1
089a17e450cc98aa,2021-08-28,Daniel Rodriguez,Kevin Lee,2.25,1.689655,a,0.8462,2.25,0.4017,1
0f3a91caeaa55094,2021-08-28,Dustin Jacoby,Darren Stewart,2.7,1.5,a,0.5,2.7,0.1296,1
0f3a91caeaa55094,2021-08-28,Darren Stewart,Dustin Jacoby,2.7,1.5,b,0.5556,1.5,-0.1111,0
1de342e9309c5f0f,2021-08-28,Makhmud Muradov,Gerald Meerschaert,5.1,1.173913,a,1.0,5.1,0.8039,1
1de342e9309c5f0f,2021-08-28,Gerald Meerschaert,Makhmud Muradov,5.1,1.173913,b,0.8571,1.1739,0.0053,0
58d5e4afc2dd35d1,2021-08-28,Sam Alvey,Wellington Turman,1.869565,1.952381,a,0.5,1.8696,-0.0349,0
58d5e4afc2dd35d1,2021-08-28,Wellington Turman,Sam Alvey,1.869565,1.952381,b,0.4878,1.9524,-0.0244,0
5cd1869013741767,2021-08-28,Edson Barboza,Giga Chikadze,1.8,2.05,b,1.0,2.05,0.5122,1
5cd1869013741767,2021-08-28,Giga Chikadze,Edson Barboza,1.8,2.05,a,1.0,1.8,0.4444,1
e24c8aab497b4fe1,2021-08-28,Alessio Di Chirico,Abdul Razak Alhassan,1.377358,3.15,b,0.5,3.15,0.1825,1
e24c8aab497b4fe1,2021-08-28,Abdul Razak Alhassan,Alessio Di Chirico,1.377358,3.15,a,0.5294,1.3774,-0.1966,0
ef4484943b1c68a9,2021-08-28,Jamall Emmers,Pat Sabatini,2.3,1.666667,b,1.0,1.6667,0.4,1
ef4484943b1c68a9,2021-08-28,Pat Sabatini,Jamall Emmers,2.3,1.666667,a,1.0,2.3,0.5652,1
06c0c7dda5a5909d,2021-09-04,Molly McCann,Ji Yeon Kim,1.833333,2.0,a,0.5,1.8333,-0.0455,0
06c0c7dda5a5909d,2021-09-04,Ji Yeon Kim,Molly McCann,1.833333,2.0,b,0.5385,2.0,0.0385,1
14f2bb86fd888e91,2021-09-04,Derek Brunson,Darren Till,1.666667,2.3,a,0.7222,1.6667,0.1222,1
14f2bb86fd888e91,2021-09-04,Darren Till,Derek Brunson,1.666667,2.3,b,0.7297,2.3,0.2949,1
3f76035e52e8819b,2021-09-04,Julian Erosa,Charles Jourdain,2.7,1.5,b,0.5,1.5,-0.1667,0
3f76035e52e8819b,2021-09-04,Charles Jourdain,Julian Erosa,2.7,1.5,a,0.4444,2.7,0.0741,1
a7c38d4d66abf923,2021-09-04,Dalcha Lungiambula,Marc-Andre Barriault,1.625,2.4,a,0.6667,1.625,0.0513,1
a7c38d4d66abf923,2021-09-04,Marc-Andre Barriault,Dalcha Lungiambula,1.625,2.4,b,0.5714,2.4,0.1548,1
ad81be01a461c936,2021-09-04,Modestas Bukauskas,Khalil Rountree Jr.,1.625,2.4,b,0.4444,2.4,0.0278,0
ad81be01a461c936,2021-09-04,Khalil Rountree Jr.,Modestas Bukauskas,1.625,2.4,a,0.4737,1.625,-0.1417,0
b977ffcc6428046f,2021-09-04,Tom Aspinall,Serghei Spivac,1.416667,2.95,a,1.0,1.4167,0.2941,1
b977ffcc6428046f,2021-09-04,Serghei Spivac,Tom Aspinall,1.416667,2.95,b,1.0,2.95,0.661,1
f09912e9d8eaa968,2021-09-04,Alex Morono,David Zawada,2.05,1.8,a,0.6667,2.05,0.1789,1
f09912e9d8eaa968,2021-09-04,David Zawada,Alex Morono,2.05,1.8,b,0.68,1.8,0.1244,1
06b3226c34c17001,2021-09-18,Impa Kasanganay,Carlston Harris,1.952381,1.869565,b,1.0,1.8696,0.4651,1
06b3226c34c17001,2021-09-18,Carlston Harris,Impa Kasanganay,1.952381,1.869565,a,1.0,1.9524,0.4878,1
13a8ddb1c3f55ed4,2021-09-18,Arman Tsarukyan,Christos Giagos,6.75,1.117647,a,0.75,6.75,0.6019,1
13a8ddb1c3f55ed4,2021-09-18,Christos Giagos,Arman Tsarukyan,6.75,1.117647,b,0.7778,1.1176,-0.117,0
2d42742aade53799,2021-09-18,Pannie Kianzad,Raquel Pennington,2.15,1.740741,a,0.6667,2.15,0.2016,1
2d42742aade53799,2021-09-18,Raquel Pennington,Pannie Kianzad,2.15,1.740741,a,0.6296,2.15,0.1645,1
401f5f4714132d50,2021-09-18,Joaquin Buckley,Antonio Arroyo,2.55,1.555556,a,0.5,2.55,0.1078,1
401f5f4714132d50,2021-09-18,Antonio Arroyo,Joaquin Buckley,2.55,1.555556,b,0.5556,1.5556,-0.0873,0
4b5f9b7c31d1205d,2021-09-18,Ion Cutelaba,Devin Clark,2.5,1.588235,b,0.5455,1.5882,-0.0842,0
4b5f9b7c31d1205d,2021-09-18,Devin Clark,Ion Cutelaba,2.5,1.588235,a,0.5217,2.5,0.1217,1
576b795e33ddd62d,2021-09-18,Nate Maness,Tony Gravely,1.5,2.7,a,1.0,1.5,0.3333,1
576b795e33ddd62d,2021-09-18,Tony Gravely,Nate Maness,1.5,2.7,b,1.0,2.7,0.6296,1
d06495deb1ff1750,2021-09-18,Mike Rodriguez,Tafon Nchukwi,2.05,1.8,b,0.5,1.8,-0.0556,0
d06495deb1ff1750,2021-09-18,Tafon Nchukwi,Mike Rodriguez,2.05,1.8,a,0.6,2.05,0.1122,1
d1621b3da377f34b,2021-09-18,Anthony Smith,Ryan Spann,2.3,1.666667,b,0.8333,1.6667,0.2333,1
d1621b3da377f34b,2021-09-18,Ryan Spann,Anthony Smith,2.3,1.666667,a,0.7692,2.3,0.3344,1
dc870fab1e0f15e1,2021-09-18,Montel Jackson,JP Buys,5.5,1.15873,a,0.6667,5.5,0.4848,1
dc870fab1e0f15e1,2021-09-18,JP Buys,Montel Jackson,5.5,1.15873,b,0.6923,1.1587,-0.1707,0
eb10feae98ea7d36,2021-09-18,Emily Whitmire,Hannah Goldy,2.05,1.8,a,0.4,2.05,-0.0878,0
eb10feae98ea7d36,2021-09-18,Hannah Goldy,Emily Whitmire,2.05,1.8,b,0.3636,1.8,-0.1919,0
18f1b88d8977c216,2021-09-25,Alexander Volkanovski,Brian Ortega,2.55,1.555556,a,1.0,2.55,0.6078,1
18f1b88d8977c216,2021-09-25,Brian Ortega,Alexander Volkanovski,2.55,1.555556,b,1.0,1.5556,0.3571,1
7233b2a56438d77a,2021-09-25,Valentina Shevchenko,Lauren Murphy,1.072727,9.0,a,0.8333,1.0727,-0.0989,0
7233b2a56438d77a,2021-09-25,Lauren Murphy,Valentina Shevchenko,1.072727,9.0,b,0.84,9.0,0.7289,1
7484298ad57099be,2021-09-25,Jonathan Pearce,Omar Morales,2.4,1.625,b,0.75,1.625,0.1346,1
7484298ad57099be,2021-09-25,Omar Morales,Jonathan Pearce,2.4,1.625,a,0.6667,2.4,0.25,1
7abc4520f63f2c06,2021-09-25,Uros Medic,Jalin Turner,1.952381,1.869565,a,1.0,1.9524,0.4878,1
7abc4520f63f2c06,2021-09-25,Jalin Turner,Uros Medic,1.952381,1.869565,b,0.6667,1.8696,0.1318,1
92e006a93f983fb5,2021-09-25,Nick Diaz,Robbie Lawler,1.625,2.4,b,0.5909,2.4,0.1742,1
92e006a93f983fb5,2021-09-25,Robbie Lawler,Nick Diaz,1.625,2.4,a,0.6,1.625,-0.0154,0
b3c23fb2d71bba51,2021-09-25,Dan Hooker,Nasrat Haqparast,1.666667,2.3,b,0.7143,2.3,0.2795,1
b3c23fb2d71bba51,2021-09-25,Nasrat Haqparast,Dan Hooker,1.666667,2.3,a,0.6667,1.6667,0.0667,1
bc276e0f07e30a54,2021-09-25,Marlon Moraes,Merab Dvalishvili,1.322581,3.45,b,0.75,3.45,0.4601,1
bc276e0f07e30a54,2021-09-25,Merab Dvalishvili,Marlon Moraes,1.322581,3.45,a,0.7647,1.3226,0.0086,0
e7bb37681652c2c2,2021-09-25,Roxanne Modafferi,Taila Santos,4.0,1.25,b,0.6667,1.25,-0.1333,0
e7bb37681652c2c2,2021-09-25,Taila Santos,Roxanne Modafferi,4.0,1.25,a,0.7143,4.0,0.4643,1
f085f32bbb3220e1,2021-09-25,Shamil Abdurakhimov,Chris Daukaus,2.8,1.454545,b,1.0,1.4545,0.3125,1
f085f32bbb3220e1,2021-09-25,Chris Daukaus,Shamil Abdurakhimov,2.8,1.454545,a,1.0,2.8,0.6429,1
f4a2806f77ac1cdc,2021-09-25,Jessica Andrade,Cynthia Calvillo,1.454545,2.8,b,0.75,2.8,0.3929,1
f4a2806f77ac1cdc,2021-09-25,Cynthia Calvillo,Jessica Andrade,1.454545,2.8,a,0.7059,1.4545,0.0184,0
f4df74046a1c4364,2021-09-25,Curtis Blaydes,Jairzinho Rozenstruik,3.9,1.263158,a,0.75,3.9,0.4936,1
f4df74046a1c4364,2021-09-25,Jairzinho Rozenstruik,Curtis Blaydes,3.9,1.263158,b,0.76,1.2632,-0.0317,0
16d31775a8dcb31d,2021-10-02,Bethe Correia,Karol Rosa,1.138889,6.0,b,1.0,6.0,0.8333,1
16d31775a8dcb31d,2021-10-02,Karol Rosa,Bethe Correia,1.138889,6.0,a,1.0,1.1389,0.122,1
37c484012ef24a5b,2021-10-02,Thiago Santos,Johnny Walker,2.3,1.666667,b,0.6667,1.6667,0.0667,1
37c484012ef24a5b,2021-10-02,Johnny Walker,Thiago Santos,2.3,1.666667,b,0.6279,1.6667,0.0279,0
3b7eb8e56052a2af,2021-10-02,Joe Solecki,Jared Gordon,2.15,1.740741,a,1.0,2.15,0.5349,1
3b7eb8e56052a2af,2021-10-02,Jared Gordon,Joe Solecki,2.15,1.740741,b,0.8571,1.7407,0.2827,1
5f444eac11e55161,2021-10-02,Douglas Silva de Andrade,Gaetano Pirrello,1.357143,3.25,a,0.5,1.3571,-0.2368,0
5f444eac11e55161,2021-10-02,Gaetano Pirrello,Douglas Silva de Andrade,1.357143,3.25,b,0.5294,3.25,0.2217,1
6832e9e62da0f9d3,2021-10-02,Antonina Shevchenko,Casey O'Neill,1.377358,3.15,b,1.0,3.15,0.6825,1
6832e9e62da0f9d3,2021-10-02,Casey O'Neill,Antonina Shevchenko,1.377358,3.15,a,1.0,1.3774,0.274,1
9c33c8d4a381ba70,2021-10-02,Alex Oliveira,Niko Price,2.7,1.5,a,0.5789,2.7,0.2086,1
9c33c8d4a381ba70,2021-10-02,Niko Price,Alex Oliveira,2.7,1.5,a,0.5652,2.7,0.1948,1
c1e5859053263811,2021-10-02,Stephanie Egger,Shanna Young,2.35,1.645161,a,0.5,2.35,0.0745,1
c1e5859053263811,2021-10-02,Shanna Young,Stephanie Egger,2.35,1.645161,b,0.3333,1.6452,-0.2745,0
dba710edbc3c29ff,2021-10-02,Misha Cirkunov,Krzysztof Jotko,1.769231,2.1,b,0.6429,2.1,0.1667,1
dba710edbc3c29ff,2021-10-02,Krzysztof Jotko,Misha Cirkunov,1.769231,2.1,a,0.6552,1.7692,0.09,1
dfa2f5c821a52c63,2021-10-02,Devonte Smith,Jamie Mullarkey,1.645161,2.35,a,0.75,1.6452,0.1422,1
dfa2f5c821a52c63,2021-10-02,Jamie Mullarkey,Devonte Smith,1.645161,2.35,b,0.6667,2.35,0.2411,1
e7423a91a253b416,2021-10-02,Alejandro Perez,Johnny Eduardo,3.35,1.333333,a,0.7,3.35,0.4015,1
e7423a91a253b416,2021-10-02,Johnny Eduardo,Alejandro Perez,3.35,1.333333,b,0.7143,1.3333,-0.0357,0
149d6b90f33634a4,2021-10-09,Mackenzie Dern,Marina Rodriguez,1.5,2.7,a,0.8571,1.5,0.1905,1
149d6b90f33634a4,2021-10-09,Marina Rodriguez,Mackenzie Dern,1.5,2.7,a,0.8182,1.5,0.1515,1
20f19439e9b100b0,2021-10-09,Tim Elliott,Matheus Nicolau,1.526316,2.6,b,0.8,2.6,0.4154,1
20f19439e9b100b0,2021-10-09,Matheus Nicolau,Tim Elliott,1.526316,2.6,a,0.8182,1.5263,0.163,1
38957d8eb185391c,2021-10-09,Sabina Mazo,Mariya Agapova,1.5,2.7,a,0.6,1.5,-0.0667,0
38957d8eb185391c,2021-10-09,Mariya Agapova,Sabina Mazo,1.5,2.7,a,0.6,1.5,-0.0667,0
6101249c2cdd1493,2021-10-09,Chris Gutierrez,Felipe Colares,1.37037,3.2,a,0.8,1.3704,0.0703,1
6101249c2cdd1493,2021-10-09,Felipe Colares,Chris Gutierrez,1.37037,3.2,b,0.8182,3.2,0.5057,1
777c65184aa63894,2021-10-09,Alexandr Romanov,Jared Vanderaa,5.25,1.173913,a,1.0,5.25,0.8095,1
777c65184aa63894,2021-10-09,Jared Vanderaa,Alexandr Romanov,5.25,1.173913,b,1.0,1.1739,0.1481,1
d5ffdb5388ffabc6,2021-10-09,Randy Brown,Jared Gooden,1.322581,3.5,a,0.6364,1.3226,-0.1197,0
d5ffdb5388ffabc6,2021-10-09,Jared Gooden,Randy Brown,1.322581,3.5,b,0.6522,3.5,0.3665,1
ddb927b0dfcfac2a,2021-10-09,Steve Garcia,Charlie Ontiveros,3.5,1.322581,a,0.5,3.5,0.2143,1
ddb927b0dfcfac2a,2021-10-09,Charlie Ontiveros,Steve Garcia,3.5,1.322581,b,0.3333,1.3226,-0.4228,0
df16b9c2fc9722e9,2021-10-09,Charles Rosa,Damon Jackson,1.5,2.7,a,0.5,1.5,-0.1667,0
df16b9c2fc9722e9,2021-10-09,Damon Jackson,Charles Rosa,1.5,2.7,b,0.4762,2.7,0.1058,1
188b63ec6ee1c1c9,2021-10-16,Andrei Arlovski,Carlos Felipe,2.05,1.8,b,0.75,1.8,0.1944,1
188b63ec6ee1c1c9,2021-10-16,Carlos Felipe,Andrei Arlovski,2.05,1.8,a,0.6667,2.05,0.1789,1
330e67abac6e5ce7,2021-10-16,Aspen Ladd,Norma Dumont,2.2,1.714286,a,0.8,2.2,0.3455,1
330e67abac6e5ce7,2021-10-16,Norma Dumont,Aspen Ladd,2.2,1.714286,b,0.7273,1.7143,0.1439,1
a2e1116a9fe84aa9,2021-10-16,Nate Landwehr,Ludovit Klein,3.8,1.273973,b,0.5,1.274,-0.2849,0
a2e1116a9fe84aa9,2021-10-16,Ludovit Klein,Nate Landwehr,3.8,1.273973,b,0.4286,1.274,-0.3564,0
b193e2317b21125c,2021-10-16,Manon Fiorot,Mayra Bueno Silva,1.3125,3.5,a,1.0,1.3125,0.2381,1
b193e2317b21125c,2021-10-16,Mayra Bueno Silva,Manon Fiorot,1.3125,3.5,b,1.0,3.5,0.7143,1
be8bee783d22bee2,2021-10-16,Loopy Godinez,Luana Carolina,2.8,1.454545,b,0.6667,1.4545,-0.0208,0
be8bee783d22bee2,2021-10-16,Luana Carolina,Loopy Godinez,2.8,1.454545,a,0.7143,2.8,0.3571,1
cf020c71f1dbfa0b,2021-10-16,Batgerel Danaa,Brandon Davis,1.714286,2.2,a,0.6667,1.7143,0.0833,1
cf020c71f1dbfa0b,2021-10-16,Brandon Davis,Batgerel Danaa,1.714286,2.2,b,0.7143,2.2,0.2597,1
e3881a6895be3e9e,2021-10-16,Danny Roberts,Ramazan Emeev,3.5,1.3125,b,0.8333,1.3125,0.0714,1
e3881a6895be3e9e,2021-10-16,Ramazan Emeev,Danny Roberts,3.5,1.3125,a,0.7692,3.5,0.4835,1
fefa96b6d939ffea,2021-10-16,Andrew Sanchez,Bruno Silva,1.645161,2.35,b,0.6,2.35,0.1745,1
fefa96b6d939ffea,2021-10-16,Bruno Silva,Andrew Sanchez,1.645161,2.35,a,0.6364,1.6452,0.0285,0
587d373f18f6c8c0,2021-10-23,Francisco Trinaldo,Dwight Grant,2.05,1.8,a,0.6957,2.05,0.2078,1
587d373f18f6c8c0,2021-10-23,Dwight Grant,Francisco Trinaldo,2.05,1.8,b,0.7021,1.8,0.1466,1
61d9eff5fa4c8578,2021-10-23,Livinha Souza,Randa Markos,2.15,1.740741,a,0.6,2.15,0.1349,1
61d9eff5fa4c8578,2021-10-23,Randa Markos,Livinha Souza,2.15,1.740741,b,0.5455,1.7407,-0.029,0
69167b996ce7a7e4,2021-10-23,Jessica-Rose Clark,Joselyne Edwards,1.689655,2.25,a,0.6,1.6897,0.0082,0
69167b996ce7a7e4,2021-10-23,Joselyne Edwards,Jessica-Rose Clark,1.689655,2.25,b,0.6364,2.25,0.1919,1
6d7eecf4acecda2a,2021-10-23,Khama Worthy,Jai Herbert,1.588235,2.5,a,0.5,1.5882,-0.1296,0
6d7eecf4acecda2a,2021-10-23,Jai Herbert,Khama Worthy,1.588235,2.5,b,0.4444,2.5,0.0444,1
85f920746c58d0a6,2021-10-23,Jamie Pickett,Laureano Staropoli,2.75,1.47619,b,0.4,1.4762,-0.2774,0
85f920746c58d0a6,2021-10-23,Laureano Staropoli,Jamie Pickett,2.75,1.47619,a,0.3636,2.75,0.0,0
860be3cc82895177,2021-10-23,Paulo Costa,Marvin Vettori,2.7,1.5,a,0.8333,2.7,0.463,1
860be3cc82895177,2021-10-23,Marvin Vettori,Paulo Costa,2.7,1.5,b,0.7692,1.5,0.1026,1
88256dd5a9aef1cc,2021-10-23,JunYong Park,Gregory Rodrigues,2.15,1.740741,b,1.0,1.7407,0.4255,1
88256dd5a9aef1cc,2021-10-23,Gregory Rodrigues,JunYong Park,2.15,1.740741,a,1.0,2.15,0.5349,1
98842f17dfe4b4ef,2021-10-23,Alex Caceres,SeungWoo Choi,3.05,1.392157,b,0.6,1.3922,-0.1183,0
98842f17dfe4b4ef,2021-10-23,SeungWoo Choi,Alex Caceres,3.05,1.392157,b,0.5745,1.3922,-0.1438,0
e078d18fa9ed100d,2021-10-23,Nicolae Negumereanu,Ike Villanueva,1.416667,2.95,a,0.5,1.4167,-0.2059,0
e078d18fa9ed100d,2021-10-23,Ike Villanueva,Nicolae Negumereanu,1.416667,2.95,b,0.6,2.95,0.261,1
13e3e41e0c6f4e04,2021-10-30,Alexander Volkov,Marcin Tybura,1.384615,3.1,a,0.7,1.3846,-0.0222,0
13e3e41e0c6f4e04,2021-10-30,Marcin Tybura,Alexander Volkov,1.384615,3.1,b,0.7143,3.1,0.3917,1
156f2425a937b22f,2021-10-30,Makwan Amirkhani,Lerone Murphy,1.377358,3.15,b,1.0,3.15,0.6825,1
156f2425a937b22f,2021-10-30,Lerone Murphy,Makwan Amirkhani,1.377358,3.15,a,1.0,1.3774,0.274,1
18edff5447989b3f,2021-10-30,Petr Yan,Cory Sandhagen,3.4,1.327869,a,0.875,3.4,0.5809,1
18edff5447989b3f,2021-10-30,Cory Sandhagen,Petr Yan,3.4,1.327869,b,0.8824,1.3279,0.1293,1
41cdfea7df63003f,2021-10-30,Ricardo Ramos,Zubaira Tukhugov,2.4,1.625,a,0.75,2.4,0.3333,1
41cdfea7df63003f,2021-10-30,Zubaira Tukhugov,Ricardo Ramos,2.4,1.625,b,0.7059,1.625,0.0905,1
4a5e5232346993c7,2021-10-30,Hu Yaozong,Andre Petroski,1.454545,2.8,b,1.0,2.8,0.6429,1
4a5e5232346993c7,2021-10-30,Andre Petroski,Hu Yaozong,1.454545,2.8,a,1.0,1.4545,0.3125,1
58b19ba734fe93a3,2021-10-30,Magomed Ankalaev,Volkan Oezdemir,3.8,1.273973,a,0.8571,3.8,0.594,1
58b19ba734fe93a3,2021-10-30,Volkan Oezdemir,Magomed Ankalaev,3.8,1.273973,b,0.8667,1.274,0.0817,1
5ad4c0eae7512878,2021-10-30,Islam Makhachev,Dan Hooker,5.25,1.169492,a,0.9,5.25,0.7095,1
5ad4c0eae7512878,2021-10-30,Dan Hooker,Islam Makhachev,5.25,1.169492,b,0.9048,1.1695,0.0497,1
919fb76d2f3e5827,2021-10-30,Jan Blachowicz,Glover Teixeira,3.15,1.377358,b,0.75,1.3774,0.024,0
919fb76d2f3e5827,2021-10-30,Glover Teixeira,Jan Blachowicz,3.15,1.377358,a,0.7561,3.15,0.4386,1
92c49cb075f612d7,2021-10-30,Shamil Gamzatov,Michal Oleksiejczuk,1.869565,1.952381,a,1.0,1.8696,0.4651,1
92c49cb075f612d7,2021-10-30,Michal Oleksiejczuk,Shamil Gamzatov,1.869565,1.952381,b,0.6667,1.9524,0.1545,1
987cdcbc809e210d,2021-10-30,Li Jingliang,Khamzat Chimaev,1.229885,4.3,b,1.0,4.3,0.7674,1
987cdcbc809e210d,2021-10-30,Khamzat Chimaev,Li Jingliang,1.229885,4.3,a,1.0,1.2299,0.1869,1
d84968d7e9fcb4f3,2021-10-30,Amanda Ribas,Virna Jandiroba,2.45,1.606061,a,0.8,2.45,0.3918,1
d84968d7e9fcb4f3,2021-10-30,Virna Jandiroba,Amanda Ribas,2.45,1.606061,b,0.8182,1.6061,0.1955,1
095a351dd6f09f7e,2021-11-06,Edmen Shahbazyan,Nassourdine Imavov,2.0,1.833333,a,0.6667,2.0,0.1667,1
095a351dd6f09f7e,2021-11-06,Nassourdine Imavov,Edmen Shahbazyan,2.0,1.833333,a,0.7143,2.0,0.2143,1
19722043e7eb4e39,2021-11-06,Rose Namajunas,Zhang Weili,1.833333,2.0,b,0.8333,2.0,0.3333,1
19722043e7eb4e39,2021-11-06,Zhang Weili,Rose Namajunas,1.833333,2.0,a,0.7692,1.8333,0.2238,1
31b3ae9352d9389b,2021-11-06,Kamaru Usman,Colby Covington,3.5,1.3125,a,1.0,3.5,0.7143,1
31b3ae9352d9389b,2021-11-06,Colby Covington,Kamaru Usman,3.5,1.3125,b,1.0,1.3125,0.2381,1
88cc78d2d5d6bcaa,2021-11-06,Dustin Jacoby,John Allan,4.0,1.25,a,0.6,4.0,0.35,1
88cc78d2d5d6bcaa,2021-11-06,John Allan,Dustin Jacoby,4.0,1.25,b,0.6364,1.25,-0.1636,0
999a0fad4c82148d,2021-11-06,Justin Gaethje,Michael Chandler,2.75,1.47619,a,0.625,2.75,0.2614,1
999a0fad4c82148d,2021-11-06,Michael Chandler,Justin Gaethje,2.75,1.47619,b,0.6471,1.4762,-0.0304,0
a260238fdb9c47cf,2021-11-06,Shane Burgos,Billy Quarantillo,1.588235,2.5,b,0.8,2.5,0.4,1
a260238fdb9c47cf,2021-11-06,Billy Quarantillo,Shane Burgos,1.588235,2.5,a,0.7273,1.5882,0.0976,1
c634ed84212723ca,2021-11-06,Frankie Edgar,Marlon Vera,1.526316,2.6,a,0.6667,1.5263,0.0115,0
c634ed84212723ca,2021-11-06,Marlon Vera,Frankie Edgar,1.526316,2.6,a,0.6571,1.5263,0.002,0
e25875165648162b,2021-11-06,Gian Villante,Chris Barnett,2.05,1.8,a,0.4118,2.05,-0.076,0
e25875165648162b,2021-11-06,Chris Barnett,Gian Villante,2.05,1.8,b,0.4,1.8,-0.1556,0
0273dbd5dedbdbe0,2021-11-13,Thiago Moises,Joel Alvarez,2.95,1.416667,b,0.75,1.4167,0.0441,1
0273dbd5dedbdbe0,2021-11-13,Joel Alvarez,Thiago Moises,2.95,1.416667,a,0.7778,2.95,0.4388,1
1013cdbb6c9a4a2e,2021-11-13,Ben Rothwell,Marcos Rogerio de Lima,2.45,1.606061,b,0.5833,1.6061,-0.0393,0
1013cdbb6c9a4a2e,2021-11-13,Marcos Rogerio de Lima,Ben Rothwell,2.45,1.606061,a,0.6,2.45,0.1918,1
147e984aa34e3028,2021-11-13,Max Holloway,Yair Rodriguez,1.148148,5.75,b,0.8889,5.75,0.715,1
147e984aa34e3028,2021-11-13,Yair Rodriguez,Max Holloway,1.148148,5.75,a,0.8421,1.1481,-0.0289,0
2c21abbc28e3876a,2021-11-13,Marc Diakiese,Rafael Alves,3.0,1.4,a,0.5556,3.0,0.2222,1
2c21abbc28e3876a,2021-11-13,Rafael Alves,Marc Diakiese,3.0,1.4,b,0.5263,1.4,-0.188,0
66eee2320e900a8a,2021-11-13,Cortney Casey,Liana Jojua,1.273973,3.8,a,0.3846,1.274,-0.4003,0
66eee2320e900a8a,2021-11-13,Liana Jojua,Cortney Casey,1.273973,3.8,b,0.4074,3.8,0.1442,1
73c97d5c314f1270,2021-11-13,Song Yadong,Julio Arce,2.25,1.689655,a,0.8571,2.25,0.4127,1
73c97d5c314f1270,2021-11-13,Julio Arce,Song Yadong,2.25,1.689655,b,0.8667,1.6897,0.2748,1
81bb4d9b214adf4b,2021-11-13,Kennedy Nzechukwu,Da Woon Jung,1.8,2.05,b,1.0,2.05,0.5122,1
81bb4d9b214adf4b,2021-11-13,Da Woon Jung,Kennedy Nzechukwu,1.8,2.05,a,1.0,1.8,0.4444,1
8636b67096df4b27,2021-11-13,Miguel Baeza,Khaos Williams,2.4,1.625,a,0.75,2.4,0.3333,1
8636b67096df4b27,2021-11-13,Khaos Williams,Miguel Baeza,2.4,1.625,a,0.7778,2.4,0.3611,1
a27a355f52883f3e,2021-11-13,Sean Woodson,Collin Anglin,4.0,1.25,a,0.6667,4.0,0.4167,1
a27a355f52883f3e,2021-11-13,Collin Anglin,Sean Woodson,4.0,1.25,b,0.7143,1.25,-0.0857,0
c0518d213b67e754,2021-11-13,Cynthia Calvillo,Andrea Lee,2.0,1.833333,a,0.6667,2.0,0.1667,1
c0518d213b67e754,2021-11-13,Andrea Lee,Cynthia Calvillo,2.0,1.833333,b,0.6316,1.8333,0.0861,1
e6ce8360ef43891c,2021-11-13,Felicia Spencer,Leah Letson,1.273973,3.8,b,1.0,3.8,0.7368,1
e6ce8360ef43891c,2021-11-13,Leah Letson,Felicia Spencer,1.273973,3.8,a,0.6667,1.274,-0.1183,0
18f19b1422e8154b,2021-11-20,Ketlen Vieira,Miesha Tate,1.833333,2.0,a,0.7143,1.8333,0.1688,1
18f19b1422e8154b,2021-11-20,Miesha Tate,Ketlen Vieira,1.833333,2.0,b,0.7333,2.0,0.2333,1
1cd8f5a107f64e39,2021-11-20,Rani Yahya,Kyung Ho Kang,2.05,1.8,a,0.75,2.05,0.2622,1
1cd8f5a107f64e39,2021-11-20,Kyung Ho Kang,Rani Yahya,2.05,1.8,b,0.7576,1.8,0.202,1
1ff89e2a9cc2f2d2,2021-11-20,Shayilan Nuerdanbieke,Sean Soriano,3.3,1.344828,a,0.5,3.3,0.197,1
1ff89e2a9cc2f2d2,2021-11-20,Sean Soriano,Shayilan Nuerdanbieke,3.3,1.344828,b,0.3333,1.3448,-0.4103,0
450534f9fb9b13cd,2021-11-20,Loma Lookboonmee,Loopy Godinez,2.3,1.666667,a,0.75,2.3,0.3152,1
450534f9fb9b13cd,2021-11-20,Loopy Godinez,Loma Lookboonmee,2.3,1.666667,b,0.6667,1.6667,0.0667,1
50bf4bb2f8d9aba4,2021-11-20,Michael Chiesa,Sean Brady,1.526316,2.6,b,1.0,2.6,0.6154,1
50bf4bb2f8d9aba4,2021-11-20,Sean Brady,Michael Chiesa,1.526316,2.6,a,1.0,1.5263,0.3448,1
84c68c4c387d2e32,2021-11-20,Cody Durden,Aoriqileng,2.45,1.606061,a,0.5,2.45,0.0918,1
84c68c4c387d2e32,2021-11-20,Aoriqileng,Cody Durden,2.45,1.606061,b,0.3333,1.6061,-0.2893,0
8dd086e2e70144fd,2021-11-20,Luana Pinheiro,Sam Hughes,1.263158,3.9,a,1.0,1.2632,0.2083,1
8dd086e2e70144fd,2021-11-20,Sam Hughes,Luana Pinheiro,1.263158,3.9,b,1.0,3.9,0.7436,1
9b9ef12603e820ec,2021-11-20,Davey Grant,Adrian Yanez,1.357143,3.25,b,1.0,3.25,0.6923,1
9b9ef12603e820ec,2021-11-20,Adrian Yanez,Davey Grant,1.357143,3.25,a,1.0,1.3571,0.2632,1
bb15c0a2911043bd,2021-11-20,Joanne Wood,Taila Santos,4.2,1.235294,b,0.75,1.2353,-0.0595,0
bb15c0a2911043bd,2021-11-20,Taila Santos,Joanne Wood,4.2,1.235294,a,0.7778,4.2,0.5397,1
f592f168f3b8b807,2021-11-20,Pat Sabatini,Tucker Lutz,1.769231,2.1,a,1.0,1.7692,0.4348,1
f592f168f3b8b807,2021-11-20,Tucker Lutz,Pat Sabatini,1.769231,2.1,b,1.0,2.1,0.5238,1
1ce1a43ef68ffc7d,2021-12-04,Louis Smolka,Vince Morales,2.45,1.606061,a,0.5333,2.45,0.1252,1
1ce1a43ef68ffc7d,2021-12-04,Vince Morales,Louis Smolka,2.45,1.606061,b,0.5161,1.6061,-0.1065,0
3109d1151f149aaf,2021-12-04,Rob Font,Jose Aldo,1.769231,2.1,a,0.75,1.7692,0.1848,1
3109d1151f149aaf,2021-12-04,Jose Aldo,Rob Font,1.769231,2.1,b,0.72,2.1,0.2438,1
376dddfa82debbf4,2021-12-04,Manel Kape,Zhalgas Zhumagulov,3.5,1.3125,a,0.3333,3.5,0.0476,1
376dddfa82debbf4,2021-12-04,Zhalgas Zhumagulov,Manel Kape,3.5,1.3125,b,0.4286,1.3125,-0.3333,0
3fc8afbb23b9ac16,2021-12-04,Cheyanne Vlismas,Mallory Martin,2.6,1.526316,a,0.5,2.6,0.1154,1
3fc8afbb23b9ac16,2021-12-04,Mallory Martin,Cheyanne Vlismas,2.6,1.526316,b,0.6,1.5263,-0.0552,0
42b28adbed6966b7,2021-12-04,Alonzo Menifield,William Knight,2.5,1.588235,a,0.6667,2.5,0.2667,1
42b28adbed6966b7,2021-12-04,William Knight,Alonzo Menifield,2.5,1.588235,a,0.7143,2.5,0.3143,1
5d64044b985004e7,2021-12-04,Clay Guida,Leonardo Santos,1.454545,2.8,b,0.875,2.8,0.5179,1
5d64044b985004e7,2021-12-04,Leonardo Santos,Clay Guida,1.454545,2.8,a,0.8235,1.4545,0.136,1
657b7da9c89352fe,2021-12-04,Alex Morono,Mickey Gall,3.0,1.4,a,0.6923,3.0,0.359,1
657b7da9c89352fe,2021-12-04,Mickey Gall,Alex Morono,3.0,1.4,b,0.7037,1.4,-0.0106,0
723a8a8c82cab1c8,2021-12-04,Maki Pitolo,Dusko Todorovic,1.555556,2.55,b,0.3333,2.55,-0.0588,0
723a8a8c82cab1c8,2021-12-04,Dusko Todorovic,Maki Pitolo,1.555556,2.55,a,0.4286,1.5556,-0.2143,0
9e5bbbacf1d92cb4,2021-12-04,Brendan Allen,Chris Curtis,1.273973,3.8,b,1.0,3.8,0.7368,1
9e5bbbacf1d92cb4,2021-12-04,Chris Curtis,Brendan Allen,1.273973,3.8,a,1.0,1.274,0.2151,1
a38648a1c190f9be,2021-12-04,Brad Riddell,Rafael Fiziev,2.05,1.8,a,1.0,2.05,0.5122,1
a38648a1c190f9be,2021-12-04,Rafael Fiziev,Brad Riddell,2.05,1.8,b,0.8889,1.8,0.3333,1
b3847772199e2639,2021-12-04,Jimmy Crute,Jamahal Hill,2.65,1.512821,a,0.6667,2.65,0.2893,1
b3847772199e2639,2021-12-04,Jamahal Hill,Jimmy Crute,2.65,1.512821,a,0.7143,2.65,0.3369,1
c74b03337a8441ed,2021-12-04,Claudio Puelles,Chris Gruetzemacher,1.8,2.05,a,0.75,1.8,0.1944,1
c74b03337a8441ed,2021-12-04,Chris Gruetzemacher,Claudio Puelles,1.8,2.05,b,0.7778,2.05,0.29,1
0b633295d9e017a3,2021-12-11,Amanda Nunes,Julianna Pena,8.0,1.088889,a,0.9333,8.0,0.8083,1
0b633295d9e017a3,2021-12-11,Julianna Pena,Amanda Nunes,8.0,1.088889,b,0.9032,1.0889,-0.0151,0
16243b1470887cb6,2021-12-11,Andre Muniz,Eryk Anders,1.5,2.7,a,1.0,1.5,0.3333,1
16243b1470887cb6,2021-12-11,Eryk Anders,Andre Muniz,1.5,2.7,b,1.0,2.7,0.6296,1
2d0d13dfc6c37ba8,2021-12-11,Geoff Neal,Santiago Ponzinibbio,1.769231,2.1,b,0.7692,2.1,0.293,1
2d0d13dfc6c37ba8,2021-12-11,Santiago Ponzinibbio,Geoff Neal,1.769231,2.1,a,0.7407,1.7692,0.1755,1
505397f405e40206,2021-12-11,Gillian Robertson,Priscila Cachoeira,1.285714,3.7,a,0.6,1.2857,-0.1778,0
505397f405e40206,2021-12-11,Priscila Cachoeira,Gillian Robertson,1.285714,3.7,b,0.619,3.7,0.3488,1
50f2539c73b98eec,2021-12-11,Augusto Sakai,Tai Tuivasa,2.05,1.8,a,0.6667,2.05,0.1789,1
50f2539c73b98eec,2021-12-11,Tai Tuivasa,Augusto Sakai,2.05,1.8,a,0.6842,2.05,0.1964,1
537a5aa4c248830e,2021-12-11,Ryan Hall,Darrick Minner,2.45,1.606061,a,0.8,2.45,0.3918,1
537a5aa4c248830e,2021-12-11,Darrick Minner,Ryan Hall,2.45,1.606061,b,0.8182,1.6061,0.1955,1
6537a32e7af905b0,2021-12-11,Josh Emmett,Dan Ige,2.1,1.769231,a,0.7778,2.1,0.3016,1
6537a32e7af905b0,2021-12-11,Dan Ige,Josh Emmett,2.1,1.769231,b,0.7895,1.7692,0.2243,1
795aa42785a46643,2021-12-11,Kai Kara-France,Cody Garbrandt,2.25,1.689655,a,0.7143,2.25,0.2698,1
795aa42785a46643,2021-12-11,Cody Garbrandt,Kai Kara-France,2.25,1.689655,b,0.7333,1.6897,0.1415,1
8bcdcfb0f93f1409,2021-12-11,Randy Costa,Tony Kelley,2.7,1.5,a,0.5,2.7,0.1296,1
8bcdcfb0f93f1409,2021-12-11,Tony Kelley,Randy Costa,2.7,1.5,a,0.6,2.7,0.2296,1
8c01b7dccc4d0926,2021-12-11,Raulian Paiva,Sean O'Malley,3.4,1.327869,b,0.8571,1.3279,0.1041,1
8c01b7dccc4d0926,2021-12-11,Sean O'Malley,Raulian Paiva,3.4,1.327869,a,0.8667,3.4,0.5725,1
9039762cb9f4abdb,2021-12-11,Jordan Wright,Bruno Silva,1.322581,3.45,a,0.6667,1.3226,-0.0894,0
9039762cb9f4abdb,2021-12-11,Bruno Silva,Jordan Wright,1.322581,3.45,a,0.6923,1.3226,-0.0638,0
abb8c6c0a057184e,2021-12-11,Pedro Munhoz,Dominick Cruz,1.909091,1.909091,b,0.75,1.9091,0.2262,1
abb8c6c0a057184e,2021-12-11,Dominick Cruz,Pedro Munhoz,1.909091,1.909091,a,0.7647,1.9091,0.2409,1
b22eab3aa1522f40,2021-12-11,Charles Oliveira,Dustin Poirier,1.769231,2.1,b,0.8,2.1,0.3238,1
b22eab3aa1522f40,2021-12-11,Dustin Poirier,Charles Oliveira,1.769231,2.1,a,0.7843,1.7692,0.2191,1
fc2a30bfb760bdf8,2021-12-11,Miranda Maverick,Erin Blanchfield,2.3,1.666667,b,1.0,1.6667,0.4,1
fc2a30bfb760bdf8,2021-12-11,Erin Blanchfield,Miranda Maverick,2.3,1.666667,a,1.0,2.3,0.5652,1
2a5484a6d5e7a2da,2021-12-18,Cub Swanson,Darren Elkins,2.4,1.625,b,0.6667,1.625,0.0513,1
2a5484a6d5e7a2da,2021-12-18,Darren Elkins,Cub Swanson,2.4,1.625,a,0.6531,2.4,0.2364,1
2e200563dd7c4922,2021-12-18,Amanda Lemos,Angela Hill,1.344828,3.3,a,0.8,1.3448,0.0564,1
2e200563dd7c4922,2021-12-18,Angela Hill,Amanda Lemos,1.344828,3.3,b,0.8182,3.3,0.5152,1
4b7ec02b39fc6f70,2021-12-18,Derrick Lewis,Chris Daukaus,1.714286,2.2,b,1.0,2.2,0.5455,1
4b7ec02b39fc6f70,2021-12-18,Chris Daukaus,Derrick Lewis,1.714286,2.2,a,0.8889,1.7143,0.3056,1
730f14ccff80f3b0,2021-12-18,Diego Ferreira,Mateusz Gamrot,1.4,3.0,a,0.6667,1.4,-0.0476,0
730f14ccff80f3b0,2021-12-18,Mateusz Gamrot,Diego Ferreira,1.4,3.0,a,0.7143,1.4,0.0,0
85d9a516c3c6c205,2021-12-18,Raquel Pennington,Macy Chiasson,2.15,1.740741,b,0.8333,1.7407,0.2589,1
85d9a516c3c6c205,2021-12-18,Macy Chiasson,Raquel Pennington,2.15,1.740741,a,0.7692,2.15,0.3041,1
8b3b38167060b1d7,2021-12-18,Stephen Thompson,Belal Muhammad,1.425532,2.9,b,0.7692,2.9,0.4244,1
8b3b38167060b1d7,2021-12-18,Belal Muhammad,Stephen Thompson,1.425532,2.9,a,0.7778,1.4255,0.0763,1
a43dcd04788d95c7,2021-12-18,Raphael Assuncao,Ricky Simon,3.35,1.333333,b,0.75,1.3333,-0.0,0
a43dcd04788d95c7,2021-12-18,Ricky Simon,Raphael Assuncao,3.35,1.333333,a,0.7647,3.35,0.4662,1
a760d0f5de2e1aaa,2021-12-18,Don'Tale Mayes,Josh Parisian,1.606061,2.45,b,0.5,2.45,0.0918,1
a760d0f5de2e1aaa,2021-12-18,Josh Parisian,Don'Tale Mayes,1.606061,2.45,b,0.4286,2.45,0.0204,0
b4f88d65b47c2a39,2021-12-18,Charles Jourdain,Andre Ewell,2.9,1.425532,b,0.5,1.4255,-0.2015,0
b4f88d65b47c2a39,2021-12-18,Andre Ewell,Charles Jourdain,2.9,1.425532,a,0.4706,2.9,0.1258,1
bdaca0a96d44438a,2021-12-18,Dustin Stoltzfus,Gerald Meerschaert,1.425532,2.9,b,0.5714,2.9,0.2266,1
bdaca0a96d44438a,2021-12-18,Gerald Meerschaert,Dustin Stoltzfus,1.425532,2.9,a,0.5862,1.4255,-0.1153,0
dd552b389152636a,2021-12-18,Sijara Eubanks,Melissa Gatto,1.606061,2.45,b,1.0,2.45,0.5918,1
dd552b389152636a,2021-12-18,Melissa Gatto,Sijara Eubanks,1.606061,2.45,a,1.0,1.6061,0.3774,1
ea76a3af8c5ecc55,2021-12-18,Jordan Leavitt,Matt Sayles,2.2,1.714286,a,0.5,2.2,0.0455,1
ea76a3af8c5ecc55,2021-12-18,Matt Sayles,Jordan Leavitt,2.2,1.714286,b,0.6,1.7143,0.0167,0
fc0927c657c51622,2021-12-18,Justin Tafa,Harry Hunsucker,1.3125,3.5,a,0.25,1.3125,-0.5119,0
fc0927c657c51622,2021-12-18,Harry Hunsucker,Justin Tafa,1.3125,3.5,b,0.3333,3.5,0.0476,1
3738135e4c9d8273,2022-01-15,Court McGee,Ramiz Brahimaj,1.8,2.05,a,0.5,1.8,-0.0556,0
3738135e4c9d8273,2022-01-15,Ramiz Brahimaj,Court McGee,1.8,2.05,b,0.5135,2.05,0.0257,0
3a8c0158d910546d,2022-01-15,TJ Brown,Charles Rosa,2.8,1.454545,b,0.4545,1.4545,-0.233,0
3a8c0158d910546d,2022-01-15,Charles Rosa,TJ Brown,2.8,1.454545,a,0.4348,2.8,0.0776,1
3bcbb0e039f4f5d8,2022-01-15,Jake Collier,Chase Sherman,2.2,1.714286,a,0.4444,2.2,-0.0101,0
3bcbb0e039f4f5d8,2022-01-15,Chase Sherman,Jake Collier,2.2,1.714286,b,0.4737,1.7143,-0.1096,0
7c2a02b5ea169b54,2022-01-15,Brian Kelleher,Kevin Croom,3.9,1.263158,a,0.5833,3.9,0.3269,1
7c2a02b5ea169b54,2022-01-15,Kevin Croom,Brian Kelleher,3.9,1.263158,b,0.6,1.2632,-0.1917,0
8d89f3b8798f444d,2022-01-15,Brandon Royval,Rogerio Bontorin,2.35,1.645161,a,0.5,2.35,0.0745,1
8d89f3b8798f444d,2022-01-15,Rogerio Bontorin,Brandon Royval,2.35,1.645161,b,0.5556,1.6452,-0.0523,0
9dfcf675cf2c1575,2022-01-15,Calvin Kattar,Giga Chikadze,2.85,1.444444,b,1.0,1.4444,0.3077,1
9dfcf675cf2c1575,2022-01-15,Giga Chikadze,Calvin Kattar,2.85,1.444444,a,0.9333,2.85,0.5825,1
f9a4e625dffc30d4,2022-01-15,Katlyn Cerminara,Jennifer Maia,2.75,1.47619,a,0.6923,2.75,0.3287,1
f9a4e625dffc30d4,2022-01-15,Jennifer Maia,Katlyn Cerminara,2.75,1.47619,b,0.7037,1.4762,0.0263,0
4047c2e259529179,2022-01-22,Silvana Gomez Juarez,Vanessa Demopoulos,1.666667,2.25,a,0.5,1.6667,-0.1,0
4047c2e259529179,2022-01-22,Vanessa Demopoulos,Silvana Gomez Juarez,1.666667,2.25,a,0.3333,1.6667,-0.2667,0
80f65ee9b6f8d63b,2022-01-22,Cody Stamann,Said Nurmagomedov,1.555556,2.55,b,0.75,2.55,0.3578,1
80f65ee9b6f8d63b,2022-01-22,Said Nurmagomedov,Cody Stamann,1.555556,2.55,a,0.7778,1.5556,0.1349,1
cddd3d4febe097f8,2022-01-22,Brandon Moreno,Deiveson Figueiredo,1.512821,2.65,b,0.8182,2.65,0.4408,1
cddd3d4febe097f8,2022-01-22,Deiveson Figueiredo,Brandon Moreno,1.512821,2.65,a,0.8261,1.5128,0.1651,1
e786542667fdecf0,2022-01-22,Francis Ngannou,Ciryl Gane,1.625,2.35,b,1.0,2.35,0.5745,1
e786542667fdecf0,2022-01-22,Ciryl Gane,Francis Ngannou,1.625,2.35,a,0.9333,1.625,0.3179,1
0730c4e6fb247fa1,2022-02-05,Sam Alvey,Brendan Allen,1.25,4.0,b,0.7143,4.0,0.4643,1
0730c4e6fb247fa1,2022-02-05,Brendan Allen,Sam Alvey,1.25,4.0,a,0.7333,1.25,-0.0667,0
208c5dc52ccfd47a,2022-02-05,Julian Erosa,Steven Peterson,1.322581,3.45,b,0.5,3.45,0.2101,1
208c5dc52ccfd47a,2022-02-05,Steven Peterson,Julian Erosa,1.322581,3.45,b,0.4737,3.45,0.1838,1
4b67a1875390e7ad,2022-02-05,Jack Hermansson,Sean Strickland,3.0,1.4,b,0.7857,1.4,0.0714,1
4b67a1875390e7ad,2022-02-05,Sean Strickland,Jack Hermansson,3.0,1.4,a,0.7931,3.0,0.4598,1
6b4c2cc27855506a,2022-02-05,Shavkat Rakhmonov,Carlston Harris,1.357143,3.25,a,1.0,1.3571,0.2632,1
6b4c2cc27855506a,2022-02-05,Carlston Harris,Shavkat Rakhmonov,1.357143,3.25,b,1.0,3.25,0.6923,1
ace166f26c2ac2e8,2022-02-05,Punahele Soriano,Nick Maximov,2.6,1.526316,b,1.0,1.5263,0.3448,1
ace166f26c2ac2e8,2022-02-05,Nick Maximov,Punahele Soriano,2.6,1.526316,a,1.0,2.6,0.6154,1
18a1617ee7356352,2022-02-12,Jared Cannonier,Derek Brunson,1.625,2.4,b,0.7368,2.4,0.3202,1
18a1617ee7356352,2022-02-12,Derek Brunson,Jared Cannonier,1.625,2.4,a,0.7179,1.625,0.1026,1
19e742ccaa09cf08,2022-02-12,Mana Martinez,Ronnie Lawrence,3.6,1.298507,a,1.0,3.6,0.7222,1
19e742ccaa09cf08,2022-02-12,Ronnie Lawrence,Mana Martinez,3.6,1.298507,a,1.0,3.6,0.7222,1
238832b58a66ae07,2022-02-12,Alexander Hernandez,Renato Moicano,2.3,1.666667,b,0.6364,1.6667,0.0364,1
238832b58a66ae07,2022-02-12,Renato Moicano,Alexander Hernandez,2.3,1.666667,a,0.6522,2.3,0.2174,1
3bebd99d5f94bec7,2022-02-12,Carlos Ulberg,Fabio Cherant,3.15,1.377358,a,0.5,3.15,0.1825,1
3bebd99d5f94bec7,2022-02-12,Fabio Cherant,Carlos Ulberg,3.15,1.377358,b,0.3333,1.3774,-0.3927,0
6708f3a32861038a,2022-02-12,William Knight,Maxim Grishin,2.4,1.625,a,0.75,2.4,0.3333,1
6708f3a32861038a,2022-02-12,Maxim Grishin,William Knight,2.4,1.625,b,0.6667,1.625,0.0513,1
81c22cfa22002ea4,2022-02-12,Andrei Arlovski,Jared Vanderaa,1.625,1.689655,a,0.6061,1.625,-0.0093,0
81c22cfa22002ea4,2022-02-12,Jared Vanderaa,Andrei Arlovski,1.625,1.689655,b,0.6119,1.6897,0.0201,0
821bef3a3394dd96,2022-02-12,Douglas Silva de Andrade,Sergey Morozov,1.47619,2.75,a,0.5556,1.4762,-0.1219,0
821bef3a3394dd96,2022-02-12,Sergey Morozov,Douglas Silva de Andrade,1.47619,2.75,b,0.5789,2.75,0.2153,1
a0ba726da4a50458,2022-02-12,Kyler Phillips,Marcelo Rojo,4.3,1.229885,a,0.75,4.3,0.5174,1
a0ba726da4a50458,2022-02-12,Marcelo Rojo,Kyler Phillips,4.3,1.229885,b,0.7778,1.2299,-0.0353,0
b1e048825b5bbe1c,2022-02-12,Roxanne Modafferi,Casey O'Neill,1.285714,3.7,b,1.0,3.7,0.7297,1
b1e048825b5bbe1c,2022-02-12,Casey O'Neill,Roxanne Modafferi,1.285714,3.7,a,1.0,1.2857,0.2222,1
bb42336d6417914c,2022-02-12,Derrick Lewis,Tai Tuivasa,2.45,1.606061,a,0.7391,2.45,0.331,1
bb42336d6417914c,2022-02-12,Tai Tuivasa,Derrick Lewis,2.45,1.606061,b,0.7234,1.6061,0.1008,1
ca8f73d038c4d6e7,2022-02-12,Israel Adesanya,Robert Whittaker,1.322581,3.45,a,0.9091,1.3226,0.153,1
ca8f73d038c4d6e7,2022-02-12,Robert Whittaker,Israel Adesanya,1.322581,3.45,b,0.913,3.45,0.6232,1
04e2d50c24a88dbd,2022-02-19,Joaquin Buckley,Abdul Razak Alhassan,1.645161,2.35,a,0.6,1.6452,-0.0078,0
04e2d50c24a88dbd,2022-02-19,Abdul Razak Alhassan,Joaquin Buckley,1.645161,2.35,b,0.6364,2.35,0.2108,1
25da52bc590ef664,2022-02-19,Gabriel Benitez,David Onama,2.65,1.512821,a,0.5455,2.65,0.1681,1
25da52bc590ef664,2022-02-19,David Onama,Gabriel Benitez,2.65,1.512821,b,0.5217,1.5128,-0.1393,0
2d8db91f91f68069,2022-02-19,Chas Skelly,Mark Striegl,1.47619,2.75,a,0.7,1.4762,0.0226,0
2d8db91f91f68069,2022-02-19,Mark Striegl,Chas Skelly,1.47619,2.75,b,0.7143,2.75,0.3506,1
33cc40fc1da409d3,2022-02-19,Diana Belbita,Gloria de Paula,2.05,1.8,a,0.3333,2.05,-0.1545,0
33cc40fc1da409d3,2022-02-19,Gloria de Paula,Diana Belbita,2.05,1.8,b,0.2857,1.8,-0.2698,0
93026443e5140415,2022-02-19,Parker Porter,Alan Baudot,1.357143,3.25,a,0.6667,1.3571,-0.0702,0
93026443e5140415,2022-02-19,Alan Baudot,Parker Porter,1.357143,3.25,b,0.7143,3.25,0.4066,1
99fd8396cbe1df03,2022-02-19,Kyle Daukaus,Jamie Pickett,3.6,1.298507,b,0.5,1.2985,-0.2701,0
99fd8396cbe1df03,2022-02-19,Jamie Pickett,Kyle Daukaus,3.6,1.298507,a,0.4444,3.6,0.1667,1
e36a5d4d53b97d4e,2022-02-19,Jessica-Rose Clark,Stephanie Egger,2.45,1.606061,a,0.6667,2.45,0.2585,1
e36a5d4d53b97d4e,2022-02-19,Stephanie Egger,Jessica-Rose Clark,2.45,1.606061,b,0.6154,1.6061,-0.0073,0
f7865e5a6d009a87,2022-02-19,Johnny Walker,Jamahal Hill,1.444444,2.85,b,0.75,2.85,0.3991,1
f7865e5a6d009a87,2022-02-19,Jamahal Hill,Johnny Walker,1.444444,2.85,a,0.7778,1.4444,0.0855,1
01468f766dd7385c,2022-02-26,Misha Cirkunov,Wellington Turman,2.3,1.666667,a,0.5455,2.3,0.1107,1
01468f766dd7385c,2022-02-26,Wellington Turman,Misha Cirkunov,2.3,1.666667,b,0.5217,1.6667,-0.0783,0
8515f07911765f89,2022-02-26,Arman Tsarukyan,Joel Alvarez,3.15,1.377358,a,0.8,3.15,0.4825,1
8515f07911765f89,2022-02-26,Joel Alvarez,Arman Tsarukyan,3.15,1.377358,b,0.8182,1.3774,0.0922,1
901e62b7af57f559,2022-02-26,Alejandro Perez,Jonathan Martinez,3.45,1.322581,a,0.7273,3.45,0.4374,1
901e62b7af57f559,2022-02-26,Jonathan Martinez,Alejandro Perez,3.45,1.322581,b,0.6957,1.3226,-0.0604,0
c4eb14c3de579842,2022-02-26,Ji Yeon Kim,Priscila Cachoeira,1.555556,2.55,a,0.4286,1.5556,-0.2143,0
c4eb14c3de579842,2022-02-26,Priscila Cachoeira,Ji Yeon Kim,1.555556,2.55,b,0.4,2.55,0.0078,0
c5d5fcf290cc029e,2022-02-26,Ramiz Brahimaj,Micheal Gillmore,1.235294,4.2,a,0.3333,1.2353,-0.4762,0
c5d5fcf290cc029e,2022-02-26,Micheal Gillmore,Ramiz Brahimaj,1.235294,4.2,b,0.4286,4.2,0.1905,1
cb1f27818d46af0e,2022-02-26,Terrance McKinney,Fares Ziam,1.869565,1.952381,a,1.0,1.8696,0.4651,1
cb1f27818d46af0e,2022-02-26,Fares Ziam,Terrance McKinney,1.869565,1.952381,b,1.0,1.9524,0.4878,1
36d9337a27b71ba9,2022-03-05,Devonte Smith,Ludovit Klein,1.689655,2.25,a,0.6,1.6897,0.0082,0
36d9337a27b71ba9,2022-03-05,Ludovit Klein,Devonte Smith,1.689655,2.25,b,0.5455,2.25,0.101,1
43b43c5d439b2f98,2022-03-05,Kevin Holland,Alex Oliveira,1.229885,4.3,a,0.6667,1.2299,-0.1464,0
43b43c5d439b2f98,2022-03-05,Alex Oliveira,Kevin Holland,1.229885,4.3,b,0.68,4.3,0.4474,1
59d44b6888885500,2022-03-05,Brian Kelleher,Umar Nurmagomedov,1.1,7.5,b,1.0,7.5,0.8667,1
59d44b6888885500,2022-03-05,Umar Nurmagomedov,Brian Kelleher,1.1,7.5,a,1.0,1.1,0.0909,1
838bb84a5a976a9c,2022-03-05,Rafael Dos Anjos,Renato Moicano,1.526316,2.6,b,0.6667,2.6,0.2821,1
838bb84a5a976a9c,2022-03-05,Renato Moicano,Rafael Dos Anjos,1.526316,2.6,a,0.64,1.5263,-0.0152,0
9321b3c90ea5ca6c,2022-03-05,Marina Rodriguez,Yan Xiaonan,3.4,1.327869,b,0.8571,1.3279,0.1041,1
9321b3c90ea5ca6c,2022-03-05,Yan Xiaonan,Marina Rodriguez,3.4,1.327869,b,0.8462,1.3279,0.0931,1
abd45edc07a8d9e3,2022-03-05,Edson Barboza,Bryce Mitchell,2.5,1.588235,b,1.0,1.5882,0.3704,1
abd45edc07a8d9e3,2022-03-05,Bryce Mitchell,Edson Barboza,2.5,1.588235,a,1.0,2.5,0.6,1
c420c376cc1d149c,2022-03-05,Tim Elliott,Tagir Ulanbekov,2.9,1.425532,b,1.0,1.4255,0.2985,1
c420c376cc1d149c,2022-03-05,Tagir Ulanbekov,Tim Elliott,2.9,1.425532,a,0.8,2.9,0.4552,1
c6fc43c351b08bda,2022-03-05,Maryna Moroz,Mariya Agapova,1.606061,2.45,b,0.6667,2.45,0.2585,1
c6fc43c351b08bda,2022-03-05,Mariya Agapova,Maryna Moroz,1.606061,2.45,b,0.6471,2.45,0.2389,1
cda06ff86cfe4f5f,2022-03-05,Serghei Spivac,Greg Hardy,2.55,1.555556,a,0.5714,2.55,0.1793,1
cda06ff86cfe4f5f,2022-03-05,Greg Hardy,Serghei Spivac,2.55,1.555556,b,0.6,1.5556,-0.0429,0
d03d0abf331df751,2022-03-05,Colby Covington,Jorge Masvidal,3.45,1.322581,a,0.7857,3.45,0.4959,1
d03d0abf331df751,2022-03-05,Jorge Masvidal,Colby Covington,3.45,1.322581,b,0.7931,1.3226,0.037,1
d5323490163dde0e,2022-03-05,Dustin Jacoby,Michal Oleksiejczuk,2.65,1.512821,a,0.6667,2.65,0.2893,1
d5323490163dde0e,2022-03-05,Michal Oleksiejczuk,Dustin Jacoby,2.65,1.512821,b,0.6923,1.5128,0.0313,1
ee278a5a25744cac,2022-03-05,Nicolae Negumereanu,Kennedy Nzechukwu,1.740741,2.15,a,0.6667,1.7407,0.0922,1
ee278a5a25744cac,2022-03-05,Kennedy Nzechukwu,Nicolae Negumereanu,1.740741,2.15,b,0.7143,2.15,0.2492,1
fce6ab43b7d09aa4,2022-03-05,Jalin Turner,Jamie Mullarkey,1.625,2.4,a,0.6667,1.625,0.0513,1
fce6ab43b7d09aa4,2022-03-05,Jamie Mullarkey,Jalin Turner,1.625,2.4,b,0.6923,2.4,0.2756,1
226884e46a10865d,2022-03-12,Alex Pereira,Bruno Silva,2.8,1.454545,a,1.0,2.8,0.6429,1
226884e46a10865d,2022-03-12,Bruno Silva,Alex Pereira,2.8,1.454545,b,1.0,1.4545,0.3125,1
23eec2d9cb2d78cd,2022-03-12,Khalil Rountree Jr.,Karl Roberson,1.689655,2.25,a,0.5,1.6897,-0.0918,0
23eec2d9cb2d78cd,2022-03-12,Karl Roberson,Khalil Rountree Jr.,1.689655,2.25,b,0.5238,2.25,0.0794,1
26fbee4ed13ff35d,2022-03-12,JJ Aldrich,Gillian Robertson,1.833333,2.0,a,0.6667,1.8333,0.1212,1
26fbee4ed13ff35d,2022-03-12,Gillian Robertson,JJ Aldrich,1.833333,2.0,b,0.6842,2.0,0.1842,1
463fac0e48505b62,2022-03-12,Drew Dober,Terrance McKinney,1.645161,2.35,b,1.0,2.35,0.5745,1
463fac0e48505b62,2022-03-12,Terrance McKinney,Drew Dober,1.645161,2.35,a,0.8,1.6452,0.1922,1
5cad3ab6553e9ec9,2022-03-12,Damon Jackson,Kamuela Kirk,1.769231,2.1,b,1.0,2.1,0.5238,1
5cad3ab6553e9ec9,2022-03-12,Kamuela Kirk,Damon Jackson,1.769231,2.1,a,0.6667,1.7692,0.1014,1
70b8d357e89383bd,2022-03-12,Sodiq Yusuff,Alex Caceres,3.3,1.344828,a,0.8,3.3,0.497,1
70b8d357e89383bd,2022-03-12,Alex Caceres,Sodiq Yusuff,3.3,1.344828,b,0.8182,1.3448,0.0746,1
8aa16cc1ba99aac1,2022-03-12,Thiago Santos,Magomed Ankalaev,1.15873,5.5,b,0.875,5.5,0.6932,1
8aa16cc1ba99aac1,2022-03-12,Magomed Ankalaev,Thiago Santos,1.15873,5.5,a,0.8824,1.1587,0.0193,0
9cb78122a23e6a7d,2022-03-12,Dalcha Lungiambula,Cody Brundage,1.689655,2.25,a,0.5,1.6897,-0.0918,0
9cb78122a23e6a7d,2022-03-12,Cody Brundage,Dalcha Lungiambula,1.689655,2.25,b,0.4444,2.25,0.0,0
b400c29fbeee0206,2022-03-12,Kris Moutinho,Guido Cannetti,1.625,2.4,b,0.2857,2.4,-0.131,0
b400c29fbeee0206,2022-03-12,Guido Cannetti,Kris Moutinho,1.625,2.4,a,0.3333,1.625,-0.2821,0
b55de7d791b9f62d,2022-03-12,Sabina Mazo,Miranda Maverick,3.8,1.273973,a,0.5,3.8,0.2368,1
b55de7d791b9f62d,2022-03-12,Miranda Maverick,Sabina Mazo,3.8,1.273973,a,0.5556,3.8,0.2924,1
06641a8c62e45661,2022-03-19,Alexander Volkov,Tom Aspinall,2.15,1.740741,b,1.0,1.7407,0.4255,1
06641a8c62e45661,2022-03-19,Tom Aspinall,Alexander Volkov,2.15,1.740741,a,1.0,2.15,0.5349,1
53d0df57a917c6a0,2022-03-19,Jack Shore,Timur Valiev,2.1,1.769231,a,1.0,2.1,0.5238,1
53d0df57a917c6a0,2022-03-19,Timur Valiev,Jack Shore,2.1,1.769231,b,1.0,1.7692,0.4348,1
5a878a6bebc973d7,2022-03-19,Molly McCann,Luana Carolina,1.714286,2.2,b,0.75,2.2,0.2955,1
5a878a6bebc973d7,2022-03-19,Luana Carolina,Molly McCann,1.714286,2.2,a,0.6667,1.7143,0.0833,1
5e378c52f26935d6,2022-03-19,Cory McKenna,Elise Reed,1.333333,3.35,a,1.0,1.3333,0.25,1
5e378c52f26935d6,2022-03-19,Elise Reed,Cory McKenna,1.333333,3.35,b,0.6667,3.35,0.3682,1
6e705b2365bc03fa,2022-03-19,Mike Grundy,Makwan Amirkhani,1.416667,2.95,b,0.5455,2.95,0.2065,1
6e705b2365bc03fa,2022-03-19,Makwan Amirkhani,Mike Grundy,1.416667,2.95,a,0.5652,1.4167,-0.1407,0
766b4f5e77ab0860,2022-03-19,Nikita Krylov,Paul Craig,1.5,2.7,b,0.6364,2.7,0.266,1
766b4f5e77ab0860,2022-03-19,Paul Craig,Nikita Krylov,1.5,2.7,a,0.6522,1.5,-0.0145,0
a200b5dcbdd2506e,2022-03-19,Jai Herbert,Ilia Topuria,5.35,1.166667,b,1.0,1.1667,0.1429,1
a200b5dcbdd2506e,2022-03-19,Ilia Topuria,Jai Herbert,5.35,1.166667,a,1.0,5.35,0.8131,1
ae989e21c3839b49,2022-03-19,Shamil Abdurakhimov,Sergei Pavlovich,3.7,1.285714,b,0.6667,1.2857,-0.1111,0
ae989e21c3839b49,2022-03-19,Sergei Pavlovich,Shamil Abdurakhimov,3.7,1.285714,a,0.7143,3.7,0.444,1
bcd1e1d71a172d53,2022-03-19,Gunnar Nelson,Takashi Sato,4.85,1.190476,a,0.6154,4.85,0.4092,1
bcd1e1d71a172d53,2022-03-19,Takashi Sato,Gunnar Nelson,4.85,1.190476,b,0.6296,1.1905,-0.2104,0
ce3d94186567a684,2022-03-19,Arnold Allen,Dan Hooker,1.909091,1.909091,a,1.0,1.9091,0.4762,1
ce3d94186567a684,2022-03-19,Dan Hooker,Arnold Allen,1.909091,1.909091,b,1.0,1.9091,0.4762,1
1b650c76387c0f4b,2022-03-26,Joanne Wood,Alexa Grasso,3.4,1.327869,b,0.625,1.3279,-0.1281,0
1b650c76387c0f4b,2022-03-26,Alexa Grasso,Joanne Wood,3.4,1.327869,a,0.6471,3.4,0.3529,1
3ecccdab76baa59c,2022-03-26,Jennifer Maia,Manon Fiorot,1.196078,4.75,b,1.0,4.75,0.7895,1
3ecccdab76baa59c,2022-03-26,Manon Fiorot,Jennifer Maia,1.196078,4.75,a,1.0,1.1961,0.1639,1
3f92025b29e06bfd,2022-03-26,Neil Magny,Max Griffin,1.357143,3.25,a,0.72,1.3571,-0.0168,0
3f92025b29e06bfd,2022-03-26,Max Griffin,Neil Magny,1.357143,3.25,b,0.7255,3.25,0.4178,1
410e65e4d1782bfc,2022-03-26,Askar Askarov,Kai Kara-France,4.4,1.222222,a,1.0,4.4,0.7727,1
410e65e4d1782bfc,2022-03-26,Kai Kara-France,Askar Askarov,4.4,1.222222,b,0.8571,1.2222,0.039,1
82b2b97b85c7225c,2022-03-26,Matheus Nicolau,David Dvorak,2.05,1.8,b,1.0,1.8,0.4444,1
82b2b97b85c7225c,2022-03-26,David Dvorak,Matheus Nicolau,2.05,1.8,a,0.8571,2.05,0.3693,1
97e522591ac7eb29,2022-03-26,Luis Saldana,Bruno Souza,1.666667,2.3,a,0.5,1.6667,-0.1,0
97e522591ac7eb29,2022-03-26,Bruno Souza,Luis Saldana,1.666667,2.3,b,0.6,2.3,0.1652,1
bb31c77bddd1317e,2022-03-26,Sara McMann,Karol Rosa,1.363636,3.2,b,1.0,3.2,0.6875,1
bb31c77bddd1317e,2022-03-26,Karol Rosa,Sara McMann,1.363636,3.2,a,0.8889,1.3636,0.1556,1
c4e866d9dd606faa,2022-03-26,Curtis Blaydes,Chris Daukaus,5.35,1.166667,b,0.8,1.1667,-0.0571,0
c4e866d9dd606faa,2022-03-26,Chris Daukaus,Curtis Blaydes,5.35,1.166667,b,0.7778,1.1667,-0.0794,0
d0b7a79d3e7f3362,2022-03-26,Chris Gutierrez,Batgerel Danaa,1.645161,2.35,a,0.8333,1.6452,0.2255,1
d0b7a79d3e7f3362,2022-03-26,Batgerel Danaa,Chris Gutierrez,1.645161,2.35,b,0.8462,2.35,0.4206,1
f3c37e23ca30c87d,2022-03-26,Matt Brown,Bryan Barberena,1.952381,1.869565,a,0.5714,1.9524,0.0592,1
f3c37e23ca30c87d,2022-03-26,Bryan Barberena,Matt Brown,1.952381,1.869565,b,0.5614,1.8696,0.0265,0
f6afaf2a39fa441c,2022-03-26,Marc Diakiese,Viacheslav Borshchev,1.740741,2.15,b,1.0,2.15,0.5349,1
f6afaf2a39fa441c,2022-03-26,Viacheslav Borshchev,Marc Diakiese,1.740741,2.15,a,0.6667,1.7407,0.0922,1
15311d4b33d93004,2022-04-09,Vinc Pichel,Mark Madsen,1.8,2.05,b,1.0,2.05,0.5122,1
15311d4b33d93004,2022-04-09,Mark Madsen,Vinc Pichel,1.8,2.05,a,1.0,1.8,0.4444,1
278b965694e563b2,2022-04-09,Aleksei Oleinik,Jared Vanderaa,1.666667,2.3,a,0.5333,1.6667,-0.0667,0
278b965694e563b2,2022-04-09,Jared Vanderaa,Aleksei Oleinik,1.666667,2.3,b,0.5484,2.3,0.1136,1
394b0347b0438622,2022-04-09,Gilbert Burns,Khamzat Chimaev,4.75,1.196078,b,1.0,1.1961,0.1639,1
394b0347b0438622,2022-04-09,Khamzat Chimaev,Gilbert Burns,4.75,1.196078,a,1.0,4.75,0.7895,1
88c6e7f71b79fd65,2022-04-09,Aspen Ladd,Raquel Pennington,2.35,1.645161,a,0.6667,2.35,0.2411,1
88c6e7f71b79fd65,2022-04-09,Raquel Pennington,Aspen Ladd,2.35,1.645161,a,0.6774,2.35,0.2519,1
9a8964b148cb5923,2022-04-09,Aljamain Sterling,Petr Yan,4.1,1.243902,b,0.8889,1.2439,0.085,1
9a8964b148cb5923,2022-04-09,Petr Yan,Aljamain Sterling,4.1,1.243902,a,0.8421,4.1,0.5982,1
dc0ab34f1952cb48,2022-04-09,Alexander Volkanovski,Chan Sung Jung,5.35,1.166667,a,1.0,5.35,0.8131,1
dc0ab34f1952cb48,2022-04-09,Chan Sung Jung,Alexander Volkanovski,5.35,1.166667,b,1.0,1.1667,0.1429,1
0987b3f785e26d1c,2022-04-16,Rafa Garcia,Jesse Ronson,1.740741,2.15,a,0.3333,1.7407,-0.2411,0
0987b3f785e26d1c,2022-04-16,Jesse Ronson,Rafa Garcia,1.740741,2.15,b,0.4286,2.15,-0.0365,0
0daf776bd222daad,2022-04-16,Istela Nunes,Sam Hughes,2.95,1.416667,a,0.5,2.95,0.161,1
0daf776bd222daad,2022-04-16,Sam Hughes,Istela Nunes,2.95,1.416667,a,0.1429,2.95,-0.1961,0
4f6e7159e77d4215,2022-04-16,Pat Sabatini,TJ Laramie,1.15873,5.5,a,1.0,1.1587,0.137,1
4f6e7159e77d4215,2022-04-16,TJ Laramie,Pat Sabatini,1.15873,5.5,b,1.0,5.5,0.8182,1
6d4b6224f26572f9,2022-04-16,Vicente Luque,Belal Muhammad,1.555556,2.55,a,0.8235,1.5556,0.1807,1
6d4b6224f26572f9,2022-04-16,Belal Muhammad,Vicente Luque,1.555556,2.55,b,0.8,2.55,0.4078,1
74c58b9d638c5eaa,2022-04-16,Drakkar Klose,Brandon Jenkins,5.25,1.169492,a,0.7143,5.25,0.5238,1
74c58b9d638c5eaa,2022-04-16,Brandon Jenkins,Drakkar Klose,5.25,1.169492,b,0.7333,1.1695,-0.1217,0
7c5fc3fc7be4a997,2022-04-16,Miguel Baeza,Andre Fialho,2.55,1.555556,a,0.6,2.55,0.2078,1
7c5fc3fc7be4a997,2022-04-16,Andre Fialho,Miguel Baeza,2.55,1.555556,b,0.5455,1.5556,-0.0974,0
b09f8cd4cbd7ba56,2022-04-16,Devin Clark,William Knight,2.6,1.526316,b,0.6,1.5263,-0.0552,0
b09f8cd4cbd7ba56,2022-04-16,William Knight,Devin Clark,2.6,1.526316,a,0.5455,2.6,0.1608,1
c20e6697335c3b3d,2022-04-16,Lina Lansberg,Pannie Kianzad,4.85,1.190476,b,0.5714,1.1905,-0.2686,0
c20e6697335c3b3d,2022-04-16,Pannie Kianzad,Lina Lansberg,4.85,1.190476,a,0.6,4.85,0.3938,1
173d576e6247a88a,2022-04-23,Lando Vannata,Charles Jourdain,1.869565,1.952381,b,0.5,1.9524,-0.0122,0
173d576e6247a88a,2022-04-23,Charles Jourdain,Lando Vannata,1.869565,1.952381,a,0.5385,1.8696,0.0036,0
3a3ac7b3987f6799,2022-04-23,Amanda Lemos,Jessica Andrade,2.9,1.425532,a,0.8333,2.9,0.4885,1
3a3ac7b3987f6799,2022-04-23,Jessica Andrade,Amanda Lemos,2.9,1.425532,b,0.7692,1.4255,0.0677,1
6017351e164dbca3,2022-04-23,Clay Guida,Claudio Puelles,2.05,1.8,b,0.8,1.8,0.2444,1
6017351e164dbca3,2022-04-23,Claudio Puelles,Clay Guida,2.05,1.8,a,0.8182,2.05,0.3304,1
6a4ba72b084193b5,2022-04-23,Marcin Prachnio,Philipe Lins,2.05,1.8,a,0.4,2.05,-0.0878,0
6a4ba72b084193b5,2022-04-23,Philipe Lins,Marcin Prachnio,2.05,1.8,b,0.3636,1.8,-0.1919,0
926977ec3ed0ebe1,2022-04-23,Aoriqileng,Cameron Else,2.85,1.444444,a,0.5,2.85,0.1491,1
926977ec3ed0ebe1,2022-04-23,Cameron Else,Aoriqileng,2.85,1.444444,b,0.2,1.4444,-0.4923,0
992e84bf59837e21,2022-04-23,Jordan Wright,Marc-Andre Barriault,1.454545,2.8,a,0.5,1.4545,-0.1875,0
992e84bf59837e21,2022-04-23,Marc-Andre Barriault,Jordan Wright,1.454545,2.8,b,0.4444,2.8,0.0873,1
9b8a82276f06829f,2022-04-23,Dwight Grant,Sergey Khandozhko,2.05,1.8,a,0.5,2.05,0.0122,0
9b8a82276f06829f,2022-04-23,Sergey Khandozhko,Dwight Grant,2.05,1.8,a,0.6,2.05,0.1122,1
a45d4327bc82bc28,2022-04-23,Maycee Barber,Montana De La Rosa,1.555556,2.55,b,0.7143,2.55,0.3221,1
a45d4327bc82bc28,2022-04-23,Montana De La Rosa,Maycee Barber,1.555556,2.55,b,0.6923,2.55,0.3002,1
e8c57c6259193466,2022-04-23,Tyson Pedro,Ike Villanueva,1.15873,5.5,a,0.5,1.1587,-0.363,0
e8c57c6259193466,2022-04-23,Ike Villanueva,Tyson Pedro,1.15873,5.5,b,0.5385,5.5,0.3566,1
5ae5eb729c6bb169,2022-04-30,Rob Font,Marlon Vera,1.952381,1.869565,a,0.6923,1.9524,0.1801,1
5ae5eb729c6bb169,2022-04-30,Marlon Vera,Rob Font,1.952381,1.869565,a,0.6757,1.9524,0.1635,1
632c2d4ed12f2bdf,2022-04-30,Andre Fili,Joanderson Brito,3.1,1.384615,a,0.5625,3.1,0.2399,1
632c2d4ed12f2bdf,2022-04-30,Joanderson Brito,Andre Fili,3.1,1.384615,b,0.5455,1.3846,-0.1768,0
6b956992204ec040,2022-04-30,Krzysztof Jotko,Gerald Meerschaert,1.5,2.7,a,0.6667,1.5,0.0,0
6b956992204ec040,2022-04-30,Gerald Meerschaert,Krzysztof Jotko,1.5,2.7,b,0.6774,2.7,0.307,1
760e3f292b834637,2022-04-30,Darren Elkins,Tristan Connelly,2.45,1.606061,a,0.64,2.45,0.2318,1
760e3f292b834637,2022-04-30,Tristan Connelly,Darren Elkins,2.45,1.606061,b,0.6471,1.6061,0.0244,0
7c8701bb78cb4de8,2022-04-30,Jared Gordon,Grant Dawson,2.8,1.454545,b,1.0,1.4545,0.3125,1
7c8701bb78cb4de8,2022-04-30,Grant Dawson,Jared Gordon,2.8,1.454545,a,1.0,2.8,0.6429,1
7e4b7a70838e5ba4,2022-04-30,Daniel Lacerda,Francisco Figueiredo,1.8,2.05,b,0.5,2.05,0.0122,0
7e4b7a70838e5ba4,2022-04-30,Francisco Figueiredo,Daniel Lacerda,1.8,2.05,a,0.6,1.8,0.0444,1
80cf37627a129145,2022-04-30,Gina Mazany,Shanna Young,1.5,2.7,a,0.2857,1.5,-0.381,0
80cf37627a129145,2022-04-30,Shanna Young,Gina Mazany,1.5,2.7,b,0.2667,2.7,-0.1037,0
9217ecc287ac482d,2022-04-30,Natan Levy,Mike Breeden,1.425532,2.9,a,0.5,1.4255,-0.2015,0
9217ecc287ac482d,2022-04-30,Mike Breeden,Natan Levy,1.425532,2.9,b,0.3333,2.9,-0.0115,0
d2484d74f819d813,2022-04-30,Alexandr Romanov,Chase Sherman,11.0,1.05,a,1.0,11.0,0.9091,1
d2484d74f819d813,2022-04-30,Chase Sherman,Alexandr Romanov,11.0,1.05,b,1.0,1.05,0.0476,1
eb277b5ea2a19124,2022-04-30,Andrei Arlovski,Jake Collier,1.909091,1.909091,a,0.6176,1.9091,0.0938,1
eb277b5ea2a19124,2022-04-30,Jake Collier,Andrei Arlovski,1.909091,1.909091,b,0.6232,1.9091,0.0994,1
60d9d50b763adc62,2022-05-07,Tracy Cortez,Melissa Gatto,1.8,2.05,a,1.0,1.8,0.4444,1
60d9d50b763adc62,2022-05-07,Melissa Gatto,Tracy Cortez,1.8,2.05,b,1.0,2.05,0.5122,1
6a902b97ac98c283,2022-05-07,Francisco Trinaldo,Danny Roberts,1.769231,2.1,a,0.7083,1.7692,0.1431,1
6a902b97ac98c283,2022-05-07,Danny Roberts,Francisco Trinaldo,1.769231,2.1,b,0.7143,2.1,0.2381,1
7d4e49d8a6678157,2022-05-07,Charles Oliveira,Justin Gaethje,1.769231,2.1,a,0.7143,1.7692,0.1491,1
7d4e49d8a6678157,2022-05-07,Justin Gaethje,Charles Oliveira,1.769231,2.1,b,0.7193,2.1,0.2431,1
80ac36a9dbc4b1a1,2022-05-07,Brandon Royval,Matt Schnell,3.1,1.384615,b,0.625,1.3846,-0.0972,0
80ac36a9dbc4b1a1,2022-05-07,Matt Schnell,Brandon Royval,3.1,1.384615,b,0.6364,1.3846,-0.0859,0
8390441d93736719,2022-05-07,Randy Brown,Khaos Williams,1.952381,1.869565,b,0.8,1.8696,0.2651,1
8390441d93736719,2022-05-07,Khaos Williams,Randy Brown,1.952381,1.869565,a,0.7273,1.9524,0.2151,1
88455c967a7ef6fc,2022-05-07,Ariane Carnelossi,Loopy Godinez,1.512821,2.65,a,0.6667,1.5128,0.0056,0
88455c967a7ef6fc,2022-05-07,Loopy Godinez,Ariane Carnelossi,1.512821,2.65,b,0.5714,2.65,0.1941,1
9d61012a6020516e,2022-05-07,Rose Namajunas,Carla Esparza,1.425532,2.9,a,0.75,1.4255,0.0485,1
9d61012a6020516e,2022-05-07,Carla Esparza,Rose Namajunas,1.425532,2.9,b,0.72,2.9,0.3752,1
a2ebb5f86eb64f22,2022-05-07,Michael Chandler,Tony Ferguson,3.7,1.285714,b,0.7895,1.2857,0.0117,0
a2ebb5f86eb64f22,2022-05-07,Tony Ferguson,Michael Chandler,3.7,1.285714,a,0.7692,3.7,0.499,1
c020ccbd7cdefb6e,2022-05-07,Mauricio Rua,Ovince Saint Preux,3.1,1.384615,b,0.5417,1.3846,-0.1806,0
c020ccbd7cdefb6e,2022-05-07,Ovince Saint Preux,Mauricio Rua,3.1,1.384615,a,0.551,3.1,0.2284,1
fc4939b3c9071e66,2022-05-07,Macy Chiasson,Norma Dumont,2.8,1.454545,b,0.75,1.4545,0.0625,1
fc4939b3c9071e66,2022-05-07,Norma Dumont,Macy Chiasson,2.8,1.454545,b,0.7333,1.4545,0.0458,1
ff6c8dab41efcc09,2022-05-07,Blagoy Ivanov,Marcos Rogerio de Lima,1.645161,2.35,b,0.6154,2.35,0.1899,1
ff6c8dab41efcc09,2022-05-07,Marcos Rogerio de Lima,Blagoy Ivanov,1.645161,2.35,a,0.5926,1.6452,-0.0153,0
2fa88b72973478b6,2022-05-14,Ryan Spann,Ion Cutelaba,2.95,1.416667,a,0.7143,2.95,0.3753,1
2fa88b72973478b6,2022-05-14,Ion Cutelaba,Ryan Spann,2.95,1.416667,b,0.7333,1.4167,0.0275,0
43543a2c1c7a7135,2022-05-14,Davey Grant,Louis Smolka,1.344828,3.3,b,0.5,3.3,0.197,1
43543a2c1c7a7135,2022-05-14,Louis Smolka,Davey Grant,1.344828,3.3,a,0.4848,1.3448,-0.2587,0
5c281439d20184f1,2022-05-14,Jan Blachowicz,Aleksandar Rakic,1.5,2.7,b,0.8571,2.7,0.4868,1
5c281439d20184f1,2022-05-14,Aleksandar Rakic,Jan Blachowicz,1.5,2.7,a,0.8,1.5,0.1333,1
7e047b195135ef06,2022-05-14,Viviane Araujo,Andrea Lee,1.740741,2.15,a,0.6667,1.7407,0.0922,1
7e047b195135ef06,2022-05-14,Andrea Lee,Viviane Araujo,1.740741,2.15,b,0.6923,2.15,0.2272,1
8a1aa64eb1f17913,2022-05-14,Michael Johnson,Alan Patrick,1.666667,2.3,b,0.625,2.3,0.1902,1
8a1aa64eb1f17913,2022-05-14,Alan Patrick,Michael Johnson,1.666667,2.3,a,0.5882,1.6667,-0.0118,0
afed0bac5ce5a2f3,2022-05-14,Nick Maximov,Andre Petroski,1.263158,3.9,a,1.0,1.2632,0.2083,1
afed0bac5ce5a2f3,2022-05-14,Andre Petroski,Nick Maximov,1.263158,3.9,a,1.0,1.2632,0.2083,1
f549164690d723bb,2022-05-14,Virna Jandiroba,Angela Hill,1.444444,2.85,a,0.5,1.4444,-0.1923,0
f549164690d723bb,2022-05-14,Angela Hill,Virna Jandiroba,1.444444,2.85,b,0.5385,2.85,0.1876,1
fad150a0288efbd7,2022-05-14,Katlyn Cerminara,Amanda Ribas,2.55,1.555556,b,0.8333,1.5556,0.1905,1
fad150a0288efbd7,2022-05-14,Amanda Ribas,Katlyn Cerminara,2.55,1.555556,a,0.7692,2.55,0.3771,1
1b4d0c9e3c59b33b,2022-05-21,Jailton Almeida,Parker Porter,1.166667,5.35,a,1.0,1.1667,0.1429,1
1b4d0c9e3c59b33b,2022-05-21,Parker Porter,Jailton Almeida,1.166667,5.35,b,1.0,5.35,0.8131,1
3542f9f30926f364,2022-05-21,Jonathan Martinez,Vince Morales,3.25,1.357143,a,0.6667,3.25,0.359,1
3542f9f30926f364,2022-05-21,Vince Morales,Jonathan Martinez,3.25,1.357143,b,0.6842,1.3571,-0.0526,0
4a789cdd5aaf4439,2022-05-21,Eryk Anders,JunYong Park,1.487805,2.6,b,0.6,2.6,0.2154,1
4a789cdd5aaf4439,2022-05-21,JunYong Park,Eryk Anders,1.487805,2.6,a,0.6364,1.4878,-0.0358,0
5136dc566f46daf6,2022-05-21,Chase Hooper,Felipe Colares,2.2,1.714286,a,0.5,2.2,0.0455,1
5136dc566f46daf6,2022-05-21,Felipe Colares,Chase Hooper,2.2,1.714286,b,0.5556,1.7143,-0.0278,0
534c07488396e124,2022-05-21,Omar Morales,Uros Medic,2.15,1.740741,a,0.6,2.15,0.1349,1
534c07488396e124,2022-05-21,Uros Medic,Omar Morales,2.15,1.740741,a,0.6,2.15,0.1349,1
5d4fb748ad246269,2022-05-21,Santiago Ponzinibbio,Michel Pereira,1.689655,2.25,a,0.7143,1.6897,0.1224,1
5d4fb748ad246269,2022-05-21,Michel Pereira,Santiago Ponzinibbio,1.689655,2.25,a,0.7333,1.6897,0.1415,1
5eaff5c832430378,2022-05-21,Polyana Viana,Tabatha Ricci,2.1,1.769231,a,0.5,2.1,0.0238,0
5eaff5c832430378,2022-05-21,Tabatha Ricci,Polyana Viana,2.1,1.769231,a,0.6,2.1,0.1238,1
7a2c841693b54dd7,2022-05-21,Holly Holm,Ketlen Vieira,1.454545,2.8,b,0.75,2.8,0.3929,1
7a2c841693b54dd7,2022-05-21,Ketlen Vieira,Holly Holm,1.454545,2.8,a,0.7647,1.4545,0.0772,1
bc7228d30ff5be46,2022-05-21,Elise Reed,Sam Hughes,1.714286,2.2,a,0.5,1.7143,-0.0833,0
bc7228d30ff5be46,2022-05-21,Sam Hughes,Elise Reed,1.714286,2.2,b,0.4,2.2,-0.0545,0
cbdfb3c648d7bada,2022-05-21,Joseph Holmes,Alen Amedovski,2.7,1.5,a,0.5,2.7,0.1296,1
cbdfb3c648d7bada,2022-05-21,Alen Amedovski,Joseph Holmes,2.7,1.5,b,0.3333,1.5,-0.3333,0
f682118709b4143e,2022-05-21,Chidi Njokuani,Dusko Todorovic,3.0,1.4,a,1.0,3.0,0.6667,1
f682118709b4143e,2022-05-21,Dusko Todorovic,Chidi Njokuani,3.0,1.4,b,1.0,1.4,0.2857,1
43d7d4b67be48553,2022-06-04,Johnny Munoz,Tony Gravely,1.8,2.05,b,0.6,2.05,0.1122,1
43d7d4b67be48553,2022-06-04,Tony Gravely,Johnny Munoz,1.8,2.05,a,0.6364,1.8,0.0808,1
4f2501e804c84abe,2022-06-04,Felice Herrig,Karolina Kowalkiewicz,1.869565,1.952381,a,0.5556,1.8696,0.0207,0
4f2501e804c84abe,2022-06-04,Karolina Kowalkiewicz,Felice Herrig,1.869565,1.952381,b,0.5263,1.9524,0.0141,0
59b2bbb251968ca9,2022-06-04,Erin Blanchfield,JJ Aldrich,1.210526,4.5,a,1.0,1.2105,0.1739,1
59b2bbb251968ca9,2022-06-04,JJ Aldrich,Erin Blanchfield,1.210526,4.5,b,1.0,4.5,0.7778,1
7a635063e5f1699b,2022-06-04,Alexander Volkov,Jairzinho Rozenstruik,1.588235,2.5,a,0.6667,1.5882,0.037,1
7a635063e5f1699b,2022-06-04,Jairzinho Rozenstruik,Alexander Volkov,1.588235,2.5,b,0.68,2.5,0.28,1
7e20b0536fbbd560,2022-06-04,Jeff Molina,Zhalgas Zhumagulov,1.555556,2.55,a,1.0,1.5556,0.3571,1
7e20b0536fbbd560,2022-06-04,Zhalgas Zhumagulov,Jeff Molina,1.555556,2.55,b,1.0,2.55,0.6078,1
a679800d2e7c3be2,2022-06-04,Ode Osbourne,Zarrukh Adashev,1.5,2.7,a,0.5,1.5,-0.1667,0
a679800d2e7c3be2,2022-06-04,Zarrukh Adashev,Ode Osbourne,1.5,2.7,b,0.5556,2.7,0.1852,1
aacb47949a572f25,2022-06-04,Dan Ige,Movsar Evloev,1.243902,4.1,b,1.0,4.1,0.7561,1
aacb47949a572f25,2022-06-04,Movsar Evloev,Dan Ige,1.243902,4.1,a,1.0,1.2439,0.1961,1
e5e75d831670b401,2022-06-04,Joe Solecki,Alex Da Silva,1.588235,2.5,a,0.75,1.5882,0.1204,1
e5e75d831670b401,2022-06-04,Alex Da Silva,Joe Solecki,1.588235,2.5,b,0.7778,2.5,0.3778,1
ed32da52aff68944,2022-06-04,Niklas Stolze,Benoit Saint Denis,2.4,1.625,a,0.5,2.4,0.0833,1
ed32da52aff68944,2022-06-04,Benoit Saint Denis,Niklas Stolze,2.4,1.625,a,0.3333,2.4,-0.0833,0
029f5c36820fdc09,2022-06-11,Kyung Ho Kang,Batgerel Danaa,2.0,1.833333,a,0.6667,2.0,0.1667,1
029f5c36820fdc09,2022-06-11,Batgerel Danaa,Kyung Ho Kang,2.0,1.833333,b,0.6842,1.8333,0.1388,1
049ad6d87b42eba8,2022-06-11,Valentina Shevchenko,Taila Santos,1.15873,5.5,a,0.8462,1.1587,-0.0169,0
049ad6d87b42eba8,2022-06-11,Taila Santos,Valentina Shevchenko,1.15873,5.5,b,0.8519,5.5,0.67,1
4305cb30533dac77,2022-06-11,Zhang Weili,Joanna Jedrzejczyk,1.625,2.4,a,0.7143,1.625,0.0989,1
4305cb30533dac77,2022-06-11,Joanna Jedrzejczyk,Zhang Weili,1.625,2.4,b,0.7333,2.4,0.3167,1
50eed57ea1390e16,2022-06-11,Brendan Allen,Jacob Malkoun,1.344828,3.3,a,0.75,1.3448,0.0064,0
50eed57ea1390e16,2022-06-11,Jacob Malkoun,Brendan Allen,1.344828,3.3,b,0.7647,3.3,0.4617,1
c94b153951be7590,2022-06-11,SeungWoo Choi,Josh Culibao,2.85,1.444444,a,0.5,2.85,0.1491,1
c94b153951be7590,2022-06-11,Josh Culibao,SeungWoo Choi,2.85,1.444444,a,0.6,2.85,0.2491,1
d7a7ba46c4f075d7,2022-06-11,Andre Fialho,Jake Matthews,2.0,1.833333,a,0.6667,2.0,0.1667,1
d7a7ba46c4f075d7,2022-06-11,Jake Matthews,Andre Fialho,2.0,1.833333,a,0.6774,2.0,0.1774,1
f115a91066a77ee7,2022-06-11,Jack Della Maddalena,Ramazan Emeev,1.526316,2.6,a,1.0,1.5263,0.3448,1
f115a91066a77ee7,2022-06-11,Ramazan Emeev,Jack Della Maddalena,1.526316,2.6,b,1.0,2.6,0.6154,1
fd49f89b9d97566b,2022-06-11,Glover Teixeira,Jiri Prochazka,1.444444,2.85,b,1.0,2.85,0.6491,1
fd49f89b9d97566b,2022-06-11,Jiri Prochazka,Glover Teixeira,1.444444,2.85,a,1.0,1.4444,0.3077,1
11e83902f5b8ff63,2022-06-18,Joaquin Buckley,Albert Duraev,1.434783,2.95,b,1.0,2.95,0.661,1
11e83902f5b8ff63,2022-06-18,Albert Duraev,Joaquin Buckley,1.434783,2.95,b,0.6923,2.95,0.3533,1
1378fc2be3819b2b,2022-06-18,Ricardo Ramos,Danny Chavez,3.75,1.30303,a,0.6667,3.75,0.4,1
1378fc2be3819b2b,2022-06-18,Danny Chavez,Ricardo Ramos,3.75,1.30303,b,0.6842,1.303,-0.0832,0
1bc662949337a8c4,2022-06-18,Tim Means,Kevin Holland,1.294118,3.8,b,0.6923,3.8,0.4291,1
1bc662949337a8c4,2022-06-18,Kevin Holland,Tim Means,1.294118,3.8,a,0.7037,1.2941,-0.069,0
20cefe64f4b28be8,2022-06-18,Adrian Yanez,Tony Kelley,1.307692,3.7,a,1.0,1.3077,0.2353,1
20cefe64f4b28be8,2022-06-18,Tony Kelley,Adrian Yanez,1.307692,3.7,b,1.0,3.7,0.7297,1
4e6218b6b892b017,2022-06-18,Damir Ismagulov,Guram Kutateladze,1.434783,2.95,a,1.0,1.4348,0.303,1
4e6218b6b892b017,2022-06-18,Guram Kutateladze,Damir Ismagulov,1.434783,2.95,b,1.0,2.95,0.661,1
5095f6290670009d,2022-06-18,Julian Marquez,Gregory Rodrigues,2.45,1.588235,a,0.75,2.45,0.3418,1
5095f6290670009d,2022-06-18,Gregory Rodrigues,Julian Marquez,2.45,1.588235,a,0.7143,2.45,0.3061,1
5b5d7f7ae712c6d8,2022-06-18,Maria Oliveira,Gloria de Paula,3.35,1.357143,b,0.3333,1.3571,-0.4035,0
5b5d7f7ae712c6d8,2022-06-18,Gloria de Paula,Maria Oliveira,3.35,1.357143,b,0.3333,1.3571,-0.4035,0
6e559181bfbc77e1,2022-06-18,Calvin Kattar,Josh Emmett,1.357143,3.35,b,0.8,3.35,0.5015,1
6e559181bfbc77e1,2022-06-18,Josh Emmett,Calvin Kattar,1.357143,3.35,a,0.8095,1.3571,0.0727,1
897d9e21c59d0633,2022-06-18,Phil Hawes,Deron Winn,3.1,1.4,a,0.75,3.1,0.4274,1
897d9e21c59d0633,2022-06-18,Deron Winn,Phil Hawes,3.1,1.4,b,0.7778,1.4,0.0635,1
8b5c760f34daafe0,2022-06-18,Eddie Wineland,Cody Stamann,1.125,6.75,b,0.5556,6.75,0.4074,1
8b5c760f34daafe0,2022-06-18,Cody Stamann,Eddie Wineland,1.125,6.75,a,0.5789,1.125,-0.3099,0
9a92d376fba2379d,2022-06-18,Court McGee,Jeremiah Wells,2.05,1.8,b,1.0,1.8,0.4444,1
9a92d376fba2379d,2022-06-18,Jeremiah Wells,Court McGee,2.05,1.8,a,1.0,2.05,0.5122,1
e8a5e53ffd33c0f9,2022-06-18,Roman Dolidze,Kyle Daukaus,3.05,1.408163,a,0.75,3.05,0.4221,1
e8a5e53ffd33c0f9,2022-06-18,Kyle Daukaus,Roman Dolidze,3.05,1.408163,b,0.7778,1.4082,0.0676,1
029a12d36a4687e1,2022-06-25,Thiago Moises,Christos Giagos,1.416667,3.0,a,0.5,1.4167,-0.2059,0
029a12d36a4687e1,2022-06-25,Christos Giagos,Thiago Moises,1.416667,3.0,b,0.5294,3.0,0.1961,1
1f5f59924b59408b,2022-06-25,Arman Tsarukyan,Mateusz Gamrot,3.0,1.416667,a,0.8333,3.0,0.5,1
1f5f59924b59408b,2022-06-25,Mateusz Gamrot,Arman Tsarukyan,3.0,1.416667,a,0.7778,3.0,0.4444,1
21f79cd40513d075,2022-06-25,Shayilan Nuerdanbieke,TJ Brown,2.75,1.487805,a,0.5,2.75,0.1364,1
21f79cd40513d075,2022-06-25,TJ Brown,Shayilan Nuerdanbieke,2.75,1.487805,b,0.6,1.4878,-0.0721,0
24a9fc95a3112f51,2022-06-25,Brian Kelleher,Mario Bautista,2.7,1.5,b,0.6,1.5,-0.0667,0
24a9fc95a3112f51,2022-06-25,Mario Bautista,Brian Kelleher,2.7,1.5,a,0.6364,2.7,0.266,1
28bd070f7ab0a0b9,2022-06-25,Nate Maness,Umar Nurmagomedov,1.105263,7.5,a,1.0,1.1053,0.0952,1
28bd070f7ab0a0b9,2022-06-25,Umar Nurmagomedov,Nate Maness,1.105263,7.5,a,1.0,1.1053,0.0952,1
28be3fbe5c377380,2022-06-25,Carlos Ulberg,Tafon Nchukwi,1.645161,2.35,a,0.5,1.6452,-0.1078,0
28be3fbe5c377380,2022-06-25,Tafon Nchukwi,Carlos Ulberg,1.645161,2.35,b,0.6,2.35,0.1745,1
2c73bf152247f25a,2022-06-25,Vanessa Demopoulos,Jinh Yu Frey,3.0,1.416667,a,0.5,3.0,0.1667,1
2c73bf152247f25a,2022-06-25,Jinh Yu Frey,Vanessa Demopoulos,3.0,1.416667,b,0.6,1.4167,-0.1059,0
3c98739eb42f96bf,2022-06-25,Neil Magny,Shavkat Rakhmonov,1.229885,4.5,b,1.0,4.5,0.7778,1
3c98739eb42f96bf,2022-06-25,Shavkat Rakhmonov,Neil Magny,1.229885,4.5,a,1.0,1.2299,0.1869,1
3f38100fd8dae286,2022-06-25,Chris Curtis,Rodolfo Vieira,1.952381,1.869565,a,1.0,1.9524,0.4878,1
3f38100fd8dae286,2022-06-25,Rodolfo Vieira,Chris Curtis,1.952381,1.869565,b,1.0,1.8696,0.4651,1
8cc43d79b61efc25,2022-06-25,JP Buys,Cody Durden,1.8,2.05,b,0.3333,2.05,-0.1545,0
8cc43d79b61efc25,2022-06-25,Cody Durden,JP Buys,1.8,2.05,a,0.4286,1.8,-0.127,0
a457331c27bce6d5,2022-06-25,Raulian Paiva,Sergey Morozov,1.588235,2.45,a,0.5,1.5882,-0.1296,0
a457331c27bce6d5,2022-06-25,Sergey Morozov,Raulian Paiva,1.588235,2.45,b,0.4615,2.45,0.0534,1
c57c8e22a3e8dde2,2022-06-25,Josh Parisian,Alan Baudot,1.740741,2.15,a,0.3333,1.7407,-0.2411,0
c57c8e22a3e8dde2,2022-06-25,Alan Baudot,Josh Parisian,1.740741,2.15,b,0.4286,2.15,-0.0365,0
0308bcdd00cc72e2,2022-07-02,Sean Strickland,Alex Pereira,1.8,2.05,b,1.0,2.05,0.5122,1
0308bcdd00cc72e2,2022-07-02,Alex Pereira,Sean Strickland,1.8,2.05,a,1.0,1.8,0.4444,1
0e2c7ec02a095813,2022-07-02,Jessica-Rose Clark,Julija Stoliarenko,1.645161,2.35,a,0.5714,1.6452,-0.0364,0
0e2c7ec02a095813,2022-07-02,Julija Stoliarenko,Jessica-Rose Clark,1.645161,2.35,b,0.5333,2.35,0.1078,1
12a33d16e1d4e2d9,2022-07-02,Robbie Lawler,Bryan Barberena,1.833333,2.0,a,0.6087,1.8333,0.0632,1
12a33d16e1d4e2d9,2022-07-02,Bryan Barberena,Robbie Lawler,1.833333,2.0,b,0.5957,2.0,0.0957,1
1c85003f6ec59c9d,2022-07-02,Jessica Eye,Maycee Barber,1.31746,3.6,b,0.7143,3.6,0.4365,1
1c85003f6ec59c9d,2022-07-02,Maycee Barber,Jessica Eye,1.31746,3.6,a,0.7333,1.3175,-0.0257,0
4047e98132306cd5,2022-07-02,Alexander Volkanovski,Max Holloway,2.55,1.555556,a,1.0,2.55,0.6078,1
4047e98132306cd5,2022-07-02,Max Holloway,Alexander Volkanovski,2.55,1.555556,b,1.0,1.5556,0.3571,1
459bc7c0b47719c3,2022-07-02,Jim Miller,Donald Cerrone,2.6,1.526316,b,0.6389,1.5263,-0.0163,0
459bc7c0b47719c3,2022-07-02,Donald Cerrone,Jim Miller,2.6,1.526316,a,0.6301,2.6,0.2455,1
57775c8af89007c7,2022-07-02,Brad Tavares,Dricus Du Plessis,2.45,1.588235,b,1.0,1.5882,0.3704,1
57775c8af89007c7,2022-07-02,Dricus Du Plessis,Brad Tavares,2.45,1.588235,a,1.0,2.45,0.5918,1
98411542ca0e847d,2022-07-02,Brad Riddell,Jalin Turner,2.3,1.666667,a,0.8,2.3,0.3652,1
98411542ca0e847d,2022-07-02,Jalin Turner,Brad Riddell,2.3,1.666667,a,0.7333,2.3,0.2986,1
99ac96bb67e5c5e4,2022-07-02,Uriah Hall,Andre Muniz,3.85,1.289855,b,1.0,1.2899,0.2247,1
99ac96bb67e5c5e4,2022-07-02,Andre Muniz,Uriah Hall,3.85,1.289855,a,1.0,3.85,0.7403,1
a7eaf7b101166d3e,2022-07-02,Israel Adesanya,Jared Cannonier,1.185185,5.2,a,0.9167,1.1852,0.0729,1
a7eaf7b101166d3e,2022-07-02,Jared Cannonier,Israel Adesanya,1.185185,5.2,b,0.92,5.2,0.7277,1
04e1ff7aeda2a018,2022-07-09,Cody Brundage,Tresean Gore,1.645161,2.35,a,0.5,1.6452,-0.1078,0
04e1ff7aeda2a018,2022-07-09,Tresean Gore,Cody Brundage,1.645161,2.35,b,0.6,2.35,0.1745,1
478bc7d1288e043e,2022-07-09,Kennedy Nzechukwu,Karl Roberson,2.35,1.645161,a,0.5,2.35,0.0745,1
478bc7d1288e043e,2022-07-09,Karl Roberson,Kennedy Nzechukwu,2.35,1.645161,b,0.5385,1.6452,-0.0694,0
6c60e58f8e9e7a4c,2022-07-09,Caio Borralho,Armen Petrosyan,3.1,1.4,a,1.0,3.1,0.6774,1
6c60e58f8e9e7a4c,2022-07-09,Armen Petrosyan,Caio Borralho,3.1,1.4,b,1.0,1.4,0.2857,1
81cbb709dedc914d,2022-07-09,Antonina Shevchenko,Cortney Casey,2.55,1.555556,a,0.4286,2.55,0.0364,1
81cbb709dedc914d,2022-07-09,Cortney Casey,Antonina Shevchenko,2.55,1.555556,b,0.4667,1.5556,-0.1762,0
a103b30f6898de7e,2022-07-09,Michael Johnson,Jamie Mullarkey,2.95,1.434783,a,0.48,2.95,0.141,1
a103b30f6898de7e,2022-07-09,Jamie Mullarkey,Michael Johnson,2.95,1.434783,b,0.4706,1.4348,-0.2264,0
bba6cc8760da34ab,2022-07-09,Douglas Silva de Andrade,Said Nurmagomedov,1.210526,4.8,b,0.8,4.8,0.5917,1
bba6cc8760da34ab,2022-07-09,Said Nurmagomedov,Douglas Silva de Andrade,1.210526,4.8,a,0.8182,1.2105,-0.0079,0
be69cbf1f1671c8e,2022-07-09,Rafael Dos Anjos,Rafael Fiziev,2.8,1.47619,b,0.8333,1.4762,0.1559,1
be69cbf1f1671c8e,2022-07-09,Rafael Fiziev,Rafael Dos Anjos,2.8,1.47619,a,0.8462,2.8,0.489,1
c58b3223b5caa18a,2022-07-09,Aiemann Zahabi,Ricky Turcios,2.95,1.434783,b,1.0,1.4348,0.303,1
c58b3223b5caa18a,2022-07-09,Ricky Turcios,Aiemann Zahabi,2.95,1.434783,a,0.6667,2.95,0.3277,1
cd63b4144a45b611,2022-07-09,Jared Vanderaa,Chase Sherman,2.95,1.434783,b,0.25,1.4348,-0.447,0
cd63b4144a45b611,2022-07-09,Chase Sherman,Jared Vanderaa,2.95,1.434783,a,0.28,2.95,-0.059,0
fb3f5a65da9f2ac7,2022-07-09,Ronnie Lawrence,Saidyokub Kakhramonov,2.0,1.833333,a,1.0,2.0,0.5,1
fb3f5a65da9f2ac7,2022-07-09,Saidyokub Kakhramonov,Ronnie Lawrence,2.0,1.833333,a,1.0,2.0,0.5,1
4965d8eab468b839,2022-07-16,Lauren Murphy,Miesha Tate,2.75,1.487805,a,0.5833,2.75,0.2197,1
4965d8eab468b839,2022-07-16,Miesha Tate,Lauren Murphy,2.75,1.487805,b,0.6,1.4878,-0.0721,0
4dd2bcd2b025204e,2022-07-16,Bill Algeo,Herbert Burns,2.8,1.47619,b,0.6667,1.4762,-0.0108,0
4dd2bcd2b025204e,2022-07-16,Herbert Burns,Bill Algeo,2.8,1.47619,a,0.5714,2.8,0.2143,1
74b8a36293758342,2022-07-16,Ricky Simon,Jack Shore,2.45,1.588235,b,1.0,1.5882,0.3704,1
74b8a36293758342,2022-07-16,Jack Shore,Ricky Simon,2.45,1.588235,a,0.9091,2.45,0.5009,1
7503d5c892f238fb,2022-07-16,Brian Ortega,Yair Rodriguez,2.65,1.512821,b,0.8,1.5128,0.139,1
7503d5c892f238fb,2022-07-16,Yair Rodriguez,Brian Ortega,2.65,1.512821,a,0.8095,2.65,0.4322,1
8e4024cb49c963f2,2022-07-16,Matt Schnell,Sumudaerji,1.384615,3.2,b,0.75,3.2,0.4375,1
8e4024cb49c963f2,2022-07-16,Sumudaerji,Matt Schnell,1.384615,3.2,a,0.6667,1.3846,-0.0556,0
9f3326195672c2b9,2022-07-16,Dwight Grant,Dustin Stoltzfus,1.740741,2.15,a,0.4286,1.7407,-0.1459,0
9f3326195672c2b9,2022-07-16,Dustin Stoltzfus,Dwight Grant,1.740741,2.15,b,0.4,2.15,-0.0651,0
a5d2f0fed3ce2899,2022-07-16,Dustin Jacoby,Da Woon Jung,1.8,2.05,b,1.0,2.05,0.5122,1
a5d2f0fed3ce2899,2022-07-16,Da Woon Jung,Dustin Jacoby,1.8,2.05,a,0.8889,1.8,0.3333,1
d439374c1fc95581,2022-07-16,Shane Burgos,Charles Jourdain,1.571429,2.5,a,0.7,1.5714,0.0636,1
d439374c1fc95581,2022-07-16,Charles Jourdain,Shane Burgos,1.571429,2.5,b,0.7143,2.5,0.3143,1
dd456668731bd52a,2022-07-16,Li Jingliang,Muslim Salikhov,1.645161,2.35,b,0.8333,2.35,0.4078,1
dd456668731bd52a,2022-07-16,Muslim Salikhov,Li Jingliang,1.645161,2.35,a,0.7692,1.6452,0.1614,1
e57bfadb506e4f51,2022-07-16,Michelle Waterson-Gomez,Amanda Lemos,1.31746,3.6,b,0.7143,3.6,0.4365,1
e57bfadb506e4f51,2022-07-16,Amanda Lemos,Michelle Waterson-Gomez,1.31746,3.6,a,0.7333,1.3175,-0.0257,0
ebefe958473b3843,2022-07-16,Punahele Soriano,Dalcha Lungiambula,1.4,3.1,a,0.5,1.4,-0.2143,0
ebefe958473b3843,2022-07-16,Dalcha Lungiambula,Punahele Soriano,1.4,3.1,b,0.5556,3.1,0.233,1
1c84dafe38694c05,2022-07-23,Claudio Silva,Nicolas Dalby,2.85,1.465116,a,0.7143,2.85,0.3634,1
1c84dafe38694c05,2022-07-23,Nicolas Dalby,Claudio Silva,2.85,1.465116,b,0.6667,1.4651,-0.0159,0
1ff520024da5b3b2,2022-07-23,Nikita Krylov,Alexander Gustafsson,1.5,2.7,b,0.5882,2.7,0.2179,1
1ff520024da5b3b2,2022-07-23,Alexander Gustafsson,Nikita Krylov,1.5,2.7,a,0.5714,1.5,-0.0952,0
3d35f25d9792a69a,2022-07-23,Makwan Amirkhani,Jonathan Pearce,2.3,1.666667,b,0.75,1.6667,0.15,1
3d35f25d9792a69a,2022-07-23,Jonathan Pearce,Makwan Amirkhani,2.3,1.666667,a,0.7778,2.3,0.343,1
47b1cd4e3e2595f8,2022-07-23,Paul Craig,Volkan Oezdemir,1.689655,2.25,a,0.6667,1.6897,0.0748,1
47b1cd4e3e2595f8,2022-07-23,Volkan Oezdemir,Paul Craig,1.689655,2.25,b,0.64,2.25,0.1956,1
8e02bdaac8ed50e5,2022-07-23,Paddy Pimblett,Jordan Leavitt,1.363636,3.3,a,1.0,1.3636,0.2667,1
8e02bdaac8ed50e5,2022-07-23,Jordan Leavitt,Paddy Pimblett,1.363636,3.3,b,1.0,3.3,0.697,1
925a36a4af600291,2022-07-23,Jack Hermansson,Chris Curtis,1.909091,1.909091,b,1.0,1.9091,0.4762,1
925a36a4af600291,2022-07-23,Chris Curtis,Jack Hermansson,1.909091,1.909091,a,0.8571,1.9091,0.3333,1
a1029686c3f1bead,2022-07-23,Jai Herbert,Kyle Nelson,3.4,1.350877,a,0.25,3.4,-0.0441,0
a1029686c3f1bead,2022-07-23,Kyle Nelson,Jai Herbert,3.4,1.350877,b,0.3333,1.3509,-0.4069,0
a57969d4ba7d4a79,2022-07-23,Molly McCann,Hannah Goldy,4.7,1.217391,a,0.625,4.7,0.4122,1
a57969d4ba7d4a79,2022-07-23,Hannah Goldy,Molly McCann,4.7,1.217391,b,0.6471,1.2174,-0.1744,0
b0d06858fb725654,2022-07-23,Mason Jones,Ludovit Klein,4.4,1.235294,a,0.5,4.4,0.2727,1
b0d06858fb725654,2022-07-23,Ludovit Klein,Mason Jones,4.4,1.235294,a,0.5556,4.4,0.3283,1
d0fb381cacbb0446,2022-07-23,Curtis Blaydes,Tom Aspinall,1.645161,2.35,b,1.0,2.35,0.5745,1
d0fb381cacbb0446,2022-07-23,Tom Aspinall,Curtis Blaydes,1.645161,2.35,a,0.9091,1.6452,0.3012,1
dd6dbe644f599795,2022-07-23,Marc Diakiese,Damir Hadzovic,1.229885,4.5,a,0.5455,1.2299,-0.2676,0
dd6dbe644f599795,2022-07-23,Damir Hadzovic,Marc Diakiese,1.229885,4.5,b,0.5652,4.5,0.343,1
e600b78e5a652dc0,2022-07-23,Mandy Bohm,Victoria Leonardo,1.909091,1.909091,a,0.5,1.9091,-0.0238,0
e600b78e5a652dc0,2022-07-23,Victoria Leonardo,Mandy Bohm,1.909091,1.909091,a,0.2,1.9091,-0.3238,0
f6fd50bf69bb59e6,2022-07-23,Nathaniel Wood,Charles Rosa,1.178571,5.3,a,0.6667,1.1786,-0.1818,0
f6fd50bf69bb59e6,2022-07-23,Charles Rosa,Nathaniel Wood,1.178571,5.3,b,0.6923,5.3,0.5036,1
0366e183296fea07,2022-07-30,Joselyne Edwards,Ji Yeon Kim,2.0,1.833333,a,0.5,2.0,0.0,0
0366e183296fea07,2022-07-30,Ji Yeon Kim,Joselyne Edwards,2.0,1.833333,b,0.5556,1.8333,0.0101,0
058c2724dec1add1,2022-07-30,Magomed Ankalaev,Anthony Smith,5.6,1.163934,a,0.8889,5.6,0.7103,1
058c2724dec1add1,2022-07-30,Anthony Smith,Magomed Ankalaev,5.6,1.163934,b,0.8947,1.1639,0.0356,1
189b9af881b96de6,2022-07-30,Drakkar Klose,Rafa Garcia,1.5,2.7,a,0.75,1.5,0.0833,1
189b9af881b96de6,2022-07-30,Rafa Garcia,Drakkar Klose,1.5,2.7,b,0.7647,2.7,0.3943,1
52f87252af59e23b,2022-07-30,Derrick Lewis,Sergei Pavlovich,2.35,1.645161,b,0.75,1.6452,0.1422,1
52f87252af59e23b,2022-07-30,Sergei Pavlovich,Derrick Lewis,2.35,1.645161,a,0.7778,2.35,0.3522,1
579b5770129b328a,2022-07-30,Alex Morono,Matthew Semelsberger,1.526316,2.6,b,0.8,2.6,0.4154,1
579b5770129b328a,2022-07-30,Matthew Semelsberger,Alex Morono,1.526316,2.6,a,0.7273,1.5263,0.0721,1
5a1ce88ec1f75160,2022-07-30,Brandon Moreno,Kai Kara-France,1.47619,2.8,b,0.7778,2.8,0.4206,1
5a1ce88ec1f75160,2022-07-30,Kai Kara-France,Brandon Moreno,1.47619,2.8,a,0.7368,1.4762,0.0594,1
66f7bb31d24b3b36,2022-07-30,Orion Cosce,Blood Diamond,1.487805,2.75,a,0.5,1.4878,-0.1721,0
66f7bb31d24b3b36,2022-07-30,Blood Diamond,Orion Cosce,1.487805,2.75,b,0.3333,2.75,-0.0303,0
72c3e5eacde4f0e5,2022-07-30,Julianna Pena,Amanda Nunes,3.05,1.408163,b,0.875,1.4082,0.1649,1
72c3e5eacde4f0e5,2022-07-30,Amanda Nunes,Julianna Pena,3.05,1.408163,a,0.8788,3.05,0.5509,1
81a18de517a3336a,2022-07-30,Drew Dober,Rafael Alves,2.4,1.606061,a,0.5882,2.4,0.1716,1
81a18de517a3336a,2022-07-30,Rafael Alves,Drew Dober,2.4,1.606061,b,0.6,1.6061,-0.0226,0
96b62bd56b252bab,2022-07-30,Alexandre Pantoja,Alex Perez,1.512821,2.65,b,0.75,2.65,0.3726,1
96b62bd56b252bab,2022-07-30,Alex Perez,Alexandre Pantoja,1.512821,2.65,b,0.7391,2.65,0.3618,1
044d210d7b1eb519,2022-08-06,Augusto Sakai,Serghei Spivac,3.6,1.31746,b,0.625,1.3175,-0.134,0
044d210d7b1eb519,2022-08-06,Serghei Spivac,Augusto Sakai,3.6,1.31746,a,0.6471,3.6,0.3693,1
4adef20ce69217be,2022-08-06,Bryan Battle,Takashi Sato,3.7,1.307692,a,1.0,3.7,0.7297,1
4adef20ce69217be,2022-08-06,Takashi Sato,Bryan Battle,3.7,1.307692,b,1.0,1.3077,0.2353,1
a274ed04c36d40d4,2022-08-06,Mayra Bueno Silva,Stephanie Egger,1.833333,2.0,b,0.6667,2.0,0.1667,1
a274ed04c36d40d4,2022-08-06,Stephanie Egger,Mayra Bueno Silva,1.833333,2.0,b,0.6364,2.0,0.1364,1
a6b328733d610e2b,2022-08-06,Vicente Luque,Geoff Neal,1.47619,2.8,a,0.7778,1.4762,0.1004,1
a6b328733d610e2b,2022-08-06,Geoff Neal,Vicente Luque,1.47619,2.8,a,0.7647,1.4762,0.0873,1
a8bc6e005077bb0b,2022-08-06,Thiago Santos,Jamahal Hill,1.3125,3.65,b,0.8,3.65,0.526,1
a8bc6e005077bb0b,2022-08-06,Jamahal Hill,Thiago Santos,1.3125,3.65,a,0.8182,1.3125,0.0563,1
b5274277ef6707c9,2022-08-06,Cory McKenna,Miranda Granger,1.512821,2.65,a,0.5,1.5128,-0.161,0
b5274277ef6707c9,2022-08-06,Miranda Granger,Cory McKenna,1.512821,2.65,b,0.6,2.65,0.2226,1
b530bb13aac1e48b,2022-08-06,Terrance McKinney,Erick Gonzalez,1.105263,7.5,a,0.6667,1.1053,-0.2381,0
b530bb13aac1e48b,2022-08-06,Erick Gonzalez,Terrance McKinney,1.105263,7.5,b,0.7143,7.5,0.581,1
eda397c27787afa4,2022-08-06,Sam Alvey,Michal Oleksiejczuk,1.138889,6.2,b,0.5714,6.2,0.4101,1
eda397c27787afa4,2022-08-06,Michal Oleksiejczuk,Sam Alvey,1.138889,6.2,a,0.6,1.1389,-0.278,0
0823f97be9c3a62e,2022-08-13,Ode Osbourne,Tyson Nam,1.217391,4.7,a,0.6,1.2174,-0.2214,0
0823f97be9c3a62e,2022-08-13,Tyson Nam,Ode Osbourne,1.217391,4.7,b,0.5455,4.7,0.3327,1
11cc331fa40ede63,2022-08-13,Marlon Vera,Dominick Cruz,2.9,1.444444,b,0.7778,1.4444,0.0855,1
11cc331fa40ede63,2022-08-13,Dominick Cruz,Marlon Vera,2.9,1.444444,a,0.7368,2.9,0.392,1
38b6ef176439c39b,2022-08-13,Bruno Silva,Gerald Meerschaert,1.338983,3.45,a,0.625,1.339,-0.1218,0
38b6ef176439c39b,2022-08-13,Gerald Meerschaert,Bruno Silva,1.338983,3.45,b,0.5882,3.45,0.2984,1
5f31f3e32669f5b9,2022-08-13,Angela Hill,Loopy Godinez,1.30303,3.75,b,0.6,3.75,0.3333,1
5f31f3e32669f5b9,2022-08-13,Loopy Godinez,Angela Hill,1.30303,3.75,a,0.5455,1.303,-0.222,0
8986373b4a6e90b6,2022-08-13,Cynthia Calvillo,Nina Nunes,1.526316,2.6,a,0.6,1.5263,-0.0552,0
8986373b4a6e90b6,2022-08-13,Nina Nunes,Cynthia Calvillo,1.526316,2.6,b,0.5714,2.6,0.1868,1
d19e010f071a4b45,2022-08-13,Devin Clark,Azamat Murzakanov,2.3,1.666667,b,1.0,1.6667,0.4,1
d19e010f071a4b45,2022-08-13,Azamat Murzakanov,Devin Clark,2.3,1.666667,a,1.0,2.3,0.5652,1
efd7efba85092c6f,2022-08-13,Nate Landwehr,David Onama,3.8,1.294118,b,0.6667,1.2941,-0.1061,0
efd7efba85092c6f,2022-08-13,David Onama,Nate Landwehr,3.8,1.294118,a,0.5714,3.8,0.3083,1
f858f91453555291,2022-08-13,Gabriel Benitez,Charlie Ontiveros,3.95,1.277778,a,0.5,3.95,0.2468,1
f858f91453555291,2022-08-13,Charlie Ontiveros,Gabriel Benitez,3.95,1.277778,b,0.52,1.2778,-0.2626,0
0cf7a4593fd44e59,2022-08-20,Leonardo Santos,Jared Gordon,1.363636,3.3,a,0.7778,1.3636,0.0444,1
0cf7a4593fd44e59,2022-08-20,Jared Gordon,Leonardo Santos,1.363636,3.3,b,0.7368,3.3,0.4338,1
2ac3ce1f62b3c4b9,2022-08-20,Jose Aldo,Merab Dvalishvili,1.645161,2.35,b,0.7778,2.35,0.3522,1
2ac3ce1f62b3c4b9,2022-08-20,Merab Dvalishvili,Jose Aldo,1.645161,2.35,a,0.7895,1.6452,0.1816,1
2cd9e3796be57a79,2022-08-20,Wu Yanan,Lucie Pudilova,1.689655,2.25,b,0.2857,2.25,-0.1587,0
2cd9e3796be57a79,2022-08-20,Lucie Pudilova,Wu Yanan,1.689655,2.25,a,0.3333,1.6897,-0.2585,0
2de6652160cc7b9f,2022-08-20,Paulo Costa,Luke Rockhold,3.75,1.30303,a,0.7143,3.75,0.4476,1
2de6652160cc7b9f,2022-08-20,Luke Rockhold,Paulo Costa,3.75,1.30303,b,0.7333,1.303,-0.0341,0
4dac5258f22be059,2022-08-20,AJ Fletcher,Ange Loosa,2.4,1.606061,a,0.5,2.4,0.0833,1
4dac5258f22be059,2022-08-20,Ange Loosa,AJ Fletcher,2.4,1.606061,a,0.3333,2.4,-0.0833,0
5abcf9f282983acc,2022-08-20,Tyson Pedro,Harry Hunsucker,1.117647,7.0,a,0.5714,1.1176,-0.3233,0
5abcf9f282983acc,2022-08-20,Harry Hunsucker,Tyson Pedro,1.117647,7.0,b,0.6,7.0,0.4571,1
6b9f82291930bfec,2022-08-20,Amir Albazi,Francisco Figueiredo,1.2,5.0,a,1.0,1.2,0.1667,1
6b9f82291930bfec,2022-08-20,Francisco Figueiredo,Amir Albazi,1.2,5.0,b,1.0,5.0,0.8,1
d497d74a0df9e35e,2022-08-20,Aoriqileng,Jay Perrin,2.05,1.8,a,0.3333,2.05,-0.1545,0
d497d74a0df9e35e,2022-08-20,Jay Perrin,Aoriqileng,2.05,1.8,b,0.4286,1.8,-0.127,0
e0b98f3cf4a7cc3b,2022-08-20,Marcin Tybura,Alexandr Romanov,1.3125,3.65,b,1.0,3.65,0.726,1
e0b98f3cf4a7cc3b,2022-08-20,Alexandr Romanov,Marcin Tybura,1.3125,3.65,a,0.9091,1.3125,0.1472,1
f70c817388602681,2022-08-20,Kamaru Usman,Leon Edwards,1.31746,3.6,a,1.0,1.3175,0.241,1
f70c817388602681,2022-08-20,Leon Edwards,Kamaru Usman,1.31746,3.6,b,0.9677,3.6,0.69,1
1a191251620a84ca,2022-09-03,Alessio Di Chirico,Roman Kopylov,1.952381,1.869565,a,0.4,1.9524,-0.1122,0
1a191251620a84ca,2022-09-03,Roman Kopylov,Alessio Di Chirico,1.952381,1.869565,b,0.381,1.8696,-0.1539,0
20f316f96c9e4458,2022-09-03,Nassourdine Imavov,Joaquin Buckley,1.4,3.1,a,0.75,1.4,0.0357,1
20f316f96c9e4458,2022-09-03,Joaquin Buckley,Nassourdine Imavov,1.4,3.1,b,0.7778,3.1,0.4552,1
7bced112f3229b1b,2022-09-03,John Makdessi,Nasrat Haqparast,1.434783,2.95,a,0.6111,1.4348,-0.0859,0
7bced112f3229b1b,2022-09-03,Nasrat Haqparast,John Makdessi,1.434783,2.95,b,0.5946,2.95,0.2556,1
810c9da07970c4a6,2022-09-03,Ciryl Gane,Tai Tuivasa,1.210526,4.8,a,0.875,1.2105,0.0489,1
810c9da07970c4a6,2022-09-03,Tai Tuivasa,Ciryl Gane,1.210526,4.8,b,0.8824,4.8,0.674,1
acc9a109b00a99e1,2022-09-03,Charles Jourdain,Nathaniel Wood,2.3,1.666667,b,0.7143,1.6667,0.1143,1
acc9a109b00a99e1,2022-09-03,Nathaniel Wood,Charles Jourdain,2.3,1.666667,a,0.7333,2.3,0.2986,1
b8ca1acdf3dc2f58,2022-09-03,Robert Whittaker,Marvin Vettori,2.8,1.47619,a,0.7778,2.8,0.4206,1
b8ca1acdf3dc2f58,2022-09-03,Marvin Vettori,Robert Whittaker,2.8,1.47619,b,0.7838,1.4762,0.1064,1
0111e6a64b5184c6,2022-09-10,Khamzat Chimaev,Kevin Holland,5.4,1.172414,a,1.0,5.4,0.8148,1
0111e6a64b5184c6,2022-09-10,Kevin Holland,Khamzat Chimaev,5.4,1.172414,b,1.0,1.1724,0.1471,1
0e6d624086f7952e,2022-09-10,Hakeem Dawodu,Julian Erosa,1.465116,2.85,a,0.75,1.4651,0.0675,1
0e6d624086f7952e,2022-09-10,Julian Erosa,Hakeem Dawodu,1.465116,2.85,b,0.7059,2.85,0.355,1
6010f681e54ba2cd,2022-09-10,Chad Anheliger,Alatengheili,1.555556,2.55,a,1.0,1.5556,0.3571,1
6010f681e54ba2cd,2022-09-10,Alatengheili,Chad Anheliger,1.555556,2.55,a,0.7778,1.5556,0.1349,1
77acb96700e89c92,2022-09-10,Denis Tiuliulin,Jamie Pickett,2.1,1.769231,b,0.4,1.7692,-0.1652,0
77acb96700e89c92,2022-09-10,Jamie Pickett,Denis Tiuliulin,2.1,1.769231,a,0.3636,2.1,-0.1126,0
7e8fd03e070d0c25,2022-09-10,Nate Diaz,Tony Ferguson,1.666667,2.3,b,0.75,2.3,0.3152,1
7e8fd03e070d0c25,2022-09-10,Tony Ferguson,Nate Diaz,1.666667,2.3,a,0.7317,1.6667,0.1317,1
86d57e8ef2191316,2022-09-10,Darian Weeks,Yohan Lainesse,1.833333,2.0,a,0.5,1.8333,-0.0455,0
86d57e8ef2191316,2022-09-10,Yohan Lainesse,Darian Weeks,1.833333,2.0,a,0.3333,1.8333,-0.2121,0
989b8d362742f40b,2022-09-10,Irene Aldana,Macy Chiasson,1.512821,2.65,b,0.75,2.65,0.3726,1
989b8d362742f40b,2022-09-10,Macy Chiasson,Irene Aldana,1.512821,2.65,a,0.7059,1.5128,0.0449,1
bf334cb4e63f3430,2022-09-10,Jake Collier,Chris Barnett,5.2,1.185185,a,0.4545,5.2,0.2622,1
bf334cb4e63f3430,2022-09-10,Chris Barnett,Jake Collier,5.2,1.185185,b,0.4348,1.1852,-0.409,0
d3e23d7d207d3ccf,2022-09-10,Li Jingliang,Daniel Rodriguez,1.588235,2.45,b,0.8571,2.45,0.449,1
d3e23d7d207d3ccf,2022-09-10,Daniel Rodriguez,Li Jingliang,1.588235,2.45,a,0.8667,1.5882,0.237,1
d869eaea38426f06,2022-09-10,Johnny Walker,Ion Cutelaba,2.55,1.555556,a,0.5,2.55,0.1078,1
d869eaea38426f06,2022-09-10,Ion Cutelaba,Johnny Walker,2.55,1.555556,b,0.5294,1.5556,-0.1134,0
3cbd3565dd631cc4,2022-09-17,Tanner Boser,Rodrigo Nascimento,1.555556,2.55,a,0.5714,1.5556,-0.0714,0
3cbd3565dd631cc4,2022-09-17,Rodrigo Nascimento,Tanner Boser,1.555556,2.55,a,0.6,1.5556,-0.0429,0
46b9acec12a35d37,2022-09-17,Trevin Giles,Louis Cosce,2.75,1.487805,a,0.5556,2.75,0.1919,1
46b9acec12a35d37,2022-09-17,Louis Cosce,Trevin Giles,2.75,1.487805,b,0.5789,1.4878,-0.0932,0
8a044e5400b4318f,2022-09-17,Nikolas Motta,Cameron VanCamp,1.666667,2.3,a,0.5,1.6667,-0.1,0
8a044e5400b4318f,2022-09-17,Cameron VanCamp,Nikolas Motta,1.666667,2.3,b,0.3333,2.3,-0.1014,0
adb78db5ba8ccc0f,2022-09-17,Andre Fili,Bill Algeo,1.740741,2.15,b,0.6,2.15,0.1349,1
adb78db5ba8ccc0f,2022-09-17,Bill Algeo,Andre Fili,1.740741,2.15,a,0.5455,1.7407,-0.029,0
bd06f1c2d7e6c4a0,2022-09-17,Chidi Njokuani,Gregory Rodrigues,1.769231,2.1,a,1.0,1.7692,0.4348,1
bd06f1c2d7e6c4a0,2022-09-17,Gregory Rodrigues,Chidi Njokuani,1.769231,2.1,b,0.8,2.1,0.3238,1
be73f75b52b06f14,2022-09-17,Tony Gravely,Javid Basharat,2.4,1.606061,b,1.0,1.6061,0.3774,1
be73f75b52b06f14,2022-09-17,Javid Basharat,Tony Gravely,2.4,1.606061,a,1.0,2.4,0.5833,1
ce5ebaf8caf8c4a7,2022-09-17,Anthony Hernandez,Marc-Andre Barriault,1.465116,2.85,a,0.6,1.4651,-0.0825,0
ce5ebaf8caf8c4a7,2022-09-17,Marc-Andre Barriault,Anthony Hernandez,1.465116,2.85,b,0.6364,2.85,0.2855,1
d9f5d05b07bae09e,2022-09-17,Mariya Agapova,Gillian Robertson,1.645161,2.35,b,0.5833,2.35,0.1578,1
d9f5d05b07bae09e,2022-09-17,Gillian Robertson,Mariya Agapova,1.645161,2.35,a,0.6,1.6452,-0.0078,0
df370b97ea49e6b4,2022-09-17,Cory Sandhagen,Song Yadong,1.487805,2.75,b,0.8889,2.75,0.5253,1
df370b97ea49e6b4,2022-09-17,Song Yadong,Cory Sandhagen,1.487805,2.75,a,0.8421,1.4878,0.17,1
f521ecde1e96a1bd,2022-09-17,Damon Jackson,Pat Sabatini,2.85,1.465116,b,1.0,1.4651,0.3175,1
f521ecde1e96a1bd,2022-09-17,Pat Sabatini,Damon Jackson,2.85,1.465116,a,0.8889,2.85,0.538,1
330506571d2778b1,2022-10-01,Mike Davis,Viacheslav Borshchev,2.6,1.526316,a,0.6667,2.6,0.2821,1
330506571d2778b1,2022-10-01,Viacheslav Borshchev,Mike Davis,2.6,1.526316,b,0.7143,1.5263,0.0591,1
63f6af6d5f7b82ad,2022-10-01,John Castaneda,Daniel Santos,1.555556,2.55,a,0.6667,1.5556,0.0238,0
63f6af6d5f7b82ad,2022-10-01,Daniel Santos,John Castaneda,1.555556,2.55,b,0.5714,2.55,0.1793,1
6c79db79da9ae874,2022-10-01,Guido Cannetti,Randy Costa,1.357143,3.35,b,0.4,3.35,0.1015,1
6c79db79da9ae874,2022-10-01,Randy Costa,Guido Cannetti,1.357143,3.35,b,0.4118,3.35,0.1133,1
7d0d2cecab358ba1,2022-10-01,Randy Brown,Francisco Trinaldo,3.7,1.307692,b,0.72,1.3077,-0.0447,0
7d0d2cecab358ba1,2022-10-01,Francisco Trinaldo,Randy Brown,3.7,1.307692,a,0.7059,3.7,0.4356,1
8c9ff13791378784,2022-10-01,Krzysztof Jotko,Brendan Allen,2.05,1.8,b,0.7778,1.8,0.2222,1
8c9ff13791378784,2022-10-01,Brendan Allen,Krzysztof Jotko,2.05,1.8,a,0.7895,2.05,0.3017,1
a73e33dfce8fcfd8,2022-10-01,Raoni Barcelos,Trevin Jones,1.384615,3.2,a,0.7143,1.3846,-0.0079,0
a73e33dfce8fcfd8,2022-10-01,Trevin Jones,Raoni Barcelos,1.384615,3.2,b,0.7333,3.2,0.4208,1
d33814971932422a,2022-10-01,Mackenzie Dern,Yan Xiaonan,1.384615,3.2,a,0.7778,1.3846,0.0556,1
d33814971932422a,2022-10-01,Yan Xiaonan,Mackenzie Dern,1.384615,3.2,a,0.7647,1.3846,0.0425,1
de93fda66d203c26,2022-10-01,Ilir Latifi,Aleksei Oleinik,2.65,1.512821,a,0.5714,2.65,0.1941,1
de93fda66d203c26,2022-10-01,Aleksei Oleinik,Ilir Latifi,2.65,1.512821,b,0.5862,1.5128,-0.0748,0
ecc56a86a1eead9d,2022-10-01,Joaquim Silva,Jesse Ronson,2.2,1.714286,a,0.5714,2.2,0.1169,1
ecc56a86a1eead9d,2022-10-01,Jesse Ronson,Joaquim Silva,2.2,1.714286,b,0.6,1.7143,0.0167,0
1af23e7aa71a1d17,2022-10-15,Cub Swanson,Jonathan Martinez,2.9,1.444444,b,0.7,1.4444,0.0077,0
1af23e7aa71a1d17,2022-10-15,Jonathan Martinez,Cub Swanson,2.9,1.444444,a,0.7143,2.9,0.3695,1
59695aae245cca73,2022-10-15,Misha Cirkunov,Alonzo Menifield,2.6,1.526316,b,0.625,1.5263,-0.0302,0
59695aae245cca73,2022-10-15,Alonzo Menifield,Misha Cirkunov,2.6,1.526316,a,0.6471,2.6,0.2624,1
60bd4d2878c85f70,2022-10-15,Piera Rodriguez,Sam Hughes,1.555556,2.55,a,1.0,1.5556,0.3571,1
60bd4d2878c85f70,2022-10-15,Sam Hughes,Piera Rodriguez,1.555556,2.55,b,1.0,2.55,0.6078,1
759c55755d70f7ba,2022-10-15,Jordan Wright,Dusko Todorovic,1.444444,2.9,a,0.4,1.4444,-0.2923,0
759c55755d70f7ba,2022-10-15,Dusko Todorovic,Jordan Wright,1.444444,2.9,a,0.4545,1.4444,-0.2378,0
8252a314c778b8e6,2022-10-15,Mana Martinez,Brandon Davis,1.689655,2.25,a,0.5,1.6897,-0.0918,0
8252a314c778b8e6,2022-10-15,Brandon Davis,Mana Martinez,1.689655,2.25,b,0.6,2.25,0.1556,1
84b04e8d6b251c54,2022-10-15,Mike Jackson,Pete Rodriguez,6.0,1.148148,a,0.5,6.0,0.3333,1
84b04e8d6b251c54,2022-10-15,Pete Rodriguez,Mike Jackson,6.0,1.148148,b,0.4,1.1481,-0.471,0
860050f211b44d10,2022-10-15,Nick Maximov,Jacob Malkoun,1.714286,2.2,a,0.6667,1.7143,0.0833,1
860050f211b44d10,2022-10-15,Jacob Malkoun,Nick Maximov,1.714286,2.2,b,0.5714,2.2,0.1169,1
904cf687d22bb486,2022-10-15,Alexa Grasso,Viviane Araujo,2.8,1.47619,b,0.7143,1.4762,0.0369,1
904cf687d22bb486,2022-10-15,Viviane Araujo,Alexa Grasso,2.8,1.47619,b,0.6842,1.4762,0.0068,0
96d4fe315722d1c1,2022-10-15,Raphael Assuncao,Victor Henry,4.5,1.229885,b,1.0,1.2299,0.1869,1
96d4fe315722d1c1,2022-10-15,Victor Henry,Raphael Assuncao,4.5,1.229885,a,0.6667,4.5,0.4444,1
fac560495e61d34c,2022-10-15,Tatsuro Taira,CJ Vergara,3.3,1.363636,a,1.0,3.3,0.697,1
fac560495e61d34c,2022-10-15,CJ Vergara,Tatsuro Taira,3.3,1.363636,b,1.0,1.3636,0.2667,1
1b204fc28bb023e6,2022-10-22,Armen Petrosyan,AJ Dobson,2.85,1.465116,a,0.5,2.85,0.1491,1
1b204fc28bb023e6,2022-10-22,AJ Dobson,Armen Petrosyan,2.85,1.465116,b,0.6,1.4651,-0.0825,0
1e8c33b1917fe1b7,2022-10-22,Muhammad Mokaev,Malcolm Gordon,1.086957,8.5,a,1.0,1.087,0.08,1
1e8c33b1917fe1b7,2022-10-22,Malcolm Gordon,Muhammad Mokaev,1.086957,8.5,b,1.0,8.5,0.8824,1
1f0d4572e0facbea,2022-10-22,Aljamain Sterling,TJ Dillashaw,2.55,1.555556,a,0.8125,2.55,0.4203,1
1f0d4572e0facbea,2022-10-22,TJ Dillashaw,Aljamain Sterling,2.55,1.555556,b,0.8182,1.5556,0.1753,1
25f3e4fa781c1c8a,2022-10-22,Katlyn Cerminara,Manon Fiorot,1.444444,2.9,b,1.0,2.9,0.6552,1
25f3e4fa781c1c8a,2022-10-22,Manon Fiorot,Katlyn Cerminara,1.444444,2.9,a,1.0,1.4444,0.3077,1
2d36e2c10ee349fe,2022-10-22,Makhmud Muradov,Caio Borralho,1.47619,2.8,b,1.0,2.8,0.6429,1
2d36e2c10ee349fe,2022-10-22,Caio Borralho,Makhmud Muradov,1.47619,2.8,a,1.0,1.4762,0.3226,1
4011cdf1f182804c,2022-10-22,Karol Rosa,Lina Lansberg,4.4,1.235294,a,0.8,4.4,0.5727,1
4011cdf1f182804c,2022-10-22,Lina Lansberg,Karol Rosa,4.4,1.235294,b,0.8182,1.2353,0.0087,0
523815acf1bb2420,2022-10-22,Charles Oliveira,Islam Makhachev,2.75,1.487805,b,0.9167,1.4878,0.2445,1
523815acf1bb2420,2022-10-22,Islam Makhachev,Charles Oliveira,2.75,1.487805,a,0.92,2.75,0.5564,1
5c3c4bcc6c746ca0,2022-10-22,Petr Yan,Sean O'Malley,3.4,1.350877,b,0.875,1.3509,0.1347,1
5c3c4bcc6c746ca0,2022-10-22,Sean O'Malley,Petr Yan,3.4,1.350877,a,0.8824,3.4,0.5882,1
69f39e5d959311b1,2022-10-22,Beneil Dariush,Mateusz Gamrot,3.1,1.4,b,0.8,1.4,0.0857,1
69f39e5d959311b1,2022-10-22,Mateusz Gamrot,Beneil Dariush,3.1,1.4,b,0.7949,1.4,0.0806,1
cea6760d7bfbe19b,2022-10-22,Abubakar Nurmagomedov,Gadzhi Omargadzhiev,1.714286,2.2,a,0.5,1.7143,-0.0833,0
cea6760d7bfbe19b,2022-10-22,Gadzhi Omargadzhiev,Abubakar Nurmagomedov,1.714286,2.2,b,0.6,2.2,0.1455,1
d325a1483d78ae75,2022-10-22,Belal Muhammad,Sean Brady,1.740741,2.15,b,1.0,2.15,0.5349,1
d325a1483d78ae75,2022-10-22,Sean Brady,Belal Muhammad,1.740741,2.15,a,0.9091,1.7407,0.3346,1
f4d8266a42a41dff,2022-10-22,Volkan Oezdemir,Nikita Krylov,2.6,1.526316,b,0.5625,1.5263,-0.0927,0
f4d8266a42a41dff,2022-10-22,Nikita Krylov,Volkan Oezdemir,2.6,1.526316,a,0.5758,2.6,0.1911,1
5dcba156bd13e0c3,2022-10-29,Andrei Arlovski,Marcos Rogerio de Lima,3.0,1.416667,a,0.6286,3.0,0.2952,1
5dcba156bd13e0c3,2022-10-29,Marcos Rogerio de Lima,Andrei Arlovski,3.0,1.416667,b,0.6197,1.4167,-0.0862,0
6a7db3750822d7be,2022-10-29,Josh Fremd,Tresean Gore,2.35,1.645161,a,0.5,2.35,0.0745,1
6a7db3750822d7be,2022-10-29,Tresean Gore,Josh Fremd,2.35,1.645161,a,0.2,2.35,-0.2255,0
86dff1593d8b9a1f,2022-10-29,Chase Hooper,Steve Garcia,1.3125,3.65,a,0.6,1.3125,-0.1619,0
86dff1593d8b9a1f,2022-10-29,Steve Garcia,Chase Hooper,1.3125,3.65,b,0.5455,3.65,0.2715,1
98b7dd0ddc52cffb,2022-10-29,Dustin Jacoby,Khalil Rountree Jr.,2.5,1.571429,a,0.75,2.5,0.35,1
98b7dd0ddc52cffb,2022-10-29,Khalil Rountree Jr.,Dustin Jacoby,2.5,1.571429,b,0.7059,1.5714,0.0695,1
a554a72bb0377213,2022-10-29,Calvin Kattar,Arnold Allen,1.8,2.05,b,1.0,2.05,0.5122,1
a554a72bb0377213,2022-10-29,Arnold Allen,Calvin Kattar,1.8,2.05,a,1.0,1.8,0.4444,1
bf59d9f8bd9536f3,2022-10-29,Tim Means,Max Griffin,2.6,1.526316,a,0.5833,2.6,0.1987,1
bf59d9f8bd9536f3,2022-10-29,Max Griffin,Tim Means,2.6,1.526316,b,0.5714,1.5263,-0.0837,0
d6d141afdd31c3f1,2022-10-29,Joseph Holmes,JunYong Park,1.5,2.7,b,0.6667,2.7,0.2963,1
d6d141afdd31c3f1,2022-10-29,JunYong Park,Joseph Holmes,1.5,2.7,a,0.6923,1.5,0.0256,0
f32d918ee06cb83b,2022-10-29,Phil Hawes,Roman Dolidze,2.55,1.555556,a,0.8,2.55,0.4078,1
f32d918ee06cb83b,2022-10-29,Roman Dolidze,Phil Hawes,2.55,1.555556,a,0.8182,2.55,0.426,1
1535fb6549fa8bab,2022-11-05,Grant Dawson,Mark Madsen,1.5,2.7,a,1.0,1.5,0.3333,1
1535fb6549fa8bab,2022-11-05,Mark Madsen,Grant Dawson,1.5,2.7,b,1.0,2.7,0.6296,1
2664805fde34fb1b,2022-11-05,Darrick Minner,Shayilan Nuerdanbieke,1.243902,4.3,b,0.6667,4.3,0.4341,1
2664805fde34fb1b,2022-11-05,Shayilan Nuerdanbieke,Darrick Minner,1.243902,4.3,a,0.7143,1.2439,-0.0896,0
2ab395e21080b10a,2022-11-05,Mario Bautista,Benito Lopez,4.0,1.273973,a,0.6667,4.0,0.4167,1
2ab395e21080b10a,2022-11-05,Benito Lopez,Mario Bautista,4.0,1.273973,b,0.6923,1.274,-0.0926,0
31cb98ce37fd87dd,2022-11-05,Liudvik Sholinian,Johnny Munoz,3.25,1.377358,b,0.3333,1.3774,-0.3927,0
31cb98ce37fd87dd,2022-11-05,Johnny Munoz,Liudvik Sholinian,3.25,1.377358,a,0.4286,3.25,0.1209,1
3adecfc4727a8d73,2022-11-05,Tagir Ulanbekov,Nate Maness,3.05,1.408163,b,0.75,1.4082,0.0399,1
3adecfc4727a8d73,2022-11-05,Nate Maness,Tagir Ulanbekov,3.05,1.408163,b,0.7143,1.4082,0.0041,0
5475f5b6bad40989,2022-11-05,Polyana Viana,Jinh Yu Frey,1.689655,2.25,a,0.4286,1.6897,-0.1633,0
5475f5b6bad40989,2022-11-05,Jinh Yu Frey,Polyana Viana,1.689655,2.25,b,0.4667,2.25,0.0222,0
71afa8354da2491e,2022-11-05,Miranda Maverick,Shanna Young,7.0,1.117647,a,0.6,7.0,0.4571,1
71afa8354da2491e,2022-11-05,Shanna Young,Miranda Maverick,7.0,1.117647,b,0.6364,1.1176,-0.2584,0
abfc03893551ae73,2022-11-05,Marina Rodriguez,Amanda Lemos,3.05,1.408163,a,0.8571,3.05,0.5293,1
abfc03893551ae73,2022-11-05,Amanda Lemos,Marina Rodriguez,3.05,1.408163,b,0.8,1.4082,0.0899,1
b279559f15ecf29b,2022-11-05,Neil Magny,Daniel Rodriguez,1.869565,1.952381,b,0.875,1.9524,0.3628,1
b279559f15ecf29b,2022-11-05,Daniel Rodriguez,Neil Magny,1.869565,1.952381,a,0.8235,1.8696,0.2886,1
cfca30d3ef3c86b9,2022-11-05,Carlos Candelario,Jake Hadley,1.377358,3.25,a,0.5,1.3774,-0.226,0
cfca30d3ef3c86b9,2022-11-05,Jake Hadley,Carlos Candelario,1.377358,3.25,a,0.3333,1.3774,-0.3927,0
04f32bb0c0d3a8cc,2022-11-12,Israel Adesanya,Alex Pereira,1.47619,2.8,b,1.0,2.8,0.6429,1
04f32bb0c0d3a8cc,2022-11-12,Alex Pereira,Israel Adesanya,1.47619,2.8,a,1.0,1.4762,0.3226,1
09afa6ce4747a1a2,2022-11-12,Frankie Edgar,Chris Gutierrez,1.4,3.1,b,0.8571,3.1,0.5346,1
09afa6ce4747a1a2,2022-11-12,Chris Gutierrez,Frankie Edgar,1.4,3.1,a,0.8667,1.4,0.1524,1
1f922cfe6178e830,2022-11-12,Brad Riddell,Renato Moicano,2.05,1.8,a,0.6667,2.05,0.1789,1
1f922cfe6178e830,2022-11-12,Renato Moicano,Brad Riddell,2.05,1.8,a,0.6296,2.05,0.1418,1
40707ddc9fdea500,2022-11-12,Matt Frevola,Ottman Azaitar,2.4,1.606061,b,1.0,1.6061,0.3774,1
40707ddc9fdea500,2022-11-12,Ottman Azaitar,Matt Frevola,2.4,1.606061,a,0.8,2.4,0.3833,1
65ce9335b93d9c57,2022-11-12,Andre Petroski,Wellington Turman,2.5,1.571429,a,1.0,2.5,0.6,1
65ce9335b93d9c57,2022-11-12,Wellington Turman,Andre Petroski,2.5,1.571429,b,1.0,1.5714,0.3636,1
6f22afbc5f8e0bd3,2022-11-12,Dominick Reyes,Ryan Spann,1.512821,2.65,b,0.75,2.65,0.3726,1
6f22afbc5f8e0bd3,2022-11-12,Ryan Spann,Dominick Reyes,1.512821,2.65,a,0.7647,1.5128,0.1037,1
77c78d0a71b10692,2022-11-12,Dan Hooker,Claudio Puelles,1.645161,2.35,b,0.8333,2.35,0.4078,1
77c78d0a71b10692,2022-11-12,Claudio Puelles,Dan Hooker,1.645161,2.35,a,0.7692,1.6452,0.1614,1
7f93b2f38497caec,2022-11-12,Michael Trizano,SeungWoo Choi,2.6,1.526316,a,0.5,2.6,0.1154,1
7f93b2f38497caec,2022-11-12,SeungWoo Choi,Michael Trizano,2.6,1.526316,b,0.5385,1.5263,-0.1167,0
93da91272d4a7ce3,2022-11-12,Erin Blanchfield,Molly McCann,4.4,1.235294,a,1.0,4.4,0.7727,1
93da91272d4a7ce3,2022-11-12,Molly McCann,Erin Blanchfield,4.4,1.235294,b,1.0,1.2353,0.1905,1
bee95769a221af9a,2022-11-12,Julio Arce,Montel Jackson,2.7,1.5,b,0.7143,1.5,0.0476,1
bee95769a221af9a,2022-11-12,Montel Jackson,Julio Arce,2.7,1.5,a,0.7333,2.7,0.363,1
db026ff6eee4d174,2022-11-12,Carlos Ulberg,Nicolae Negumereanu,2.15,1.740741,b,0.8,1.7407,0.2255,1
db026ff6eee4d174,2022-11-12,Nicolae Negumereanu,Carlos Ulberg,2.15,1.740741,a,0.7273,2.15,0.2622,1
ff2e4b411f695017,2022-11-12,Karolina Kowalkiewicz,Silvana Gomez Juarez,1.909091,1.909091,a,0.4615,1.9091,-0.0623,0
ff2e4b411f695017,2022-11-12,Silvana Gomez Juarez,Karolina Kowalkiewicz,1.909091,1.909091,b,0.4815,1.9091,-0.0423,0
0f2983fe7753403f,2022-11-19,Ricky Turcios,Kevin Natividad,2.65,1.512821,a,0.5,2.65,0.1226,1
0f2983fe7753403f,2022-11-19,Kevin Natividad,Ricky Turcios,2.65,1.512821,b,0.6,1.5128,-0.061,0
110f539523a4b571,2022-11-19,Chase Sherman,Waldo Cortes-Acosta,2.9,1.444444,b,1.0,1.4444,0.3077,1
110f539523a4b571,2022-11-19,Waldo Cortes-Acosta,Chase Sherman,2.9,1.444444,a,1.0,2.9,0.6552,1
144443d4dbf43990,2022-11-19,Jennifer Maia,Maryna Moroz,2.3,1.666667,b,0.6667,1.6667,0.0667,1
144443d4dbf43990,2022-11-19,Maryna Moroz,Jennifer Maia,2.3,1.666667,a,0.6316,2.3,0.1968,1
594435375d641f63,2022-11-19,Vince Morales,Miles Johns,2.5,1.571429,b,0.6,1.5714,-0.0364,0
594435375d641f63,2022-11-19,Miles Johns,Vince Morales,2.5,1.571429,a,0.6364,2.5,0.2364,1
a3696c847ef6c7f9,2022-11-19,Brady Hiestand,Fernie Garcia,1.571429,2.5,a,0.5,1.5714,-0.1364,0
a3696c847ef6c7f9,2022-11-19,Fernie Garcia,Brady Hiestand,1.571429,2.5,b,0.3333,2.5,-0.0667,0
b4cfb34e8224fd77,2022-11-19,Charles Johnson,Zhalgas Zhumagulov,2.4,1.606061,b,0.2,1.6061,-0.4226,0
b4cfb34e8224fd77,2022-11-19,Zhalgas Zhumagulov,Charles Johnson,2.4,1.606061,b,0.3333,1.6061,-0.2893,0
bd064deb3494b41a,2022-11-19,Vanessa Demopoulos,Maria Oliveira,1.909091,1.909091,a,0.6667,1.9091,0.1429,1
bd064deb3494b41a,2022-11-19,Maria Oliveira,Vanessa Demopoulos,1.909091,1.909091,b,0.7143,1.9091,0.1905,1
c317f85a8266313e,2022-11-19,Andre Fialho,Muslim Salikhov,1.952381,1.869565,b,0.7143,1.8696,0.1794,1
c317f85a8266313e,2022-11-19,Muslim Salikhov,Andre Fialho,1.952381,1.869565,a,0.7333,1.9524,0.2211,1
c33257dd0605c7de,2022-11-19,Kennedy Nzechukwu,Ion Cutelaba,1.512821,2.65,a,0.5714,1.5128,-0.0896,0
c33257dd0605c7de,2022-11-19,Ion Cutelaba,Kennedy Nzechukwu,1.512821,2.65,b,0.6,2.65,0.2226,1
d0c01840c72429c6,2022-11-19,Jack Della Maddalena,Danny Roberts,1.142857,6.1,a,1.0,1.1429,0.125,1
d0c01840c72429c6,2022-11-19,Danny Roberts,Jack Della Maddalena,1.142857,6.1,b,1.0,6.1,0.8361,1
0c9faf26efe2cdcc,2022-12-03,Angela Hill,Emily Ducote,1.769231,2.1,b,1.0,2.1,0.5238,1
0c9faf26efe2cdcc,2022-12-03,Emily Ducote,Angela Hill,1.769231,2.1,a,0.6667,1.7692,0.1014,1
2cec230248d7eb97,2022-12-03,Yazmin Jauregui,Istela Nunes,1.285714,3.9,a,1.0,1.2857,0.2222,1
2cec230248d7eb97,2022-12-03,Istela Nunes,Yazmin Jauregui,1.285714,3.9,b,1.0,3.9,0.7436,1
30abc50a2e71c576,2022-12-03,Natan Levy,Genaro Valdez,1.416667,3.0,a,0.5,1.4167,-0.2059,0
30abc50a2e71c576,2022-12-03,Genaro Valdez,Natan Levy,1.416667,3.0,b,0.6,3.0,0.2667,1
5a8f7afc5ea69537,2022-12-03,Matheus Nicolau,Matt Schnell,1.25641,4.2,a,0.8571,1.2564,0.0612,1
5a8f7afc5ea69537,2022-12-03,Matt Schnell,Matheus Nicolau,1.25641,4.2,b,0.8667,4.2,0.6286,1
7bd6969c4ed979f9,2022-12-03,Clay Guida,Scott Holtzman,2.95,1.434783,b,0.5833,1.4348,-0.1136,0
7bd6969c4ed979f9,2022-12-03,Scott Holtzman,Clay Guida,2.95,1.434783,a,0.56,2.95,0.221,1
7fbf09533c59e43f,2022-12-03,Niko Price,Phil Rowe,2.0,1.833333,b,0.6667,1.8333,0.1212,1
7fbf09533c59e43f,2022-12-03,Phil Rowe,Niko Price,2.0,1.833333,a,0.7143,2.0,0.2143,1
92c1d9a6d313cb0c,2022-12-03,Michael Johnson,Marc Diakiese,1.263158,4.1,b,0.5833,4.1,0.3394,1
92c1d9a6d313cb0c,2022-12-03,Marc Diakiese,Michael Johnson,1.263158,4.1,a,0.56,1.2632,-0.2317,0
972e17c1b98fca06,2022-12-03,Tai Tuivasa,Sergei Pavlovich,2.55,1.555556,b,0.8,1.5556,0.1571,1
972e17c1b98fca06,2022-12-03,Sergei Pavlovich,Tai Tuivasa,2.55,1.555556,a,0.8182,2.55,0.426,1
a419e6df765aa755,2022-12-03,Stephen Thompson,Kevin Holland,1.588235,2.45,b,0.6667,2.45,0.2585,1
a419e6df765aa755,2022-12-03,Kevin Holland,Stephen Thompson,1.588235,2.45,b,0.6571,2.45,0.249,1
a71764d5da04e3bc,2022-12-03,Jack Hermansson,Roman Dolidze,1.444444,2.9,b,0.8333,2.9,0.4885,1
a71764d5da04e3bc,2022-12-03,Roman Dolidze,Jack Hermansson,1.444444,2.9,a,0.8462,1.4444,0.1538,1
be977e524ef56aa4,2022-12-03,Darren Elkins,Jonathan Pearce,1.2,5.0,b,0.8,5.0,0.6,1
be977e524ef56aa4,2022-12-03,Jonathan Pearce,Darren Elkins,1.2,5.0,a,0.8182,1.2,-0.0152,0
ca0f0a35a1fcb453,2022-12-03,Eryk Anders,Kyle Daukaus,2.95,1.434783,a,0.4615,2.95,0.1226,1
ca0f0a35a1fcb453,2022-12-03,Kyle Daukaus,Eryk Anders,2.95,1.434783,b,0.4815,1.4348,-0.2155,0
f17813d03fcd8e7a,2022-12-03,Bryan Barberena,Rafael Dos Anjos,1.235294,4.4,b,0.625,4.4,0.3977,1
f17813d03fcd8e7a,2022-12-03,Rafael Dos Anjos,Bryan Barberena,1.235294,4.4,a,0.6308,1.2353,-0.1788,0
11f65de5348e4bc4,2022-12-10,Santiago Ponzinibbio,Alex Morono,1.645161,2.35,b,0.7333,2.35,0.3078,1
11f65de5348e4bc4,2022-12-10,Alex Morono,Santiago Ponzinibbio,1.645161,2.35,a,0.7097,1.6452,0.1018,1
144cd3f62591a5fb,2022-12-10,Paddy Pimblett,Jared Gordon,3.2,1.384615,a,1.0,3.2,0.6875,1
144cd3f62591a5fb,2022-12-10,Jared Gordon,Paddy Pimblett,3.2,1.384615,b,1.0,1.3846,0.2778,1
1779cc4ae925df01,2022-12-10,Jairzinho Rozenstruik,Chris Daukaus,1.606061,2.4,b,0.6667,2.4,0.25,1
1779cc4ae925df01,2022-12-10,Chris Daukaus,Jairzinho Rozenstruik,1.606061,2.4,b,0.619,2.4,0.2024,1
4e9d76ed54f1f352,2022-12-10,Edmen Shahbazyan,Dalcha Lungiambula,1.31746,3.6,a,0.5714,1.3175,-0.1876,0
4e9d76ed54f1f352,2022-12-10,Dalcha Lungiambula,Edmen Shahbazyan,1.31746,3.6,b,0.6,3.6,0.3222,1
a1a5d06b0e7ada62,2022-12-10,Billy Quarantillo,Alexander Hernandez,2.4,1.606061,a,0.6667,2.4,0.25,1
a1a5d06b0e7ada62,2022-12-10,Alexander Hernandez,Billy Quarantillo,2.4,1.606061,b,0.6923,1.6061,0.0697,1
a346180c8b109469,2022-12-10,Chris Curtis,Joaquin Buckley,2.45,1.588235,a,0.75,2.45,0.3418,1
a346180c8b109469,2022-12-10,Joaquin Buckley,Chris Curtis,2.45,1.588235,b,0.7778,1.5882,0.1481,1
ecab8b8b36727b8d,2022-12-10,Darren Till,Dricus Du Plessis,1.512821,2.65,b,1.0,2.65,0.6226,1
ecab8b8b36727b8d,2022-12-10,Dricus Du Plessis,Darren Till,1.512821,2.65,a,1.0,1.5128,0.339,1
4ea48bf2407b405d,2022-12-17,Jared Cannonier,Sean Strickland,1.952381,1.869565,b,0.75,1.8696,0.2151,1
4ea48bf2407b405d,2022-12-17,Sean Strickland,Jared Cannonier,1.952381,1.869565,a,0.7273,1.9524,0.2151,1
5f4e944ff1bdcd9c,2022-12-17,Jake Matthews,Matthew Semelsberger,3.55,1.327869,a,0.6875,3.55,0.4058,1
5f4e944ff1bdcd9c,2022-12-17,Matthew Semelsberger,Jake Matthews,3.55,1.327869,a,0.6923,3.55,0.4106,1
8f00da6ea8186ce2,2022-12-17,Bryan Battle,Rinat Fakhretdinov,1.645161,2.35,a,1.0,1.6452,0.3922,1
8f00da6ea8186ce2,2022-12-17,Rinat Fakhretdinov,Bryan Battle,1.645161,2.35,a,1.0,1.6452,0.3922,1
9c1a2ac64c98d2f6,2022-12-17,Alex Caceres,Julian Erosa,2.45,1.588235,a,0.56,2.45,0.1518,1
9c1a2ac64c98d2f6,2022-12-17,Julian Erosa,Alex Caceres,2.45,1.588235,b,0.5686,1.5882,-0.061,0
c960184a583f1861,2022-12-17,Cheyanne Vlismas,Cory McKenna,2.6,1.526316,a,0.6667,2.6,0.2821,1
c960184a583f1861,2022-12-17,Cory McKenna,Cheyanne Vlismas,2.6,1.526316,a,0.7143,2.6,0.3297,1
ccb7e2851319345d,2022-12-17,Sergey Morozov,Journey Newson,1.31746,3.6,a,0.5,1.3175,-0.259,0
ccb7e2851319345d,2022-12-17,Journey Newson,Sergey Morozov,1.31746,3.6,b,0.5556,3.6,0.2778,1
ce7744d45a698aa6,2022-12-17,Arman Tsarukyan,Damir Ismagulov,2.7,1.5,b,1.0,1.5,0.3333,1
ce7744d45a698aa6,2022-12-17,Damir Ismagulov,Arman Tsarukyan,2.7,1.5,a,0.9091,2.7,0.5387,1
e0444752d18fda7f,2022-12-17,Cody Brundage,Michal Oleksiejczuk,1.408163,3.05,a,0.6667,1.4082,-0.0435,0
e0444752d18fda7f,2022-12-17,Michal Oleksiejczuk,Cody Brundage,1.408163,3.05,a,0.6471,1.4082,-0.0631,0
ed6203e849a2bf28,2022-12-17,Said Nurmagomedov,Saidyokub Kakhramonov,1.909091,1.909091,b,1.0,1.9091,0.4762,1
ed6203e849a2bf28,2022-12-17,Saidyokub Kakhramonov,Said Nurmagomedov,1.909091,1.909091,b,0.8462,1.9091,0.3223,1
efc64d8aae5628c9,2022-12-17,Rafa Garcia,Maheshate,2.4,1.606061,b,1.0,1.6061,0.3774,1
efc64d8aae5628c9,2022-12-17,Maheshate,Rafa Garcia,2.4,1.606061,a,0.6667,2.4,0.25,1
f87a7812733f7e8f,2022-12-17,David Dvorak,Manel Kape,1.487805,2.75,a,0.75,1.4878,0.0779,1
f87a7812733f7e8f,2022-12-17,Manel Kape,David Dvorak,1.487805,2.75,b,0.6667,2.75,0.303,1
622cc4ef46913020,2023-01-14,Ketlen Vieira,Raquel Pennington,1.666667,2.3,a,0.7778,1.6667,0.1778,1
622cc4ef46913020,2023-01-14,Raquel Pennington,Ketlen Vieira,1.666667,2.3,b,0.7368,2.3,0.3021,1
868c83e734dbbceb,2023-01-14,Sean Strickland,Nassourdine Imavov,2.15,1.740741,b,0.8,1.7407,0.2255,1
868c83e734dbbceb,2023-01-14,Nassourdine Imavov,Sean Strickland,2.15,1.740741,a,0.7273,2.15,0.2622,1
a4c7d59d340794c0,2023-01-14,Umar Nurmagomedov,Raoni Barcelos,1.095238,8.0,a,1.0,1.0952,0.087,1
a4c7d59d340794c0,2023-01-14,Raoni Barcelos,Umar Nurmagomedov,1.095238,8.0,b,1.0,8.0,0.875,1
b6723b9c6ff4d594,2023-01-14,Charles Johnson,Jimmy Flick,3.95,1.277778,b,1.0,1.2778,0.2174,1
b6723b9c6ff4d594,2023-01-14,Jimmy Flick,Charles Johnson,3.95,1.277778,a,0.6667,3.95,0.4135,1
c88a7dbe7717d2da,2023-01-14,Dan Ige,Damon Jackson,2.15,1.740741,b,0.7143,1.7407,0.1398,1
c88a7dbe7717d2da,2023-01-14,Damon Jackson,Dan Ige,2.15,1.740741,a,0.6667,2.15,0.2016,1
c9144a294c73b06f,2023-01-14,Allan Nascimento,Carlos Hernandez,1.307692,3.7,b,1.0,3.7,0.7297,1
c9144a294c73b06f,2023-01-14,Carlos Hernandez,Allan Nascimento,1.307692,3.7,a,0.6667,1.3077,-0.098,0
d4420be78065de03,2023-01-14,Punahele Soriano,Roman Kopylov,1.714286,2.2,a,0.6,1.7143,0.0167,0
d4420be78065de03,2023-01-14,Roman Kopylov,Punahele Soriano,1.714286,2.2,b,0.5455,2.2,0.0909,1
0221982930283140,2023-01-21,Lauren Murphy,Jessica Andrade,1.204082,4.9,b,0.6667,4.9,0.4626,1
0221982930283140,2023-01-21,Jessica Andrade,Lauren Murphy,1.204082,4.9,a,0.6744,1.2041,-0.1561,0
1c51f405e5c46572,2023-01-21,Gilbert Burns,Neil Magny,1.204082,4.9,a,0.7222,1.2041,-0.1083,0
1c51f405e5c46572,2023-01-21,Neil Magny,Gilbert Burns,1.204082,4.9,b,0.7297,4.9,0.5256,1
2d1ac675e6c1e6ea,2023-01-21,Paul Craig,Johnny Walker,1.526316,2.6,a,0.6154,1.5263,-0.0398,0
2d1ac675e6c1e6ea,2023-01-21,Johnny Walker,Paul Craig,1.526316,2.6,b,0.5926,2.6,0.208,1
a3ef3d05ddd80a94,2023-01-21,Mauricio Rua,Ihor Potieria,2.65,1.512821,a,0.5,2.65,0.1226,1
a3ef3d05ddd80a94,2023-01-21,Ihor Potieria,Mauricio Rua,2.65,1.512821,b,0.4889,1.5128,-0.1721,0
dde7d29cc443e263,2023-01-21,Glover Teixeira,Jamahal Hill,1.689655,2.25,b,0.8333,2.25,0.3889,1
dde7d29cc443e263,2023-01-21,Jamahal Hill,Glover Teixeira,1.689655,2.25,a,0.8462,1.6897,0.2543,1
f09c3d8a26806761,2023-01-21,Warlley Alves,Nicolas Dalby,2.1,1.769231,a,0.6154,2.1,0.1392,1
f09c3d8a26806761,2023-01-21,Nicolas Dalby,Warlley Alves,2.1,1.769231,a,0.6,2.1,0.1238,1
fcf385ae75191b57,2023-01-21,Josiane Nunes,Zarah Fairn,1.185185,5.2,a,1.0,1.1852,0.1562,1
fcf385ae75191b57,2023-01-21,Zarah Fairn,Josiane Nunes,1.185185,5.2,b,1.0,5.2,0.8077,1
fffdc57255274be1,2023-01-21,Shamil Abdurakhimov,Jailton Almeida,7.75,1.102564,b,1.0,1.1026,0.093,1
fffdc57255274be1,2023-01-21,Jailton Almeida,Shamil Abdurakhimov,7.75,1.102564,a,1.0,7.75,0.871,1
7a1abc0230af730c,2023-02-04,Da Woon Jung,Devin Clark,1.363636,3.3,a,0.8,1.3636,0.0667,1
7a1abc0230af730c,2023-02-04,Devin Clark,Da Woon Jung,1.363636,3.3,b,0.7273,3.3,0.4242,1
8741e6a3a5a22a7f,2023-02-04,Marcin Tybura,Blagoy Ivanov,2.25,1.689655,a,0.625,2.25,0.1806,1
8741e6a3a5a22a7f,2023-02-04,Blagoy Ivanov,Marcin Tybura,2.25,1.689655,b,0.6364,1.6897,0.0445,1
983fab4080743ed0,2023-02-04,JunYong Park,Denis Tiuliulin,2.7,1.5,a,0.7143,2.7,0.3439,1
983fab4080743ed0,2023-02-04,Denis Tiuliulin,JunYong Park,2.7,1.5,b,0.7333,1.5,0.0667,1
caeeb398f73d213a,2023-02-04,Derrick Lewis,Serghei Spivac,3.55,1.327869,a,0.68,3.55,0.3983,1
caeeb398f73d213a,2023-02-04,Serghei Spivac,Derrick Lewis,3.55,1.327869,a,0.6842,3.55,0.4025,1
2208b9f471a201d9,2023-02-11,Yair Rodriguez,Josh Emmett,1.555556,2.55,a,0.8182,1.5556,0.1753,1
2208b9f471a201d9,2023-02-11,Josh Emmett,Yair Rodriguez,1.555556,2.55,b,0.8261,2.55,0.4339,1
256894b49303537b,2023-02-11,Islam Makhachev,Alexander Volkanovski,1.273973,4.0,b,1.0,4.0,0.75,1
256894b49303537b,2023-02-11,Alexander Volkanovski,Islam Makhachev,1.273973,4.0,a,0.96,1.274,0.1751,1
4f672dd40867d8c6,2023-02-11,Jack Della Maddalena,Randy Brown,1.307692,3.7,a,1.0,1.3077,0.2353,1
4f672dd40867d8c6,2023-02-11,Randy Brown,Jack Della Maddalena,1.307692,3.7,b,1.0,3.7,0.7297,1
51a12878b151d67b,2023-02-11,Loma Lookboonmee,Elise Reed,1.289855,3.85,a,0.6667,1.2899,-0.1086,0
51a12878b151d67b,2023-02-11,Elise Reed,Loma Lookboonmee,1.289855,3.85,b,0.6923,3.85,0.4326,1
8b7bc2af1e15b668,2023-02-11,Josh Culibao,Melsik Baghdasaryan,1.909091,1.909091,b,1.0,1.9091,0.4762,1
8b7bc2af1e15b668,2023-02-11,Melsik Baghdasaryan,Josh Culibao,1.909091,1.909091,a,0.8,1.9091,0.2762,1
ca2672e68fedf4b7,2023-02-11,Tyson Pedro,Modestas Bukauskas,2.85,1.465116,a,0.625,2.85,0.2741,1
ca2672e68fedf4b7,2023-02-11,Modestas Bukauskas,Tyson Pedro,2.85,1.465116,b,0.5882,1.4651,-0.0943,0
da22d5a717ae9e35,2023-02-11,Justin Tafa,Parker Porter,2.0,1.833333,b,0.6,1.8333,0.0545,1
da22d5a717ae9e35,2023-02-11,Parker Porter,Justin Tafa,2.0,1.833333,a,0.5455,2.0,0.0455,1
3d46d635f9ae5e68,2023-02-18,Ovince Saint Preux,Philipe Lins,2.8,1.47619,a,0.56,2.8,0.2029,1
3d46d635f9ae5e68,2023-02-18,Philipe Lins,Ovince Saint Preux,2.8,1.47619,b,0.549,1.4762,-0.1284,0
3f837b469ba33c7c,2023-02-18,Jordan Wright,Zac Pauga,1.338983,3.45,a,0.3333,1.339,-0.4135,0
3f837b469ba33c7c,2023-02-18,Zac Pauga,Jordan Wright,1.338983,3.45,a,0.3333,1.339,-0.4135,0
682ff095649c9a5c,2023-02-18,Jim Miller,Alexander Hernandez,1.47619,2.8,a,0.6154,1.4762,-0.062,0
682ff095649c9a5c,2023-02-18,Alexander Hernandez,Jim Miller,1.47619,2.8,b,0.6076,2.8,0.2505,1
c3a4187fc821bfff,2023-02-18,Lina Lansberg,Mayra Bueno Silva,4.9,1.204082,b,0.6667,1.2041,-0.1638,0
c3a4187fc821bfff,2023-02-18,Mayra Bueno Silva,Lina Lansberg,4.9,1.204082,a,0.6923,4.9,0.4882,1
dc6f69f923744948,2023-02-18,William Knight,Marcin Prachnio,1.769231,2.1,a,0.5,1.7692,-0.0652,0
dc6f69f923744948,2023-02-18,Marcin Prachnio,William Knight,1.769231,2.1,b,0.4615,2.1,-0.0147,0
dcc3da324eb5f26c,2023-02-18,Jessica Andrade,Erin Blanchfield,2.0,1.833333,b,1.0,1.8333,0.4545,1
dcc3da324eb5f26c,2023-02-18,Erin Blanchfield,Jessica Andrade,2.0,1.833333,a,1.0,2.0,0.5,1
00a94d5fc7ce55cf,2023-02-25,Mike Malott,Yohan Lainesse,1.465116,2.85,a,1.0,1.4651,0.3175,1
00a94d5fc7ce55cf,2023-02-25,Yohan Lainesse,Mike Malott,1.465116,2.85,b,1.0,2.85,0.6491,1
2ba11e0bf32829d6,2023-02-25,Andre Muniz,Brendan Allen,2.75,1.487805,a,1.0,2.75,0.6364,1
2ba11e0bf32829d6,2023-02-25,Brendan Allen,Andre Muniz,2.75,1.487805,b,0.9091,1.4878,0.237,1
5737084215c45792,2023-02-25,Tatiana Suarez,Montana De La Rosa,6.5,1.133333,a,1.0,6.5,0.8462,1
5737084215c45792,2023-02-25,Montana De La Rosa,Tatiana Suarez,6.5,1.133333,b,1.0,1.1333,0.1176,1
63670e1b8f164d4a,2023-02-25,Ode Osbourne,Charles Johnson,2.45,1.588235,b,0.6667,1.5882,0.037,1
63670e1b8f164d4a,2023-02-25,Charles Johnson,Ode Osbourne,2.45,1.588235,a,0.5714,2.45,0.1633,1
d6357dab7ccdf2db,2023-02-25,Augusto Sakai,Don'Tale Mayes,2.15,1.740741,a,0.5,2.15,0.0349,1
d6357dab7ccdf2db,2023-02-25,Don'Tale Mayes,Augusto Sakai,2.15,1.740741,b,0.5294,1.7407,-0.0451,0
009feda296ae589c,2023-03-04,Viviane Araujo,Amanda Ribas,2.1,1.769231,b,0.7143,1.7692,0.1491,1
009feda296ae589c,2023-03-04,Amanda Ribas,Viviane Araujo,2.1,1.769231,a,0.7333,2.1,0.2571,1
0eb16f1307f66a11,2023-03-04,Mana Martinez,Cameron Saaiman,1.4,3.1,b,1.0,3.1,0.6774,1
0eb16f1307f66a11,2023-03-04,Cameron Saaiman,Mana Martinez,1.4,3.1,a,1.0,1.4,0.2857,1
22fc6b3f4e48cfa3,2023-03-04,Geoff Neal,Shavkat Rakhmonov,1.2,5.0,b,1.0,5.0,0.8,1
22fc6b3f4e48cfa3,2023-03-04,Shavkat Rakhmonov,Geoff Neal,1.2,5.0,a,1.0,1.2,0.1667,1
636fd144716a3084,2023-03-04,Jon Jones,Ciryl Gane,1.645161,2.35,a,0.9524,1.6452,0.3445,1
636fd144716a3084,2023-03-04,Ciryl Gane,Jon Jones,1.645161,2.35,b,0.9535,2.35,0.528,1
a69afe4a88c0ca12,2023-03-04,Valentina Shevchenko,Alexa Grasso,1.166667,5.5,a,0.8571,1.1667,0.0,0
a69afe4a88c0ca12,2023-03-04,Alexa Grasso,Valentina Shevchenko,1.166667,5.5,b,0.8276,5.5,0.6458,1
c29e2c49e1e417c8,2023-03-04,Julian Marquez,Marc-Andre Barriault,1.8,2.05,a,0.6,1.8,0.0444,1
c29e2c49e1e417c8,2023-03-04,Marc-Andre Barriault,Julian Marquez,1.8,2.05,b,0.5455,2.05,0.0576,1
c2fc4c1e0c769655,2023-03-04,Derek Brunson,Dricus Du Plessis,1.416667,3.0,b,1.0,3.0,0.6667,1
c2fc4c1e0c769655,2023-03-04,Dricus Du Plessis,Derek Brunson,1.416667,3.0,a,1.0,1.4167,0.2941,1
c3b9b97467f828d1,2023-03-04,Jessica Penne,Tabatha Ricci,2.95,1.434783,b,0.6667,1.4348,-0.0303,0
c3b9b97467f828d1,2023-03-04,Tabatha Ricci,Jessica Penne,2.95,1.434783,a,0.7143,2.95,0.3753,1
ec490d4224d3bc78,2023-03-04,Cody Garbrandt,Trevin Jones,1.606061,2.4,a,0.5833,1.6061,-0.0393,0
ec490d4224d3bc78,2023-03-04,Trevin Jones,Cody Garbrandt,1.606061,2.4,b,0.6,2.4,0.1833,1
0ccd2593c88209e4,2023-03-11,Petr Yan,Merab Dvalishvili,3.1,1.392157,b,0.8,1.3922,0.0817,1
0ccd2593c88209e4,2023-03-11,Merab Dvalishvili,Petr Yan,3.1,1.392157,a,0.8095,3.1,0.4869,1
2c58a97f2fe6c985,2023-03-11,Mario Bautista,Guido Cannetti,1.083333,8.5,a,0.7143,1.0833,-0.2088,0
2c58a97f2fe6c985,2023-03-11,Guido Cannetti,Mario Bautista,1.083333,8.5,b,0.7333,8.5,0.6157,1
3b561a154aa2bbb2,2023-03-11,Alexander Volkov,Alexandr Romanov,2.24,1.684932,b,0.8333,1.6849,0.2398,1
3b561a154aa2bbb2,2023-03-11,Alexandr Romanov,Alexander Volkov,2.24,1.684932,a,0.7692,2.24,0.3228,1
804c350ce714770f,2023-03-11,Raphael Assuncao,Davey Grant,1.735294,2.16,a,0.6667,1.7353,0.0904,1
804c350ce714770f,2023-03-11,Davey Grant,Raphael Assuncao,1.735294,2.16,b,0.6486,2.16,0.1857,1
b9539d5e379b3edc,2023-03-11,Said Nurmagomedov,Jonathan Martinez,1.416667,2.98,a,0.8571,1.4167,0.1513,1
b9539d5e379b3edc,2023-03-11,Jonathan Martinez,Said Nurmagomedov,1.416667,2.98,b,0.8,2.98,0.4644,1
c3af2b6ab1262fef,2023-03-11,Tyson Nam,Bruno Silva,1.555556,2.52,b,0.5556,2.52,0.1587,1
c3af2b6ab1262fef,2023-03-11,Bruno Silva,Tyson Nam,1.555556,2.52,a,0.5789,1.5556,-0.0639,0
c4e4954beb59eca6,2023-03-11,Victor Henry,Tony Gravely,2.2,1.704225,b,0.5714,1.7042,-0.0153,0
c4e4954beb59eca6,2023-03-11,Tony Gravely,Victor Henry,2.2,1.704225,b,0.6,1.7042,0.0132,0
ccb5e29cd0347110,2023-03-11,Carlston Harris,Jared Gooden,1.333333,3.45,a,0.6667,1.3333,-0.0833,0
ccb5e29cd0347110,2023-03-11,Jared Gooden,Carlston Harris,1.333333,3.45,b,0.7143,3.45,0.4244,1
d6945828f5fa7492,2023-03-11,Nikita Krylov,Ryan Spann,1.595238,2.42,b,0.7778,2.42,0.3646,1
d6945828f5fa7492,2023-03-11,Ryan Spann,Nikita Krylov,1.595238,2.42,a,0.7368,1.5952,0.11,1
019b4d006800504b,2023-03-18,Gunnar Nelson,Bryan Barberena,4.1,1.285714,a,0.6429,4.1,0.399,1
019b4d006800504b,2023-03-18,Bryan Barberena,Gunnar Nelson,4.1,1.285714,b,0.6552,1.2857,-0.1226,0
13f5be7a2ea5577e,2023-03-18,Jack Shore,Makwan Amirkhani,5.2,1.178571,a,0.8333,5.2,0.641,1
13f5be7a2ea5577e,2023-03-18,Makwan Amirkhani,Jack Shore,5.2,1.178571,b,0.8462,1.1786,-0.0023,0
53d6d5ad08ac0694,2023-03-18,Juliana Miller,Veronica Hardy,3.8,1.285714,a,1.0,3.8,0.7368,1
53d6d5ad08ac0694,2023-03-18,Veronica Hardy,Juliana Miller,3.8,1.285714,b,0.6667,1.2857,-0.1111,0
5e9c027fb24efc2b,2023-03-18,Marvin Vettori,Roman Dolidze,3.05,1.4,b,0.8571,1.4,0.1429,1
5e9c027fb24efc2b,2023-03-18,Roman Dolidze,Marvin Vettori,3.05,1.4,a,0.8,3.05,0.4721,1
6068385c48de6801,2023-03-18,Jake Hadley,Malcolm Gordon,1.188679,4.6,a,0.5,1.1887,-0.3413,0
6068385c48de6801,2023-03-18,Malcolm Gordon,Jake Hadley,1.188679,4.6,b,0.6,4.6,0.3826,1
8a3e7085e8e5a6e9,2023-03-18,Joanne Wood,Luana Carolina,1.408163,2.86,b,0.6,2.86,0.2503,1
8a3e7085e8e5a6e9,2023-03-18,Luana Carolina,Joanne Wood,1.408163,2.86,a,0.5455,1.4082,-0.1647,0
90a83875e1d11238,2023-03-18,Justin Gaethje,Rafael Fiziev,3.05,1.4,b,0.8571,1.4,0.1429,1
90a83875e1d11238,2023-03-18,Rafael Fiziev,Justin Gaethje,3.05,1.4,a,0.8,3.05,0.4721,1
c483ac06b1e33c3b,2023-03-18,Leon Edwards,Kamaru Usman,1.408163,3.05,b,0.9375,3.05,0.6096,1
c483ac06b1e33c3b,2023-03-18,Kamaru Usman,Leon Edwards,1.408163,3.05,a,0.9091,1.4082,0.1989,1
dd9cbf6d6284de26,2023-03-18,Jennifer Maia,Casey O'Neill,1.543478,2.54,b,1.0,2.54,0.6063,1
dd9cbf6d6284de26,2023-03-18,Casey O'Neill,Jennifer Maia,1.543478,2.54,a,0.8889,1.5435,0.241,1
07e39fd5f4f23270,2023-03-25,Trevin Giles,Preston Parsons,1.833333,2.02,a,0.6,1.8333,0.0545,1
07e39fd5f4f23270,2023-03-25,Preston Parsons,Trevin Giles,1.833333,2.02,b,0.619,2.02,0.124,1
1c2d0db1c9eed052,2023-03-25,Holly Holm,Yana Santos,3.0,1.408163,b,0.5714,1.4082,-0.1387,0
1c2d0db1c9eed052,2023-03-25,Yana Santos,Holly Holm,3.0,1.408163,b,0.5556,1.4082,-0.1546,0
2f382615155e32b9,2023-03-25,Chidi Njokuani,Albert Duraev,2.34,1.617284,a,0.6667,2.34,0.2393,1
2f382615155e32b9,2023-03-25,Albert Duraev,Chidi Njokuani,2.34,1.617284,a,0.6,2.34,0.1726,1
33fa6793a7f984ac,2023-03-25,Marlon Vera,Cory Sandhagen,1.735294,2.16,b,0.7273,2.16,0.2643,1
33fa6793a7f984ac,2023-03-25,Cory Sandhagen,Marlon Vera,1.735294,2.16,a,0.7391,1.7353,0.1629,1
9433730f95d52fc8,2023-03-25,Andrea Lee,Maycee Barber,3.2,1.37037,b,0.75,1.3704,0.0203,0
9433730f95d52fc8,2023-03-25,Maycee Barber,Andrea Lee,3.2,1.37037,a,0.7647,3.2,0.4522,1
b9e037a45f8850fb,2023-03-25,Steven Peterson,Lucas Alexander,2.38,1.609756,a,0.4286,2.38,0.0084,0
b9e037a45f8850fb,2023-03-25,Lucas Alexander,Steven Peterson,2.38,1.609756,b,0.4,1.6098,-0.2212,0
bce8ece2ff26b4d4,2023-03-25,Nate Landwehr,Austin Lingo,2.8,1.465116,b,0.6667,1.4651,-0.0159,0
bce8ece2ff26b4d4,2023-03-25,Austin Lingo,Nate Landwehr,2.8,1.465116,b,0.6364,1.4651,-0.0462,0
c6cc6ae23cbf8a27,2023-03-25,Daniel Pineda,Tucker Lutz,3.5,1.322581,b,0.5,1.3226,-0.2561,0
c6cc6ae23cbf8a27,2023-03-25,Tucker Lutz,Daniel Pineda,3.5,1.322581,b,0.4737,1.3226,-0.2824,0
0810cdbeb9dd4d02,2023-04-08,Shayilan Nuerdanbieke,Steve Garcia,1.581395,2.44,a,0.75,1.5814,0.1176,1
0810cdbeb9dd4d02,2023-04-08,Steve Garcia,Shayilan Nuerdanbieke,1.581395,2.44,b,0.6667,2.44,0.2568,1
28e3d939eb043664,2023-04-08,Gerald Meerschaert,Joe Pyfer,2.72,1.487805,b,1.0,1.4878,0.3279,1
28e3d939eb043664,2023-04-08,Joe Pyfer,Gerald Meerschaert,2.72,1.487805,a,1.0,2.72,0.6324,1
2cb34fc074f7a9ae,2023-04-08,Raul Rosas Jr.,Christian Rodriguez,3.2,1.37037,a,1.0,3.2,0.6875,1
2cb34fc074f7a9ae,2023-04-08,Christian Rodriguez,Raul Rosas Jr.,3.2,1.37037,b,0.6667,1.3704,-0.0631,0
3165b03ddc6d3b6e,2023-04-08,Kevin Holland,Santiago Ponzinibbio,1.384615,3.15,b,0.6875,3.15,0.37,1
3165b03ddc6d3b6e,2023-04-08,Santiago Ponzinibbio,Kevin Holland,1.384615,3.15,a,0.6667,1.3846,-0.0556,0
678d27af287476f8,2023-04-08,Rob Font,Adrian Yanez,1.47619,2.76,b,1.0,2.76,0.6377,1
678d27af287476f8,2023-04-08,Adrian Yanez,Rob Font,1.47619,2.76,a,0.9091,1.4762,0.2317,1
71ea7d7985dad804,2023-04-08,Gilbert Burns,Jorge Masvidal,1.222222,4.6,a,0.7368,1.2222,-0.0813,0
71ea7d7985dad804,2023-04-08,Jorge Masvidal,Gilbert Burns,1.222222,4.6,b,0.7436,4.6,0.5262,1
780147f2ed2637d1,2023-04-08,Cynthia Calvillo,Loopy Godinez,1.392157,3.1,a,0.5455,1.3922,-0.1729,0
780147f2ed2637d1,2023-04-08,Loopy Godinez,Cynthia Calvillo,1.392157,3.1,a,0.5385,1.3922,-0.1798,0
95349402616097cd,2023-04-08,Michelle Waterson-Gomez,Luana Pinheiro,1.641026,2.32,b,1.0,2.32,0.569,1
95349402616097cd,2023-04-08,Luana Pinheiro,Michelle Waterson-Gomez,1.641026,2.32,a,1.0,1.641,0.3906,1
bbc76ff9e1b1b142,2023-04-08,Chris Curtis,Kelvin Gastelum,2.1,1.769231,a,0.8,2.1,0.3238,1
bbc76ff9e1b1b142,2023-04-08,Kelvin Gastelum,Chris Curtis,2.1,1.769231,b,0.7273,1.7692,0.1621,1
d7022b6058dbb26b,2023-04-08,Ignacio Bahamondes,Trey Ogden,4.1,1.25641,a,0.6667,4.1,0.4228,1
d7022b6058dbb26b,2023-04-08,Trey Ogden,Ignacio Bahamondes,4.1,1.25641,b,0.7143,1.2564,-0.0816,0
50e675146cda6e7c,2023-04-15,Zak Cummings,Ed Herman,2.84,1.454545,a,0.6923,2.84,0.3402,1
50e675146cda6e7c,2023-04-15,Ed Herman,Zak Cummings,2.84,1.454545,b,0.7037,1.4545,0.0162,0
6049301b4deea035,2023-04-15,Max Holloway,Arnold Allen,2.44,1.581395,b,1.0,1.5814,0.3676,1
6049301b4deea035,2023-04-15,Arnold Allen,Max Holloway,2.44,1.581395,a,0.9524,2.44,0.5425,1
68c1b833ed8849a3,2023-04-15,Gillian Robertson,Piera Rodriguez,1.793651,2.08,b,1.0,2.08,0.5192,1
68c1b833ed8849a3,2023-04-15,Piera Rodriguez,Gillian Robertson,1.793651,2.08,a,0.8,1.7937,0.2425,1
792f139c2b9fd294,2023-04-15,Dustin Jacoby,Azamat Murzakanov,1.617284,2.36,b,1.0,2.36,0.5763,1
792f139c2b9fd294,2023-04-15,Azamat Murzakanov,Dustin Jacoby,1.617284,2.36,a,1.0,1.6173,0.3817,1
83c81018bb3aeebf,2023-04-15,Edson Barboza,Billy Quarantillo,2.46,1.574713,b,0.7143,1.5747,0.0792,1
83c81018bb3aeebf,2023-04-15,Billy Quarantillo,Edson Barboza,2.46,1.574713,a,0.6667,2.46,0.2602,1
8b2b2562884821a7,2023-04-15,Joselyne Edwards,Lucie Pudilova,1.746269,2.14,a,0.6,1.7463,0.0274,0
8b2b2562884821a7,2023-04-15,Lucie Pudilova,Joselyne Edwards,1.746269,2.14,b,0.6364,2.14,0.1691,1
995e79b951da945b,2023-04-15,Tanner Boser,Ion Cutelaba,2.08,1.769231,a,0.5,2.08,0.0192,0
995e79b951da945b,2023-04-15,Ion Cutelaba,Tanner Boser,2.08,1.769231,b,0.4706,1.7692,-0.0946,0
b01e6e97d66681c5,2023-04-15,Bill Algeo,TJ Brown,1.5,2.68,a,0.5,1.5,-0.1667,0
b01e6e97d66681c5,2023-04-15,TJ Brown,Bill Algeo,1.5,2.68,b,0.5385,2.68,0.1653,1
bbde45b2c766bb67,2023-04-15,Brandon Royval,Matheus Nicolau,1.510204,2.64,b,0.875,2.64,0.4962,1
bbde45b2c766bb67,2023-04-15,Matheus Nicolau,Brandon Royval,1.510204,2.64,a,0.8235,1.5102,0.1614,1
bdbddbc00d07dc4b,2023-04-15,Clay Guida,Rafa Garcia,3.35,1.344828,a,0.5294,3.35,0.2309,1
bdbddbc00d07dc4b,2023-04-15,Rafa Garcia,Clay Guida,3.35,1.344828,a,0.5385,3.35,0.24,1
cef255a992ba7af3,2023-04-15,Lando Vannata,Daniel Zellhuber,1.769231,2.08,a,0.4,1.7692,-0.1652,0
cef255a992ba7af3,2023-04-15,Daniel Zellhuber,Lando Vannata,1.769231,2.08,b,0.381,2.08,-0.0998,0
d856812dc733690a,2023-04-15,Pedro Munhoz,Chris Gutierrez,1.47619,2.76,b,0.875,2.76,0.5127,1
d856812dc733690a,2023-04-15,Chris Gutierrez,Pedro Munhoz,1.47619,2.76,a,0.8235,1.4762,0.1461,1
01aa5949ac6851f3,2023-04-22,Karol Rosa,Norma Dumont,1.980392,1.862069,a,0.8333,1.9804,0.3284,1
01aa5949ac6851f3,2023-04-22,Norma Dumont,Karol Rosa,1.980392,1.862069,b,0.7692,1.8621,0.2322,1
034cbbec91f67852,2023-04-22,Rani Yahya,Montel Jackson,5.4,1.169492,a,0.7647,5.4,0.5795,1
034cbbec91f67852,2023-04-22,Montel Jackson,Rani Yahya,5.4,1.169492,a,0.7647,5.4,0.5795,1
06d9fb9c995f1e4f,2023-04-22,Jeremiah Wells,Matthew Semelsberger,1.862069,1.980392,a,1.0,1.8621,0.463,1
06d9fb9c995f1e4f,2023-04-22,Matthew Semelsberger,Jeremiah Wells,1.862069,1.980392,b,1.0,1.9804,0.495,1
16628e25a043043a,2023-04-22,Ricky Glenn,Christos Giagos,1.609756,2.38,a,0.5714,1.6098,-0.0498,0
16628e25a043043a,2023-04-22,Christos Giagos,Ricky Glenn,1.609756,2.38,b,0.5333,2.38,0.1132,1
20c0f50c11509301,2023-04-22,Iasmin Lucindo,Brogan Walker,4.0,1.266667,a,0.5,4.0,0.25,1
20c0f50c11509301,2023-04-22,Brogan Walker,Iasmin Lucindo,4.0,1.266667,b,0.3333,1.2667,-0.4561,0
277233ca9ea25674,2023-04-22,Brady Hiestand,Batgerel Danaa,1.632911,2.34,a,0.5,1.6329,-0.1124,0
277233ca9ea25674,2023-04-22,Batgerel Danaa,Brady Hiestand,1.632911,2.34,b,0.6,2.34,0.1726,1
856468ba24a37fcc,2023-04-22,Sergei Pavlovich,Curtis Blaydes,2.12,1.757576,a,0.8333,2.12,0.3616,1
856468ba24a37fcc,2023-04-22,Curtis Blaydes,Sergei Pavlovich,2.12,1.757576,b,0.8462,1.7576,0.2772,1
a941c4e25ddddfff,2023-04-22,Francis Marshall,William Gomis,1.510204,2.64,a,1.0,1.5102,0.3378,1
a941c4e25ddddfff,2023-04-22,William Gomis,Francis Marshall,1.510204,2.64,a,1.0,1.5102,0.3378,1
d00d5ef4ae0ac01b,2023-04-22,Brad Tavares,Bruno Silva,1.617284,2.36,a,0.6667,1.6173,0.0483,1
d00d5ef4ae0ac01b,2023-04-22,Bruno Silva,Brad Tavares,1.617284,2.36,b,0.6512,2.36,0.2274,1
2b1ac5d8f98639bf,2023-04-29,Song Yadong,Ricky Simon,1.694444,2.22,a,0.8,1.6944,0.2098,1
2b1ac5d8f98639bf,2023-04-29,Ricky Simon,Song Yadong,1.694444,2.22,b,0.8095,2.22,0.3591,1
37ae5c09d6f03f33,2023-04-29,Rodolfo Vieira,Cody Brundage,1.4,3.05,a,0.6,1.4,-0.1143,0
37ae5c09d6f03f33,2023-04-29,Cody Brundage,Rodolfo Vieira,1.4,3.05,b,0.6364,3.05,0.3085,1
5d11b618f24082dd,2023-04-29,Martin Buday,Jake Collier,1.694444,2.22,a,1.0,1.6944,0.4098,1
5d11b618f24082dd,2023-04-29,Jake Collier,Martin Buday,1.694444,2.22,b,1.0,2.22,0.5495,1
8dbfbd8f8bd0f00b,2023-04-29,Marcos Rogerio de Lima,Waldo Cortes-Acosta,1.574713,2.46,b,1.0,2.46,0.5935,1
8dbfbd8f8bd0f00b,2023-04-29,Waldo Cortes-Acosta,Marcos Rogerio de Lima,1.574713,2.46,a,0.8,1.5747,0.165,1
ca63933f8c898fa2,2023-04-29,Cody Durden,Charles Johnson,2.22,1.694444,a,0.6,2.22,0.1495,1
ca63933f8c898fa2,2023-04-29,Charles Johnson,Cody Durden,2.22,1.694444,b,0.6364,1.6944,0.0462,1
ecec1b0dd64ca2ae,2023-04-29,Caio Borralho,Michal Oleksiejczuk,4.1,1.25641,a,1.0,4.1,0.7561,1
ecec1b0dd64ca2ae,2023-04-29,Michal Oleksiejczuk,Caio Borralho,4.1,1.25641,b,1.0,1.2564,0.2041,1
0c6e3c1f03cd4061,2023-05-06,Kron Gracie,Charles Jourdain,2.42,1.595238,a,0.5,2.42,0.0868,1
0c6e3c1f03cd4061,2023-05-06,Charles Jourdain,Kron Gracie,2.42,1.595238,a,0.4737,2.42,0.0605,1
3f8b4aeb3baf4724,2023-05-06,Drew Dober,Matt Frevola,1.444444,2.88,a,0.6316,1.4444,-0.0607,0
3f8b4aeb3baf4724,2023-05-06,Matt Frevola,Drew Dober,1.444444,2.88,b,0.6154,2.88,0.2682,1
5f44d6d9e6bbecff,2023-05-06,Marina Rodriguez,Virna Jandiroba,2.02,1.833333,a,0.75,2.02,0.255,1
5f44d6d9e6bbecff,2023-05-06,Virna Jandiroba,Marina Rodriguez,2.02,1.833333,b,0.7059,1.8333,0.1604,1
93fb6c7e590487f9,2023-05-06,Joseph Holmes,Claudio Ribeiro,2.36,1.617284,a,0.3333,2.36,-0.0904,0
93fb6c7e590487f9,2023-05-06,Claudio Ribeiro,Joseph Holmes,2.36,1.617284,a,0.3333,2.36,-0.0904,0
c3ca708aaf4262a7,2023-05-06,Kennedy Nzechukwu,Devin Clark,1.543478,2.54,a,0.625,1.5435,-0.0229,0
c3ca708aaf4262a7,2023-05-06,Devin Clark,Kennedy Nzechukwu,1.543478,2.54,b,0.6471,2.54,0.2534,1
e3aad51099a23ba4,2023-05-06,Aljamain Sterling,Henry Cejudo,2.0,1.833333,b,0.8333,1.8333,0.2879,1
e3aad51099a23ba4,2023-05-06,Henry Cejudo,Aljamain Sterling,2.0,1.833333,b,0.8286,1.8333,0.2831,1
ed707998b13d0101,2023-05-06,Belal Muhammad,Gilbert Burns,1.657895,2.28,a,0.8125,1.6579,0.2093,1
ed707998b13d0101,2023-05-06,Gilbert Burns,Belal Muhammad,1.657895,2.28,b,0.8182,2.28,0.3796,1
14e689e60419d469,2023-05-13,Cody Stamann,Douglas Silva de Andrade,2.3,1.641026,a,0.6364,2.3,0.2016,1
14e689e60419d469,2023-05-13,Douglas Silva de Andrade,Cody Stamann,2.3,1.641026,b,0.6087,1.641,-0.0007,0
3387f430abb7e39f,2023-05-13,Karl Williams,Chase Sherman,4.3,1.238095,a,1.0,4.3,0.7674,1
3387f430abb7e39f,2023-05-13,Chase Sherman,Karl Williams,4.3,1.238095,b,1.0,1.2381,0.1923,1
6ca856d1950d8f7f,2023-05-13,Ji Yeon Kim,Mandy Bohm,2.98,1.416667,a,0.3333,2.98,-0.0022,0
6ca856d1950d8f7f,2023-05-13,Mandy Bohm,Ji Yeon Kim,2.98,1.416667,b,0.3158,1.4167,-0.3901,0
755202fce24b8f83,2023-05-13,Jairzinho Rozenstruik,Jailton Almeida,4.9,1.196078,b,1.0,1.1961,0.1639,1
755202fce24b8f83,2023-05-13,Jailton Almeida,Jairzinho Rozenstruik,4.9,1.196078,a,1.0,4.9,0.7959,1
81fda78adcaedbc7,2023-05-13,Bryan Battle,Gabe Green,1.735294,2.08,a,0.75,1.7353,0.1737,1
81fda78adcaedbc7,2023-05-13,Gabe Green,Bryan Battle,1.735294,2.08,b,0.7778,2.08,0.297,1
838a022ca5d99cc1,2023-05-13,Tim Means,Alex Morono,2.84,1.454545,b,0.6875,1.4545,-0.0,0
838a022ca5d99cc1,2023-05-13,Alex Morono,Tim Means,2.84,1.454545,a,0.697,2.84,0.3449,1
b0f4c7788782e26e,2023-05-13,Daniel Rodriguez,Ian Machado Garry,1.333333,3.45,b,1.0,3.45,0.7101,1
b0f4c7788782e26e,2023-05-13,Ian Machado Garry,Daniel Rodriguez,1.333333,3.45,a,1.0,1.3333,0.25,1
c501576b8ec35758,2023-05-13,Anthony Smith,Johnny Walker,1.862069,1.980392,a,0.6111,1.8621,0.0741,1
c501576b8ec35758,2023-05-13,Johnny Walker,Anthony Smith,1.862069,1.980392,a,0.619,1.8621,0.082,1
dae2484418631ff5,2023-05-13,Carlos Ulberg,Ihor Potieria,4.8,1.204082,a,0.75,4.8,0.5417,1
dae2484418631ff5,2023-05-13,Ihor Potieria,Carlos Ulberg,4.8,1.204082,b,0.7778,1.2041,-0.0527,0
f2ced83baf0457fc,2023-05-13,Matt Brown,Court McGee,2.9,1.434783,a,0.5517,2.9,0.2069,1
f2ced83baf0457fc,2023-05-13,Court McGee,Matt Brown,2.9,1.434783,b,0.5593,1.4348,-0.1376,0
12683e06369d1a83,2023-05-20,Diego Ferreira,Michael Johnson,2.24,1.684932,a,0.6154,2.24,0.169,1
12683e06369d1a83,2023-05-20,Michael Johnson,Diego Ferreira,2.24,1.684932,b,0.6296,1.6849,0.0361,1
33007109c9ca1ede,2023-05-20,Karolina Kowalkiewicz,Vanessa Demopoulos,2.22,1.694444,b,0.75,1.6944,0.1598,1
33007109c9ca1ede,2023-05-20,Vanessa Demopoulos,Karolina Kowalkiewicz,2.22,1.694444,a,0.6667,2.22,0.2162,1
3638ee66c7d34fe0,2023-05-20,Edmen Shahbazyan,Anthony Hernandez,1.454545,2.84,b,0.6667,2.84,0.3146,1
3638ee66c7d34fe0,2023-05-20,Anthony Hernandez,Edmen Shahbazyan,1.454545,2.84,a,0.6923,1.4545,0.0048,0
49bd9a2f1fbebd1f,2023-05-20,Maheshate,Viacheslav Borshchev,1.60241,2.4,a,0.5,1.6024,-0.1241,0
49bd9a2f1fbebd1f,2023-05-20,Viacheslav Borshchev,Maheshate,1.60241,2.4,a,0.4286,1.6024,-0.1955,0
73700c8c5107f719,2023-05-20,Andre Fialho,Joaquin Buckley,2.94,1.425532,b,0.5556,1.4255,-0.1459,0
73700c8c5107f719,2023-05-20,Joaquin Buckley,Andre Fialho,2.94,1.425532,a,0.5789,2.94,0.2388,1
744cbe6e49d4f41c,2023-05-20,Natalia Silva,Victoria Leonardo,1.083333,7.3,a,1.0,1.0833,0.0769,1
744cbe6e49d4f41c,2023-05-20,Victoria Leonardo,Natalia Silva,1.083333,7.3,b,1.0,7.3,0.863,1
7d583e4002622848,2023-05-20,Orion Cosce,Gilbert Urbina,2.06,1.806452,a,0.5,2.06,0.0146,0
7d583e4002622848,2023-05-20,Gilbert Urbina,Orion Cosce,2.06,1.806452,b,0.4,1.8065,-0.1536,0
8502f245aabd64ac,2023-05-20,Takashi Sato,Themba Gorimbo,1.704225,2.2,a,0.3333,1.7042,-0.2534,0
8502f245aabd64ac,2023-05-20,Themba Gorimbo,Takashi Sato,1.704225,2.2,a,0.3333,1.7042,-0.2534,0
924f982f0d9d2142,2023-05-20,Emily Ducote,Loopy Godinez,2.16,1.735294,b,0.5714,1.7353,-0.0048,0
924f982f0d9d2142,2023-05-20,Loopy Godinez,Emily Ducote,2.16,1.735294,a,0.6,2.16,0.137,1
cb9654746447b934,2023-05-20,Mackenzie Dern,Angela Hill,1.617284,2.36,a,0.7,1.6173,0.0817,1
cb9654746447b934,2023-05-20,Angela Hill,Mackenzie Dern,1.617284,2.36,b,0.7143,2.36,0.2906,1
eca400aeeb2763d1,2023-05-20,Chase Hooper,Nick Fiore,1.833333,2.02,a,0.5,1.8333,-0.0455,0
eca400aeeb2763d1,2023-05-20,Nick Fiore,Chase Hooper,1.833333,2.02,b,0.5385,2.02,0.0434,1
fb70b62915fdcec6,2023-05-20,Ilir Latifi,Rodrigo Nascimento,1.505051,2.66,b,0.6667,2.66,0.2907,1
fb70b62915fdcec6,2023-05-20,Rodrigo Nascimento,Ilir Latifi,1.505051,2.66,a,0.7143,1.5051,0.0499,1
5459c3bb88d031f9,2023-06-03,Andrei Arlovski,Don'Tale Mayes,1.735294,2.16,a,0.6111,1.7353,0.0348,1
5459c3bb88d031f9,2023-06-03,Don'Tale Mayes,Andrei Arlovski,1.735294,2.16,b,0.6027,2.16,0.1398,1
72bb7605e340a8fe,2023-06-03,Da'Mon Blackshear,Luan Lacerda,1.641026,2.32,a,0.5,1.641,-0.1094,0
72bb7605e340a8fe,2023-06-03,Luan Lacerda,Da'Mon Blackshear,1.641026,2.32,b,0.3333,2.32,-0.0977,0
7be3e513a31f6570,2023-06-03,Alex Caceres,Daniel Pineda,2.52,1.555556,a,0.5769,2.52,0.1801,1
7be3e513a31f6570,2023-06-03,Daniel Pineda,Alex Caceres,2.52,1.555556,b,0.5849,1.5556,-0.058,0
84f60cb00b8d4187,2023-06-03,Daniel Santos,Johnny Munoz,1.444444,2.88,a,0.5,1.4444,-0.1923,0
84f60cb00b8d4187,2023-06-03,Johnny Munoz,Daniel Santos,1.444444,2.88,b,0.6,2.88,0.2528,1
913d8a35095591d5,2023-06-03,Tim Elliott,Victor Altamirano,1.574713,2.46,b,0.6667,2.46,0.2602,1
913d8a35095591d5,2023-06-03,Victor Altamirano,Tim Elliott,1.574713,2.46,a,0.5714,1.5747,-0.0636,0
99808befeece3a8a,2023-06-03,Philipe Lins,Maxim Grishin,2.04,1.819672,a,0.5,2.04,0.0098,0
99808befeece3a8a,2023-06-03,Maxim Grishin,Philipe Lins,2.04,1.819672,b,0.5556,1.8197,0.006,0
a122968e96068800,2023-06-03,Abubakar Nurmagomedov,Elizeu Zaleski dos Santos,1.833333,2.02,b,0.75,2.02,0.255,1
a122968e96068800,2023-06-03,Elizeu Zaleski dos Santos,Abubakar Nurmagomedov,1.833333,2.02,a,0.76,1.8333,0.2145,1
d7ae0993c7a378ee,2023-06-03,Kai Kara-France,Amir Albazi,1.862069,1.980392,b,1.0,1.9804,0.495,1
d7ae0993c7a378ee,2023-06-03,Amir Albazi,Kai Kara-France,1.862069,1.980392,a,1.0,1.8621,0.463,1
dfc62aa72446e4a8,2023-06-03,Elise Reed,Jinh Yu Frey,1.757576,2.12,a,0.4,1.7576,-0.169,0
dfc62aa72446e4a8,2023-06-03,Jinh Yu Frey,Elise Reed,1.757576,2.12,b,0.4545,2.12,-0.0172,0
1676c64a94be0557,2023-06-10,Diana Belbita,Maria Oliveira,2.14,1.684932,b,0.3333,1.6849,-0.2602,0
1676c64a94be0557,2023-06-10,Maria Oliveira,Diana Belbita,2.14,1.684932,b,0.3333,1.6849,-0.2602,0
46c67efd68a0b15d,2023-06-10,Dan Ige,Nate Landwehr,3.2,1.37037,b,0.6667,1.3704,-0.0631,0
46c67efd68a0b15d,2023-06-10,Nate Landwehr,Dan Ige,3.2,1.37037,b,0.6296,1.3704,-0.1001,0
47a5d4bb68352055,2023-06-10,Miranda Maverick,Jasmine Jasudavicius,2.94,1.425532,a,0.6667,2.94,0.3265,1
47a5d4bb68352055,2023-06-10,Jasmine Jasudavicius,Miranda Maverick,2.94,1.425532,a,0.7143,2.94,0.3741,1
5311298f79414125,2023-06-10,Marc-Andre Barriault,Eryk Anders,1.632911,2.34,b,0.5,2.34,0.0726,1
5311298f79414125,2023-06-10,Eryk Anders,Marc-Andre Barriault,1.632911,2.34,a,0.4828,1.6329,-0.1296,0
69bc7ca8ce831731,2023-06-10,Amanda Nunes,Irene Aldana,3.7,1.298507,a,0.8824,3.7,0.6121,1
69bc7ca8ce831731,2023-06-10,Irene Aldana,Amanda Nunes,3.7,1.298507,b,0.8857,1.2985,0.1156,1
7ee8b91d7f80f8a7,2023-06-10,Kyle Nelson,Blake Bilder,3.25,1.363636,b,1.0,1.3636,0.2667,1
7ee8b91d7f80f8a7,2023-06-10,Blake Bilder,Kyle Nelson,3.25,1.363636,a,0.6667,3.25,0.359,1
e24b65cd8721349a,2023-06-10,Aiemann Zahabi,Aoriqileng,2.06,1.806452,a,0.6,2.06,0.1146,1
e24b65cd8721349a,2023-06-10,Aoriqileng,Aiemann Zahabi,2.06,1.806452,b,0.6364,1.8065,0.0828,1
e9d5ffcacf7d8757,2023-06-10,Mike Malott,Adam Fugitt,2.84,1.454545,a,1.0,2.84,0.6479,1
e9d5ffcacf7d8757,2023-06-10,Adam Fugitt,Mike Malott,2.84,1.454545,b,1.0,1.4545,0.3125,1
175d9e1ac0725145,2023-06-17,Marvin Vettori,Jared Cannonier,2.06,1.806452,a,0.6923,2.06,0.2069,1
175d9e1ac0725145,2023-06-17,Jared Cannonier,Marvin Vettori,2.06,1.806452,b,0.6667,1.8065,0.1131,1
5d9b84493f1ed114,2023-06-17,Armen Petrosyan,Christian Leroy Duncan,2.32,1.641026,b,1.0,1.641,0.3906,1
5d9b84493f1ed114,2023-06-17,Christian Leroy Duncan,Armen Petrosyan,2.32,1.641026,b,0.7143,1.641,0.1049,1
6c2199524d762b11,2023-06-17,Arman Tsarukyan,Joaquim Silva,8.5,1.083333,a,0.75,8.5,0.6324,1
6c2199524d762b11,2023-06-17,Joaquim Silva,Arman Tsarukyan,8.5,1.083333,b,0.7647,1.0833,-0.1584,0
76fd6919d828d5c2,2023-06-17,Pat Sabatini,Lucas Almeida,2.6,1.526316,b,1.0,1.5263,0.3448,1
76fd6919d828d5c2,2023-06-17,Lucas Almeida,Pat Sabatini,2.6,1.526316,b,0.8182,1.5263,0.163,1
7ba54a10f28c9496,2023-06-17,Kyung Ho Kang,Cristian Quinonez,1.694444,2.22,b,1.0,2.22,0.5495,1
7ba54a10f28c9496,2023-06-17,Cristian Quinonez,Kyung Ho Kang,1.694444,2.22,b,0.7143,2.22,0.2638,1
8794031c523bf534,2023-06-17,Zac Pauga,Modestas Bukauskas,1.505051,2.66,a,0.5,1.5051,-0.1644,0
8794031c523bf534,2023-06-17,Modestas Bukauskas,Zac Pauga,1.505051,2.66,a,0.4545,1.5051,-0.2099,0
8ea12c7360fa0f6b,2023-06-17,Carlos Hernandez,Denys Bondar,1.704225,2.2,a,0.5,1.7042,-0.0868,0
8ea12c7360fa0f6b,2023-06-17,Denys Bondar,Carlos Hernandez,1.704225,2.2,b,0.6,2.2,0.1455,1
98458778348ea5d7,2023-06-17,Manuel Torres,Nikolas Motta,1.526316,2.6,a,1.0,1.5263,0.3448,1
98458778348ea5d7,2023-06-17,Nikolas Motta,Manuel Torres,1.526316,2.6,b,1.0,2.6,0.6154,1
9cfb84817a43b63c,2023-06-17,Tereza Bleda,Gabriella Fernandes,1.425532,2.94,a,0.5,1.4255,-0.2015,0
9cfb84817a43b63c,2023-06-17,Gabriella Fernandes,Tereza Bleda,1.425532,2.94,b,0.3333,2.94,-0.0068,0
bc1be168c064f028,2023-06-17,Jimmy Flick,Alessandro Costa,3.35,1.344828,a,0.5,3.35,0.2015,1
bc1be168c064f028,2023-06-17,Alessandro Costa,Jimmy Flick,3.35,1.344828,b,0.4,1.3448,-0.3436,0
07cb64236ae7aaea,2023-06-24,Amanda Ribas,Maycee Barber,2.68,1.5,b,0.7778,1.5,0.1111,1
07cb64236ae7aaea,2023-06-24,Maycee Barber,Amanda Ribas,2.68,1.5,a,0.7895,2.68,0.4163,1
42922bab8a3e1828,2023-06-24,Randy Brown,Wellington Turman,2.96,1.384615,a,0.6667,2.96,0.3288,1
42922bab8a3e1828,2023-06-24,Wellington Turman,Randy Brown,2.96,1.384615,b,0.6774,1.3846,-0.0448,0
582806c33ce6dcf6,2023-06-24,David Onama,Gabriel Santos,1.444444,2.88,a,0.5,1.4444,-0.1923,0
582806c33ce6dcf6,2023-06-24,Gabriel Santos,David Onama,1.444444,2.88,b,0.5556,2.88,0.2083,1
7b909acede0a26eb,2023-06-24,Cody Brundage,Sedriques Dumas,2.8,1.609756,a,0.4,2.8,0.0429,1
7b909acede0a26eb,2023-06-24,Sedriques Dumas,Cody Brundage,2.8,1.609756,b,0.3636,1.6098,-0.2576,0
8b296724a6844865,2023-06-24,Mateusz Rebecki,Loik Radzhabov,1.769231,2.08,a,1.0,1.7692,0.4348,1
8b296724a6844865,2023-06-24,Loik Radzhabov,Mateusz Rebecki,1.769231,2.08,b,1.0,2.08,0.5192,1
9124740fe7816d70,2023-06-24,Brendan Allen,Bruno Silva,2.88,1.444444,a,0.8182,2.88,0.471,1
9124740fe7816d70,2023-06-24,Bruno Silva,Brendan Allen,2.88,1.444444,b,0.8261,1.4444,0.1338,1
c22de92b9d9030dc,2023-06-24,Tabatha Ricci,Gillian Robertson,2.08,1.724638,a,0.75,2.08,0.2692,1
c22de92b9d9030dc,2023-06-24,Gillian Robertson,Tabatha Ricci,2.08,1.724638,b,0.7778,1.7246,0.1979,1
c3ef3cb03edde8bb,2023-06-24,Josh Emmett,Ilia Topuria,1.25641,4.1,b,1.0,4.1,0.7561,1
c3ef3cb03edde8bb,2023-06-24,Ilia Topuria,Josh Emmett,1.25641,4.1,a,1.0,1.2564,0.2041,1
ced01368259428f5,2023-06-24,Neil Magny,Phil Rowe,1.581395,2.44,b,0.75,2.44,0.3402,1
ced01368259428f5,2023-06-24,Phil Rowe,Neil Magny,1.581395,2.44,b,0.6949,2.44,0.2851,1
fcc1191761e365f9,2023-06-24,Jamall Emmers,Jack Jenkins,2.68,1.5,b,1.0,1.5,0.3333,1
fcc1191761e365f9,2023-06-24,Jack Jenkins,Jamall Emmers,2.68,1.5,a,1.0,2.68,0.6269,1
0548a24a9bf8d7a0,2023-07-01,Max Griffin,Michael Morales,3.05,1.4,b,1.0,1.4,0.2857,1
0548a24a9bf8d7a0,2023-07-01,Michael Morales,Max Griffin,3.05,1.4,a,1.0,3.05,0.6721,1
4dc5a41f357a7d85,2023-07-01,Damir Ismagulov,Grant Dawson,1.862069,1.980392,b,1.0,1.9804,0.495,1
4dc5a41f357a7d85,2023-07-01,Grant Dawson,Damir Ismagulov,1.862069,1.980392,a,1.0,1.8621,0.463,1
f557405652165aa3,2023-07-01,Sean Strickland,Abus Magomedov,1.617284,2.36,b,1.0,2.36,0.5763,1
f557405652165aa3,2023-07-01,Abus Magomedov,Sean Strickland,1.617284,2.36,b,0.7297,2.36,0.306,1
420f7e6530dbc727,2023-07-08,Shannon Ross,Jesus Aguilar,2.28,1.657895,a,0.5,2.28,0.0614,1
420f7e6530dbc727,2023-07-08,Jesus Aguilar,Shannon Ross,2.28,1.657895,a,0.3333,2.28,-0.1053,0
5b71958ee063a6e8,2023-07-08,Kamuela Kirk,Esteban Ribovics,1.555556,2.4,a,0.5,1.5556,-0.1429,0
5b71958ee063a6e8,2023-07-08,Esteban Ribovics,Kamuela Kirk,1.555556,2.4,b,0.4,2.4,-0.0167,0
69f67a4a690eb15d,2023-07-08,Vitor Petrino,Marcin Prachnio,3.2,1.37037,a,1.0,3.2,0.6875,1
69f67a4a690eb15d,2023-07-08,Marcin Prachnio,Vitor Petrino,3.2,1.37037,b,1.0,1.3704,0.2703,1
3624f4ae9c1d703e,2023-07-15,Evan Elder,Genaro Valdez,3.45,1.333333,a,0.5,3.45,0.2101,1
3624f4ae9c1d703e,2023-07-15,Genaro Valdez,Evan Elder,3.45,1.333333,b,0.2,1.3333,-0.55,0
57785c9be5b4526d,2023-07-15,Alexander Munoz,Carl Deaton,2.76,1.47619,a,0.5,2.76,0.1377,1
57785c9be5b4526d,2023-07-15,Carl Deaton,Alexander Munoz,2.76,1.47619,b,0.2,1.4762,-0.4774,0
6adfe44b110c1510,2023-07-15,Albert Duraev,JunYong Park,1.649351,2.3,b,0.75,2.3,0.3152,1
6adfe44b110c1510,2023-07-15,JunYong Park,Albert Duraev,1.649351,2.3,a,0.7647,1.6494,0.1584,1
81b7a6aa147bd912,2023-07-15,Norma Dumont,Chelsea Chandler,2.2,1.704225,b,1.0,1.7042,0.4132,1
81b7a6aa147bd912,2023-07-15,Chelsea Chandler,Norma Dumont,2.2,1.704225,b,0.7333,1.7042,0.1466,1
8362b372adb2f302,2023-07-15,Tucker Lutz,Melsik Baghdasaryan,2.26,1.675676,b,0.6667,1.6757,0.0699,1
8362b372adb2f302,2023-07-15,Melsik Baghdasaryan,Tucker Lutz,2.26,1.675676,a,0.7143,2.26,0.2718,1
b4cc389bb4af3707,2023-07-15,Austin Lingo,Melquizael Costa,1.444444,2.88,a,0.5,1.4444,-0.1923,0
b4cc389bb4af3707,2023-07-15,Melquizael Costa,Austin Lingo,1.444444,2.88,b,0.4444,2.88,0.0972,1
b52dccbe69864d2a,2023-07-15,Ottman Azaitar,Francisco Prado,1.892857,1.961538,a,0.6667,1.8929,0.1384,1
b52dccbe69864d2a,2023-07-15,Francisco Prado,Ottman Azaitar,1.892857,1.961538,b,0.5714,1.9615,0.0616,1
cae7de0873e03947,2023-07-15,Ashlee Evans-Smith,Ailin Perez,1.392157,3.1,a,0.375,1.3922,-0.3433,0
cae7de0873e03947,2023-07-15,Ailin Perez,Ashlee Evans-Smith,1.392157,3.1,b,0.3529,3.1,0.0304,1
e4620f3fa451a3a4,2023-07-15,Nazim Sadykhov,Terrance McKinney,2.36,1.617284,a,1.0,2.36,0.5763,1
e4620f3fa451a3a4,2023-07-15,Terrance McKinney,Nazim Sadykhov,2.36,1.617284,b,1.0,1.6173,0.3817,1
319b96f615a0a154,2023-07-22,Marc Diakiese,Joel Alvarez,2.6,1.526316,b,0.6667,1.5263,0.0115,0
319b96f615a0a154,2023-07-22,Joel Alvarez,Marc Diakiese,2.6,1.526316,a,0.6923,2.6,0.3077,1
3c4305abc2e302d0,2023-07-22,Lerone Murphy,Josh Culibao,1.714286,2.2,a,1.0,1.7143,0.4167,1
3c4305abc2e302d0,2023-07-22,Josh Culibao,Lerone Murphy,1.714286,2.2,b,1.0,2.2,0.5455,1
743a04674ab72ee0,2023-07-22,Molly McCann,Julija Stoliarenko,1.487805,2.75,a,0.6,1.4878,-0.0721,0
743a04674ab72ee0,2023-07-22,Julija Stoliarenko,Molly McCann,1.487805,2.75,b,0.5714,2.75,0.2078,1
8104fe27bdc46914,2023-07-22,Paul Craig,Andre Muniz,1.416667,3.0,b,0.8333,3.0,0.5,1
8104fe27bdc46914,2023-07-22,Andre Muniz,Paul Craig,1.416667,3.0,a,0.7692,1.4167,0.0633,1
8b341eb556c97c23,2023-07-22,Makhmud Muradov,Bryan Barberena,3.7,1.307692,a,0.6,3.7,0.3297,1
8b341eb556c97c23,2023-07-22,Bryan Barberena,Makhmud Muradov,3.7,1.307692,b,0.6364,1.3077,-0.1283,0
90e46589a18064bc,2023-07-22,Tom Aspinall,Marcin Tybura,1.2,5.0,a,0.8333,1.2,0.0,0
90e46589a18064bc,2023-07-22,Marcin Tybura,Tom Aspinall,1.2,5.0,b,0.8462,5.0,0.6462,1
9541cf21e031354c,2023-07-22,Nathaniel Wood,Andre Fili,1.47619,2.8,a,0.75,1.4762,0.0726,1
9541cf21e031354c,2023-07-22,Andre Fili,Nathaniel Wood,1.47619,2.8,b,0.7647,2.8,0.4076,1
a0bc695b35f155f1,2023-07-22,Ketlen Vieira,Pannie Kianzad,2.35,1.645161,a,0.7,2.35,0.2745,1
a0bc695b35f155f1,2023-07-22,Pannie Kianzad,Ketlen Vieira,2.35,1.645161,b,0.7143,1.6452,0.1064,1
a8a4c9f98ff73839,2023-07-22,Chris Duncan,Yanal Ashmouz,2.2,1.714286,a,1.0,2.2,0.5455,1
a8a4c9f98ff73839,2023-07-22,Yanal Ashmouz,Chris Duncan,2.2,1.714286,b,1.0,1.7143,0.4167,1
b4e2037f180c1e0e,2023-07-22,Davey Grant,Daniel Marcos,2.3,1.666667,b,1.0,1.6667,0.4,1
b4e2037f180c1e0e,2023-07-22,Daniel Marcos,Davey Grant,2.3,1.666667,a,1.0,2.3,0.5652,1
c4caa8a4f32a0eed,2023-07-22,Jai Herbert,Fares Ziam,1.571429,2.5,b,0.6,2.5,0.2,1
c4caa8a4f32a0eed,2023-07-22,Fares Ziam,Jai Herbert,1.571429,2.5,a,0.6364,1.5714,0.0,0
4327fe98e1b6f222,2023-07-29,Gabriel Bonfim,Trevin Giles,1.277778,3.95,a,1.0,1.2778,0.2174,1
4327fe98e1b6f222,2023-07-29,Trevin Giles,Gabriel Bonfim,1.277778,3.95,b,1.0,3.95,0.7468,1
5116f9398bfca446,2023-07-29,Roman Kopylov,Claudio Ribeiro,2.95,1.416667,a,0.5,2.95,0.161,1
5116f9398bfca446,2023-07-29,Claudio Ribeiro,Roman Kopylov,2.95,1.416667,b,0.5556,1.4167,-0.1503,0
800a35b3a7e52308,2023-07-29,Jan Blachowicz,Alex Pereira,2.0,1.833333,b,0.8,1.8333,0.2545,1
800a35b3a7e52308,2023-07-29,Alex Pereira,Jan Blachowicz,2.0,1.833333,a,0.8182,2.0,0.3182,1
c27e33ee8ef53866,2023-07-29,Dustin Poirier,Justin Gaethje,1.689655,2.25,a,0.7778,1.6897,0.1859,1
c27e33ee8ef53866,2023-07-29,Justin Gaethje,Dustin Poirier,1.689655,2.25,b,0.7636,2.25,0.3192,1
cbf1e76186a0c8b3,2023-07-29,Michael Chiesa,Kevin Holland,1.740741,2.15,a,0.6471,1.7407,0.0726,1
cbf1e76186a0c8b3,2023-07-29,Kevin Holland,Michael Chiesa,1.740741,2.15,a,0.6571,1.7407,0.0827,1
e5ac7343b6d45188,2023-07-29,CJ Vergara,Vinicius Salvador,1.555556,2.45,a,0.5,1.5556,-0.1429,0
e5ac7343b6d45188,2023-07-29,Vinicius Salvador,CJ Vergara,1.555556,2.45,b,0.5556,2.45,0.1474,1
eff6ec2b2f1fb27b,2023-07-29,Derrick Lewis,Marcos Rogerio de Lima,1.465116,2.85,a,0.6538,1.4651,-0.0287,0
eff6ec2b2f1fb27b,2023-07-29,Marcos Rogerio de Lima,Derrick Lewis,1.465116,2.85,b,0.6604,2.85,0.3095,1
2c0496a5f39ab8a4,2023-08-05,Tanner Boser,Aleksa Camur,1.769231,2.1,a,0.4444,1.7692,-0.1208,0
2c0496a5f39ab8a4,2023-08-05,Aleksa Camur,Tanner Boser,1.769231,2.1,b,0.4737,2.1,-0.0025,0
2c54be25b09fce50,2023-08-05,Dustin Jacoby,Kennedy Nzechukwu,1.588235,2.42,b,0.6667,2.42,0.2534,1
2c54be25b09fce50,2023-08-05,Kennedy Nzechukwu,Dustin Jacoby,1.588235,2.42,a,0.6316,1.5882,0.0019,0
531ce3d8011fa1f6,2023-08-05,Ignacio Bahamondes,Ludovit Klein,2.9,1.434783,a,0.75,2.9,0.4052,1
531ce3d8011fa1f6,2023-08-05,Ludovit Klein,Ignacio Bahamondes,2.9,1.434783,b,0.6667,1.4348,-0.0303,0
554163b1c8c05522,2023-08-05,Cory Sandhagen,Rob Font,4.0,1.263158,a,0.75,4.0,0.5,1
554163b1c8c05522,2023-08-05,Rob Font,Cory Sandhagen,4.0,1.263158,b,0.76,1.2632,-0.0317,0
79bfba62da6242a6,2023-08-05,Diego Lopes,Gavin Tucker,2.42,1.588235,b,0.6667,1.5882,0.037,1
79bfba62da6242a6,2023-08-05,Gavin Tucker,Diego Lopes,2.42,1.588235,a,0.6154,2.42,0.2022,1
bda7992779a005fa,2023-08-05,Jeremiah Wells,Carlston Harris,1.980392,1.847458,a,1.0,1.9804,0.495,1
bda7992779a005fa,2023-08-05,Carlston Harris,Jeremiah Wells,1.980392,1.847458,b,0.8889,1.8475,0.3476,1
e5cb9dfc1189d77d,2023-08-05,Kyler Phillips,Raoni Barcelos,1.458716,2.8,a,0.8,1.4587,0.1145,1
e5cb9dfc1189d77d,2023-08-05,Raoni Barcelos,Kyler Phillips,1.458716,2.8,b,0.8182,2.8,0.461,1
ec2358459ffbe7de,2023-08-05,Jessica Andrade,Tatiana Suarez,3.95,1.266667,b,1.0,1.2667,0.2105,1
ec2358459ffbe7de,2023-08-05,Tatiana Suarez,Jessica Andrade,3.95,1.266667,a,1.0,3.95,0.7468,1
1b1fd32485861655,2023-08-12,Cub Swanson,Hakeem Dawodu,1.327869,3.45,b,0.6667,3.45,0.3768,1
1b1fd32485861655,2023-08-12,Hakeem Dawodu,Cub Swanson,1.327869,3.45,a,0.6316,1.3279,-0.1215,0
2c160a1d1fdbf0b0,2023-08-12,JP Buys,Marcus McGhee,3.8,1.28169,b,1.0,1.2817,0.2198,1
2c160a1d1fdbf0b0,2023-08-12,Marcus McGhee,JP Buys,3.8,1.28169,a,1.0,3.8,0.7368,1
560a971c6ab8b854,2023-08-12,AJ Dobson,Tafon Nchukwi,2.24,1.675676,b,0.4,1.6757,-0.1968,0
560a971c6ab8b854,2023-08-12,Tafon Nchukwi,AJ Dobson,2.24,1.675676,a,0.3636,2.24,-0.0828,0
9576d9cba5cf5c4e,2023-08-12,Terrance McKinney,Mike Breeden,1.350877,3.3,a,0.5,1.3509,-0.2403,0
9576d9cba5cf5c4e,2023-08-12,Mike Breeden,Terrance McKinney,1.350877,3.3,b,0.5385,3.3,0.2354,1
9a9479663bedf8b4,2023-08-12,Josh Fremd,Jamie Pickett,3.6,1.307692,a,0.3333,3.6,0.0556,1
9a9479663bedf8b4,2023-08-12,Jamie Pickett,Josh Fremd,3.6,1.307692,b,0.4286,1.3077,-0.3361,0
c2f730cb33df5221,2023-08-12,Polyana Viana,Iasmin Lucindo,2.64,1.505051,a,0.5,2.64,0.1212,1
c2f730cb33df5221,2023-08-12,Iasmin Lucindo,Polyana Viana,2.64,1.505051,a,0.6,2.64,0.2212,1
c57a4810c932b296,2023-08-12,Khalil Rountree Jr.,Chris Daukaus,1.588235,2.42,a,0.5833,1.5882,-0.0463,0
c57a4810c932b296,2023-08-12,Chris Daukaus,Khalil Rountree Jr.,1.588235,2.42,b,0.6,2.42,0.1868,1
ca2aa660bea0cb60,2023-08-12,Jaqueline Amorim,Montserrat Conejo Ruiz,3.0,1.408163,b,0.5,1.4082,-0.2101,0
ca2aa660bea0cb60,2023-08-12,Montserrat Conejo Ruiz,Jaqueline Amorim,3.0,1.408163,a,0.4,3.0,0.0667,1
d5929b7fbc801ce4,2023-08-12,Josh Parisian,Martin Buday,1.505051,2.64,b,1.0,2.64,0.6212,1
d5929b7fbc801ce4,2023-08-12,Martin Buday,Josh Parisian,1.505051,2.64,a,1.0,1.5051,0.3356,1
e346f2b7af63e804,2023-08-12,Vicente Luque,Rafael Dos Anjos,1.769231,2.1,a,0.7368,1.7692,0.1716,1
e346f2b7af63e804,2023-08-12,Rafael Dos Anjos,Vicente Luque,1.769231,2.1,b,0.7436,2.1,0.2674,1
1a95cc401f68f4c8,2023-08-19,Chris Weidman,Brad Tavares,1.487805,2.7,a,0.6471,1.4878,-0.0251,0
1a95cc401f68f4c8,2023-08-19,Brad Tavares,Chris Weidman,1.487805,2.7,a,0.6444,1.4878,-0.0277,0
621e6f0929a3dbfc,2023-08-19,Marlon Vera,Pedro Munhoz,2.4,1.60241,a,0.6667,2.4,0.25,1
621e6f0929a3dbfc,2023-08-19,Pedro Munhoz,Marlon Vera,2.4,1.60241,b,0.6744,1.6024,0.0504,1
62d53ad8f8769666,2023-08-19,Kurt Holobaugh,Austin Hubbard,2.42,1.588235,b,0.4286,1.5882,-0.2011,0
62d53ad8f8769666,2023-08-19,Austin Hubbard,Kurt Holobaugh,2.42,1.588235,a,0.4,2.42,-0.0132,0
78d2c01dc963f204,2023-08-19,Neil Magny,Ian Machado Garry,1.2,4.8,b,1.0,4.8,0.7917,1
78d2c01dc963f204,2023-08-19,Ian Machado Garry,Neil Magny,1.2,4.8,a,1.0,1.2,0.1667,1
845e38dfbfea6e53,2023-08-19,Zhang Weili,Amanda Lemos,1.322581,3.5,a,0.7778,1.3226,0.0217,0
845e38dfbfea6e53,2023-08-19,Amanda Lemos,Zhang Weili,1.322581,3.5,b,0.7895,3.5,0.5038,1
e9754f597ec50f6f,2023-08-19,Brad Katona,Cody Gibson,2.6,1.520833,a,0.5,2.6,0.1154,1
e9754f597ec50f6f,2023-08-19,Cody Gibson,Brad Katona,2.6,1.520833,b,0.5556,1.5208,-0.102,0
ee796ecb4ee8680b,2023-08-19,Aljamain Sterling,Sean O'Malley,3.1,1.387597,b,0.8889,1.3876,0.1682,1
ee796ecb4ee8680b,2023-08-19,Sean O'Malley,Aljamain Sterling,3.1,1.387597,a,0.8947,3.1,0.5722,1
f995ed679ef8bdf4,2023-08-19,Gregory Rodrigues,Denis Tiuliulin,3.95,1.266667,a,0.6667,3.95,0.4135,1
f995ed679ef8bdf4,2023-08-19,Denis Tiuliulin,Gregory Rodrigues,3.95,1.266667,b,0.6923,1.2667,-0.0972,0
fd4d30036a3f3efb,2023-08-19,Da'Mon Blackshear,Mario Bautista,1.487805,2.7,b,0.75,2.7,0.3796,1
fd4d30036a3f3efb,2023-08-19,Mario Bautista,Da'Mon Blackshear,1.487805,2.7,a,0.7647,1.4878,0.0926,1
23865dfc8361ac62,2023-08-26,Liang Na,JJ Aldrich,1.186916,5.0,b,0.5833,5.0,0.3833,1
23865dfc8361ac62,2023-08-26,JJ Aldrich,Liang Na,1.186916,5.0,a,0.6,1.1869,-0.2425,0
293c5f4c9aca5c54,2023-08-26,Chidi Njokuani,Michal Oleksiejczuk,1.769231,2.1,b,0.6,2.1,0.1238,1
293c5f4c9aca5c54,2023-08-26,Michal Oleksiejczuk,Chidi Njokuani,1.769231,2.1,a,0.619,1.7692,0.0538,1
48231fbd1af53674,2023-08-26,Toshiomi Kazama,Garrett Armfield,2.36,1.617284,a,0.5,2.36,0.0763,1
48231fbd1af53674,2023-08-26,Garrett Armfield,Toshiomi Kazama,2.36,1.617284,a,0.3333,2.36,-0.0904,0
5531317352862978,2023-08-26,Erin Blanchfield,Taila Santos,1.60241,2.4,a,1.0,1.6024,0.3759,1
5531317352862978,2023-08-26,Taila Santos,Erin Blanchfield,1.60241,2.4,b,1.0,2.4,0.5833,1
96704d7ba3a452d9,2023-08-26,Max Holloway,Chan Sung Jung,1.142857,6.0,a,0.7407,1.1429,-0.1343,0
96704d7ba3a452d9,2023-08-26,Chan Sung Jung,Max Holloway,1.142857,6.0,b,0.7455,6.0,0.5788,1
b65b37c0e00074d9,2023-08-26,SeungWoo Choi,Jarno Errens,2.24,1.675676,a,0.375,2.24,-0.0714,0
b65b37c0e00074d9,2023-08-26,Jarno Errens,SeungWoo Choi,2.24,1.675676,b,0.4118,1.6757,-0.185,0
bfc9989751bd0d04,2023-08-26,Waldo Cortes-Acosta,Lukasz Brzeski,2.7,1.487805,a,0.6667,2.7,0.2963,1
bfc9989751bd0d04,2023-08-26,Lukasz Brzeski,Waldo Cortes-Acosta,2.7,1.487805,b,0.7143,1.4878,0.0422,1
c53b0f678fe2f16a,2023-08-26,Anthony Smith,Ryan Spann,1.769231,2.1,b,0.7,2.1,0.2238,1
c53b0f678fe2f16a,2023-08-26,Ryan Spann,Anthony Smith,1.769231,2.1,a,0.6667,1.7692,0.1014,1
da6b863cf684e0ae,2023-08-26,Song Kenan,Rolando Bedoya,3.85,1.277778,a,0.5714,3.85,0.3117,1
da6b863cf684e0ae,2023-08-26,Rolando Bedoya,Song Kenan,3.85,1.277778,b,0.6,1.2778,-0.1826,0
dd617f6ab4916ec4,2023-08-26,Giga Chikadze,Alex Caceres,3.1,1.387597,a,0.875,3.1,0.5524,1
dd617f6ab4916ec4,2023-08-26,Alex Caceres,Giga Chikadze,3.1,1.387597,b,0.8824,1.3876,0.1617,1
de89bea7b0dcd2d3,2023-08-26,Rinya Nakamura,Fernie Garcia,7.25,1.105263,a,1.0,7.25,0.8621,1
de89bea7b0dcd2d3,2023-08-26,Fernie Garcia,Rinya Nakamura,7.25,1.105263,b,1.0,1.1053,0.0952,1
f7bc845ce74f5fe7,2023-08-26,Junior Tafa,Parker Porter,2.36,1.617284,b,0.5714,1.6173,-0.0469,0
f7bc845ce74f5fe7,2023-08-26,Parker Porter,Junior Tafa,2.36,1.617284,a,0.5333,2.36,0.1096,1
1be27d95bba03f17,2023-09-02,Ange Loosa,Rhys McKee,1.689655,2.14,a,0.5,1.6897,-0.0918,0
1be27d95bba03f17,2023-09-02,Rhys McKee,Ange Loosa,1.689655,2.14,b,0.6,2.14,0.1327,1
4eaf54ad3c82b6fa,2023-09-02,Manon Fiorot,Rose Namajunas,1.505051,2.64,a,1.0,1.5051,0.3356,1
4eaf54ad3c82b6fa,2023-09-02,Rose Namajunas,Manon Fiorot,1.505051,2.64,b,1.0,2.64,0.6212,1
ac73c6888ee9322c,2023-09-02,Farid Basharat,Kleydson Rodrigues,4.0,1.263158,a,1.0,4.0,0.75,1
ac73c6888ee9322c,2023-09-02,Kleydson Rodrigues,Farid Basharat,4.0,1.263158,b,1.0,1.2632,0.2083,1
dfa8fd0b82b37fa1,2023-09-02,Benoit Saint Denis,Thiago Moises,1.505051,2.64,a,0.75,1.5051,0.0856,1
dfa8fd0b82b37fa1,2023-09-02,Thiago Moises,Benoit Saint Denis,1.505051,2.64,b,0.7778,2.64,0.399,1
ea006bae605e2a6b,2023-09-02,Ciryl Gane,Serghei Spivac,1.520833,2.6,a,0.8,1.5208,0.1425,1
ea006bae605e2a6b,2023-09-02,Serghei Spivac,Ciryl Gane,1.520833,2.6,b,0.8095,2.6,0.4249,1
09a7f0979a58e6ea,2023-09-09,Jack Jenkins,Chepe Mariscal,1.458716,2.88,a,1.0,1.4587,0.3145,1
09a7f0979a58e6ea,2023-09-09,Chepe Mariscal,Jack Jenkins,1.458716,2.88,a,1.0,1.4587,0.3145,1
0aae15358d8606b9,2023-09-09,Jamie Mullarkey,John Makdessi,1.33557,3.4,b,0.5789,3.4,0.2848,1
0aae15358d8606b9,2023-09-09,John Makdessi,Jamie Mullarkey,1.33557,3.4,a,0.5641,1.3356,-0.1846,0
3e1c27f17433f9e4,2023-09-09,Tyson Pedro,Anton Turkalj,2.02,1.819672,a,0.5556,2.02,0.0605,1
3e1c27f17433f9e4,2023-09-09,Anton Turkalj,Tyson Pedro,2.02,1.819672,b,0.5789,1.8197,0.0294,0
7f16e7725245bb2d,2023-09-09,Israel Adesanya,Sean Strickland,5.1,1.181818,a,0.8667,5.1,0.6706,1
7f16e7725245bb2d,2023-09-09,Sean Strickland,Israel Adesanya,5.1,1.181818,b,0.8387,1.1818,-0.0074,0
a3d75cc363a6544b,2023-09-09,Carlos Ulberg,Da Woon Jung,3.3,1.31746,a,0.8,3.3,0.497,1
a3d75cc363a6544b,2023-09-09,Da Woon Jung,Carlos Ulberg,3.3,1.31746,b,0.8182,1.3175,0.0591,1
e4ed294e16e16d81,2023-09-09,Tai Tuivasa,Alexander Volkov,1.420168,2.95,b,0.7143,2.95,0.3753,1
e4ed294e16e16d81,2023-09-09,Alexander Volkov,Tai Tuivasa,1.420168,2.95,a,0.7241,1.4202,0.02,0
f9d2137f380e66bf,2023-09-09,Austen Lane,Justin Tafa,2.64,1.505051,b,0.5385,1.5051,-0.126,0
2e1435c160bfe8b2,2023-09-16,Daniel Zellhuber,Christos Giagos,1.344828,3.35,a,0.5,1.3448,-0.2436,0
2e1435c160bfe8b2,2023-09-16,Christos Giagos,Daniel Zellhuber,1.344828,3.35,b,0.6,3.35,0.3015,1
697efaf0d162e877,2023-09-16,Kevin Holland,Jack Della Maddalena,1.869565,1.952381,b,1.0,1.9524,0.4878,1
697efaf0d162e877,2023-09-16,Jack Della Maddalena,Kevin Holland,1.869565,1.952381,a,1.0,1.8696,0.4651,1
79f03eca3fe5cdb3,2023-09-16,Loopy Godinez,Elise Reed,1.253165,4.1,a,0.625,1.2532,-0.173,0
79f03eca3fe5cdb3,2023-09-16,Elise Reed,Loopy Godinez,1.253165,4.1,b,0.6471,4.1,0.4032,1
7a0813ec0fadc84e,2023-09-16,Roman Kopylov,Josh Fremd,1.307692,3.6,a,0.6,1.3077,-0.1647,0
7a0813ec0fadc84e,2023-09-16,Josh Fremd,Roman Kopylov,1.307692,3.6,b,0.6364,3.6,0.3586,1
a5d76e93a5052e3f,2023-09-16,Fernando Padilla,Kyle Nelson,3.1,1.387597,a,1.0,3.1,0.6774,1
a5d76e93a5052e3f,2023-09-16,Kyle Nelson,Fernando Padilla,3.1,1.387597,b,0.6667,1.3876,-0.054,0
bcec26b425194e40,2023-09-16,Tracy Cortez,Jasmine Jasudavicius,1.8,2.05,a,1.0,1.8,0.4444,1
bcec26b425194e40,2023-09-16,Jasmine Jasudavicius,Tracy Cortez,1.8,2.05,b,1.0,2.05,0.5122,1
c0ca4c201d086ea8,2023-09-16,Raul Rosas Jr.,Terrence Mitchell,6.0,1.142857,a,0.5,6.0,0.3333,1
c0ca4c201d086ea8,2023-09-16,Terrence Mitchell,Raul Rosas Jr.,6.0,1.142857,b,0.6,1.1429,-0.275,0
1496969c1497dc85,2023-09-23,Jacob Malkoun,Cody Brundage,1.16129,5.0,a,0.6,1.1613,-0.2611,0
1496969c1497dc85,2023-09-23,Cody Brundage,Jacob Malkoun,1.16129,5.0,b,0.5455,5.0,0.3455,1
23a604f460289271,2023-09-23,Rafael Fiziev,Mateusz Gamrot,2.2,1.704225,a,0.75,2.2,0.2955,1
23a604f460289271,2023-09-23,Mateusz Gamrot,Rafael Fiziev,2.2,1.704225,a,0.7333,2.2,0.2788,1
49ede01b061cfae3,2023-09-23,Mohammed Usman,Jake Collier,2.0,1.833333,a,1.0,2.0,0.5,1
49ede01b061cfae3,2023-09-23,Jake Collier,Mohammed Usman,2.0,1.833333,b,1.0,1.8333,0.4545,1
6e1bf1b163b3aeab,2023-09-23,Ricardo Ramos,Charles Jourdain,2.14,1.740741,a,0.7,2.14,0.2327,1
6e1bf1b163b3aeab,2023-09-23,Charles Jourdain,Ricardo Ramos,2.14,1.740741,b,0.6667,1.7407,0.0922,1
adb411b0f418ce33,2023-09-23,Mizuki,Hannah Goldy,3.5,1.289855,a,0.5,3.5,0.2143,1
adb411b0f418ce33,2023-09-23,Hannah Goldy,Mizuki,3.5,1.289855,b,0.6,1.2899,-0.1753,0
b3c7a5a97978d156,2023-09-23,Tim Means,Andre Fialho,1.60241,2.3,a,0.5385,1.6024,-0.0856,0
b3c7a5a97978d156,2023-09-23,Andre Fialho,Tim Means,1.60241,2.3,b,0.5472,2.3,0.1124,1
bf647be41de365e4,2023-09-23,Bryan Battle,AJ Fletcher,2.6,1.520833,a,0.8,2.6,0.4154,1
bf647be41de365e4,2023-09-23,AJ Fletcher,Bryan Battle,2.6,1.520833,b,0.8182,1.5208,0.1606,1
d8335b728604b222,2023-09-23,Marina Rodriguez,Michelle Waterson-Gomez,1.277778,3.6,a,0.6667,1.2778,-0.1159,0
d8335b728604b222,2023-09-23,Michelle Waterson-Gomez,Marina Rodriguez,1.277778,3.6,b,0.6842,3.6,0.4064,1
da1b37edb8ccd3e6,2023-09-23,Bryce Mitchell,Dan Ige,2.85,1.444444,a,0.8571,2.85,0.5063,1
da1b37edb8ccd3e6,2023-09-23,Dan Ige,Bryce Mitchell,2.85,1.444444,b,0.8667,1.4444,0.1744,1
e966de63c8e6b1d5,2023-10-07,Joe Pyfer,Abdul Razak Alhassan,1.253165,3.8,a,1.0,1.2532,0.202,1
e966de63c8e6b1d5,2023-10-07,Abdul Razak Alhassan,Joe Pyfer,1.253165,3.8,b,1.0,3.8,0.7368,1
eb76a5b76a68e4c4,2023-10-07,Alex Morono,Joaquin Buckley,1.571429,2.45,a,0.7059,1.5714,0.0695,1
eb76a5b76a68e4c4,2023-10-07,Joaquin Buckley,Alex Morono,1.571429,2.45,b,0.6857,2.45,0.2776,1
0d6d212fcdf47f2e,2023-10-14,Jonathan Martinez,Adrian Yanez,2.05,1.8,b,0.8333,1.8,0.2778,1
0d6d212fcdf47f2e,2023-10-14,Adrian Yanez,Jonathan Martinez,2.05,1.8,a,0.7692,2.05,0.2814,1
751cf3d52fce1d1f,2023-10-14,Jennifer Maia,Viviane Araujo,2.24,1.675676,b,0.5556,1.6757,-0.0412,0
751cf3d52fce1d1f,2023-10-14,Viviane Araujo,Jennifer Maia,2.24,1.675676,a,0.5789,2.24,0.1325,1
824859c7580eb35b,2023-10-14,Sodiq Yusuff,Edson Barboza,2.6,1.520833,a,0.8571,2.6,0.4725,1
824859c7580eb35b,2023-10-14,Edson Barboza,Sodiq Yusuff,2.6,1.520833,b,0.8,1.5208,0.1425,1
0ea435ddf02deb60,2023-10-21,Islam Makhachev,Alexander Volkanovski,1.285714,3.2,a,0.9286,1.2857,0.1508,1
0ea435ddf02deb60,2023-10-21,Alexander Volkanovski,Islam Makhachev,1.285714,3.2,b,0.931,3.2,0.6185,1
18e5af00a8478a0e,2023-10-21,Viktoriia Dudakova,Jinh Yu Frey,1.192308,4.5,a,1.0,1.1923,0.1613,1
18e5af00a8478a0e,2023-10-21,Jinh Yu Frey,Viktoriia Dudakova,1.192308,4.5,b,1.0,4.5,0.7778,1
43de9ff6064361e1,2023-10-21,Abu Azaitar,Sedriques Dumas,2.95,1.420168,a,0.5,2.95,0.161,1
43de9ff6064361e1,2023-10-21,Sedriques Dumas,Abu Azaitar,2.95,1.420168,a,0.6,2.95,0.261,1
7024385b5107bd4b,2023-10-21,Ikram Aliskerov,Warlley Alves,1.142857,6.0,a,1.0,1.1429,0.125,1
7024385b5107bd4b,2023-10-21,Warlley Alves,Ikram Aliskerov,1.142857,6.0,b,1.0,6.0,0.8333,1
75c5f923f966b53b,2023-10-21,Mike Breeden,Anshul Jubli,1.387597,3.1,b,1.0,3.1,0.6774,1
75c5f923f966b53b,2023-10-21,Anshul Jubli,Mike Breeden,1.387597,3.1,a,0.6667,1.3876,-0.054,0
b84c447bb74febe2,2023-10-21,Nathaniel Wood,Muhammad Naimov,1.277778,3.85,b,1.0,3.85,0.7403,1
b84c447bb74febe2,2023-10-21,Muhammad Naimov,Nathaniel Wood,1.277778,3.85,a,1.0,1.2778,0.2174,1
e9256316716499b8,2023-10-21,Tim Elliott,Muhammad Mokaev,1.192308,4.5,b,1.0,4.5,0.7778,1
e9256316716499b8,2023-10-21,Muhammad Mokaev,Tim Elliott,1.192308,4.5,a,1.0,1.1923,0.1613,1
ed3334d108b257a6,2023-10-21,Said Nurmagomedov,Muin Gafurov,1.327869,3.45,a,0.75,1.3279,-0.0031,0
ed3334d108b257a6,2023-10-21,Muin Gafurov,Said Nurmagomedov,1.327869,3.45,b,0.7647,3.45,0.4749,1
f23e9729b2b73c27,2023-10-21,Kamaru Usman,Khamzat Chimaev,1.263158,4.0,b,1.0,4.0,0.75,1
f23e9729b2b73c27,2023-10-21,Khamzat Chimaev,Kamaru Usman,1.263158,4.0,a,1.0,1.2632,0.2083,1
119bc264e2bb9877,2023-11-04,Rodrigo Nascimento,Don'Tale Mayes,2.7,1.487805,a,0.75,2.7,0.3796,1
119bc264e2bb9877,2023-11-04,Don'Tale Mayes,Rodrigo Nascimento,2.7,1.487805,b,0.7778,1.4878,0.1056,1
3a81276a9641c6a1,2023-11-04,Gabriel Bonfim,Nicolas Dalby,1.2,4.8,a,1.0,1.2,0.1667,1
3a81276a9641c6a1,2023-11-04,Nicolas Dalby,Gabriel Bonfim,1.2,4.8,b,0.8,4.8,0.5917,1
7d474fbf31894108,2023-11-04,Caio Borralho,Abus Magomedov,3.4,1.33557,a,1.0,3.4,0.7059,1
7d474fbf31894108,2023-11-04,Abus Magomedov,Caio Borralho,3.4,1.33557,b,1.0,1.3356,0.2513,1
ac37849f627a79c4,2023-11-04,Jailton Almeida,Derrick Lewis,1.206186,4.7,a,1.0,1.2062,0.1709,1
ac37849f627a79c4,2023-11-04,Derrick Lewis,Jailton Almeida,1.206186,4.7,b,1.0,4.7,0.7872,1
128ab9aa4802c73f,2023-11-11,Diego Lopes,Pat Sabatini,1.769231,2.1,b,0.8333,2.1,0.3571,1
128ab9aa4802c73f,2023-11-11,Pat Sabatini,Diego Lopes,1.769231,2.1,a,0.7692,1.7692,0.204,1
480c4dbd2e792d86,2023-11-11,Mateusz Rebecki,Roosevelt Roberts,6.5,1.108696,a,1.0,6.5,0.8462,1
480c4dbd2e792d86,2023-11-11,Roosevelt Roberts,Mateusz Rebecki,6.5,1.108696,b,1.0,1.1087,0.098,1
4c025d1fff9e9fce,2023-11-11,Jared Gordon,Mark Madsen,1.37037,3.0,b,0.8,3.0,0.4667,1
4c025d1fff9e9fce,2023-11-11,Mark Madsen,Jared Gordon,1.37037,3.0,a,0.7273,1.3704,-0.0025,0
5704e73f91b9e7f7,2023-11-11,Steve Erceg,Alessandro Costa,1.434783,2.75,a,1.0,1.4348,0.303,1
5704e73f91b9e7f7,2023-11-11,Alessandro Costa,Steve Erceg,1.434783,2.75,b,1.0,2.75,0.6364,1
57333b7bff20ece0,2023-11-11,John Castaneda,Kyung Ho Kang,1.869565,1.952381,b,0.7273,1.9524,0.2151,1
57333b7bff20ece0,2023-11-11,Kyung Ho Kang,John Castaneda,1.869565,1.952381,a,0.6957,1.8696,0.1608,1
6fd67582d8adb1c7,2023-11-11,Jessica Andrade,Mackenzie Dern,3.05,1.4,b,0.7273,1.4,0.013,0
6fd67582d8adb1c7,2023-11-11,Mackenzie Dern,Jessica Andrade,3.05,1.4,a,0.6957,3.05,0.3678,1
9fe98de1eac21f2e,2023-11-11,Matt Frevola,Benoit Saint Denis,1.420168,2.8,b,0.8,2.8,0.4429,1
9fe98de1eac21f2e,2023-11-11,Benoit Saint Denis,Matt Frevola,1.420168,2.8,a,0.8182,1.4202,0.114,1
a0362d60d2e1db0d,2023-11-11,Tabatha Ricci,Loopy Godinez,1.434783,2.75,a,0.8,1.4348,0.103,1
a0362d60d2e1db0d,2023-11-11,Loopy Godinez,Tabatha Ricci,1.434783,2.75,b,0.7273,2.75,0.3636,1
b1f2ec122beda7a5,2023-11-11,Jiri Prochazka,Alex Pereira,1.952381,1.8,a,1.0,1.9524,0.4878,1
b1f2ec122beda7a5,2023-11-11,Alex Pereira,Jiri Prochazka,1.952381,1.8,b,0.8571,1.8,0.3016,1
db49619221b282af,2023-11-11,Sergei Pavlovich,Tom Aspinall,1.769231,2.1,a,0.8571,1.7692,0.2919,1
db49619221b282af,2023-11-11,Tom Aspinall,Sergei Pavlovich,1.769231,2.1,a,0.8667,1.7692,0.3014,1
16109688429c09de,2023-11-18,Christian Leroy Duncan,Denis Tiuliulin,5.5,1.138889,a,0.5,5.5,0.3182,1
16109688429c09de,2023-11-18,Denis Tiuliulin,Christian Leroy Duncan,5.5,1.138889,b,0.6,1.1389,-0.278,0
5be63144ac46f97e,2023-11-18,Chase Hooper,Jordan Leavitt,1.512821,2.5,b,0.6667,2.5,0.2667,1
5be63144ac46f97e,2023-11-18,Jordan Leavitt,Chase Hooper,1.512821,2.5,a,0.6154,1.5128,-0.0456,0
62b64802ea49e2fd,2023-11-18,Jonathan Pearce,Joanderson Brito,2.1,1.714286,a,0.8333,2.1,0.3571,1
62b64802ea49e2fd,2023-11-18,Joanderson Brito,Jonathan Pearce,2.1,1.714286,a,0.7778,2.1,0.3016,1
6997693d552600dd,2023-11-18,Lucie Pudilova,Ailin Perez,1.520833,2.6,b,0.5,2.6,0.1154,1
6997693d552600dd,2023-11-18,Ailin Perez,Lucie Pudilova,1.520833,2.6,a,0.6,1.5208,-0.0575,0
73ebbfb998edc1f1,2023-11-18,Michael Morales,Jake Matthews,3.6,1.277778,a,1.0,3.6,0.7222,1
73ebbfb998edc1f1,2023-11-18,Jake Matthews,Michael Morales,3.6,1.277778,b,1.0,1.2778,0.2174,1
7990b6716a53b2cd,2023-11-18,Brendan Allen,Paul Craig,1.212766,4.6,a,0.8333,1.2128,0.0088,0
7990b6716a53b2cd,2023-11-18,Paul Craig,Brendan Allen,1.212766,4.6,b,0.84,4.6,0.6226,1
bd4d2522cb0d1a23,2023-11-18,Luana Pinheiro,Amanda Ribas,3.05,1.4,a,1.0,3.05,0.6721,1
bd4d2522cb0d1a23,2023-11-18,Amanda Ribas,Luana Pinheiro,3.05,1.4,b,0.8571,1.4,0.1429,1
c1aef0f60a5b62e3,2023-11-18,Chad Anheliger,Jose Johnson,1.505051,2.64,a,0.5,1.5051,-0.1644,0
c1aef0f60a5b62e3,2023-11-18,Jose Johnson,Chad Anheliger,1.505051,2.64,b,0.4,2.64,0.0212,0
f0fe73e650b746f2,2023-11-18,Jeka Saragih,Lucas Alexander,1.2,4.8,b,0.5,4.8,0.2917,1
f0fe73e650b746f2,2023-11-18,Lucas Alexander,Jeka Saragih,1.2,4.8,a,0.4,1.2,-0.4333,0
02713b2d25f74d43,2023-12-02,Punahele Soriano,Dustin Stoltzfus,1.277778,3.85,a,0.5,1.2778,-0.2826,0
02713b2d25f74d43,2023-12-02,Dustin Stoltzfus,Punahele Soriano,1.277778,3.85,b,0.4615,3.85,0.2018,1
20bfa549cb2cabe7,2023-12-02,Clay Guida,Joaquim Silva,1.307692,3.6,b,0.5556,3.6,0.2778,1
20bfa549cb2cabe7,2023-12-02,Joaquim Silva,Clay Guida,1.307692,3.6,a,0.5789,1.3077,-0.1858,0
246d06693b5ca1e8,2023-12-02,Rob Font,Deiveson Figueiredo,1.769231,2.0,b,0.7692,2.0,0.2692,1
246d06693b5ca1e8,2023-12-02,Deiveson Figueiredo,Rob Font,1.769231,2.0,a,0.7778,1.7692,0.2126,1
39c4ae4624052f9f,2023-12-02,Sean Brady,Kelvin Gastelum,1.869565,1.952381,a,0.8333,1.8696,0.2984,1
39c4ae4624052f9f,2023-12-02,Kelvin Gastelum,Sean Brady,1.869565,1.952381,b,0.8462,1.9524,0.334,1
9feb9500b0fedfcd,2023-12-02,Beneil Dariush,Arman Tsarukyan,3.1,1.357143,b,0.7778,1.3571,0.0409,1
9feb9500b0fedfcd,2023-12-02,Arman Tsarukyan,Beneil Dariush,3.1,1.357143,a,0.7895,3.1,0.4669,1
1afc4f372a125c74,2023-12-09,JunYong Park,Andre Muniz,1.505051,2.64,a,0.7778,1.5051,0.1133,1
1afc4f372a125c74,2023-12-09,Andre Muniz,JunYong Park,1.505051,2.64,b,0.7368,2.64,0.3581,1
35addc4646509286,2023-12-09,HyunSung Park,Shannon Ross,6.0,1.505051,a,1.0,6.0,0.8333,1
35addc4646509286,2023-12-09,Shannon Ross,HyunSung Park,6.0,1.505051,b,1.0,1.5051,0.3356,1
5a6e894e4b6cc703,2023-12-09,Luana Santos,Stephanie Egger,1.645161,2.3,a,1.0,1.6452,0.3922,1
5a6e894e4b6cc703,2023-12-09,Stephanie Egger,Luana Santos,1.645161,2.3,b,1.0,2.3,0.5652,1
5ac1725f775c6f00,2023-12-09,Steve Garcia,Melquizael Costa,1.123457,6.0,a,0.6,1.1235,-0.2901,0
5ac1725f775c6f00,2023-12-09,Melquizael Costa,Steve Garcia,1.123457,6.0,b,0.6364,6.0,0.4697,1
84f6de7c99779e5f,2023-12-09,Tatsuro Taira,Carlos Hernandez,1.16129,5.0,a,1.0,1.1613,0.1389,1
84f6de7c99779e5f,2023-12-09,Carlos Hernandez,Tatsuro Taira,1.16129,5.0,b,1.0,5.0,0.8,1
91093a019d32af2e,2023-12-09,Anthony Smith,Khalil Rountree Jr.,1.505051,2.64,b,0.6154,2.64,0.2366,1
91093a019d32af2e,2023-12-09,Khalil Rountree Jr.,Anthony Smith,1.505051,2.64,a,0.6296,1.5051,-0.0348,0
acc57a9c114b694a,2023-12-09,Nasrat Haqparast,Jamie Mullarkey,2.64,1.505051,a,0.6364,2.64,0.2576,1
acc57a9c114b694a,2023-12-09,Jamie Mullarkey,Nasrat Haqparast,2.64,1.505051,b,0.6522,1.5051,-0.0123,0
f9ec8bedc15ece93,2023-12-09,Song Yadong,Chris Gutierrez,3.8,1.28169,a,0.8182,3.8,0.555,1
f9ec8bedc15ece93,2023-12-09,Chris Gutierrez,Song Yadong,3.8,1.28169,b,0.8261,1.2817,0.0459,1
fbedeb4e4b019b94,2023-12-09,Tim Elliott,Sumudaerji,2.36,1.617284,b,0.6,1.6173,-0.0183,0
fbedeb4e4b019b94,2023-12-09,Sumudaerji,Tim Elliott,2.36,1.617284,a,0.5455,2.36,0.1217,1
03de7404decde12f,2024-01-13,Marcus McGhee,Gaston Bolanos,3.05,1.4,a,1.0,3.05,0.6721,1
03de7404decde12f,2024-01-13,Gaston Bolanos,Marcus McGhee,3.05,1.4,b,1.0,1.4,0.2857,1
477c3b9de012e4b3,2024-01-13,Farid Basharat,Taylor Lapilus,3.7,1.266667,a,1.0,3.7,0.7297,1
477c3b9de012e4b3,2024-01-13,Taylor Lapilus,Farid Basharat,3.7,1.266667,b,1.0,1.2667,0.2105,1
5f622d812b8f407f,2024-01-13,Matthew Semelsberger,Preston Parsons,1.769231,2.0,a,0.5556,1.7692,-0.0097,0
5f622d812b8f407f,2024-01-13,Preston Parsons,Matthew Semelsberger,1.769231,2.0,b,0.5263,2.0,0.0263,0
640f2ae3995b3b4f,2024-01-13,Jim Miller,Gabriel Benitez,2.3,1.60241,a,0.6098,2.3,0.175,1
640f2ae3995b3b4f,2024-01-13,Gabriel Benitez,Jim Miller,2.3,1.60241,b,0.6145,1.6024,-0.0096,0
6f13fe34cb3ca906,2024-01-13,Andrei Arlovski,Waldo Cortes-Acosta,5.0,1.16129,b,0.75,1.1613,-0.1111,0
6f13fe34cb3ca906,2024-01-13,Waldo Cortes-Acosta,Andrei Arlovski,5.0,1.16129,a,0.7778,5.0,0.5778,1
a8239866e1222eae,2024-01-13,Ricky Simon,Mario Bautista,1.555556,2.4,b,0.7778,2.4,0.3611,1
a8239866e1222eae,2024-01-13,Mario Bautista,Ricky Simon,1.555556,2.4,a,0.7895,1.5556,0.1466,1
d0d99889c6abd8e1,2024-01-13,Phil Hawes,Brunno Ferreira,1.689655,2.14,a,0.5714,1.6897,-0.0204,0
d0d99889c6abd8e1,2024-01-13,Brunno Ferreira,Phil Hawes,1.689655,2.14,a,0.6,1.6897,0.0082,0
f2b407019b2a5c15,2024-01-13,Magomed Ankalaev,Johnny Walker,4.9,1.192308,a,0.9,4.9,0.6959,1
f2b407019b2a5c15,2024-01-13,Johnny Walker,Magomed Ankalaev,4.9,1.192308,b,0.9048,1.1923,0.0661,1
14e53999507c76a7,2024-01-20,Sean Strickland,Dricus Du Plessis,1.892857,1.925926,b,1.0,1.9259,0.4808,1
14e53999507c76a7,2024-01-20,Dricus Du Plessis,Sean Strickland,1.892857,1.925926,a,1.0,1.8929,0.4717,1
1a7cd191f0cf160c,2024-01-20,Arnold Allen,Movsar Evloev,2.8,1.458716,b,1.0,1.4587,0.3145,1
1a7cd191f0cf160c,2024-01-20,Movsar Evloev,Arnold Allen,2.8,1.458716,a,1.0,2.8,0.6429,1
331ddc1141e934d1,2024-01-20,Charles Jourdain,Sean Woodson,2.8,1.458716,b,0.8,1.4587,0.1145,1
331ddc1141e934d1,2024-01-20,Sean Woodson,Charles Jourdain,2.8,1.458716,a,0.8182,2.8,0.461,1
670e4754d8d3d172,2024-01-20,Brad Katona,Garrett Armfield,2.95,1.420168,a,0.6,2.95,0.261,1
670e4754d8d3d172,2024-01-20,Garrett Armfield,Brad Katona,2.95,1.420168,a,0.6,2.95,0.261,1
7736eb6bd5c1ff4a,2024-01-20,Jasmine Jasudavicius,Priscila Cachoeira,1.235294,4.3,a,0.6,1.2353,-0.2095,0
7736eb6bd5c1ff4a,2024-01-20,Priscila Cachoeira,Jasmine Jasudavicius,1.235294,4.3,b,0.6364,4.3,0.4038,1
97817609ed46baa0,2024-01-20,Neil Magny,Mike Malott,4.0,1.263158,b,1.0,1.2632,0.2083,1
97817609ed46baa0,2024-01-20,Mike Malott,Neil Magny,4.0,1.263158,a,0.8571,4.0,0.6071,1
a10e2d5416972b9c,2024-01-20,Yohan Lainesse,Sam Patterson,2.2,1.704225,a,0.3333,2.2,-0.1212,0
a10e2d5416972b9c,2024-01-20,Sam Patterson,Yohan Lainesse,2.2,1.704225,a,0.3333,2.2,-0.1212,0
ba5005d1116fa45f,2024-01-20,Chris Curtis,Marc-Andre Barriault,1.571429,2.45,a,0.6667,1.5714,0.0303,1
ba5005d1116fa45f,2024-01-20,Marc-Andre Barriault,Chris Curtis,1.571429,2.45,b,0.6923,2.45,0.2841,1
dff2685afd98ed9e,2024-01-20,Gillian Robertson,Polyana Viana,1.33557,3.4,a,0.6,1.3356,-0.1487,0
dff2685afd98ed9e,2024-01-20,Polyana Viana,Gillian Robertson,1.33557,3.4,b,0.6129,3.4,0.3188,1
faf15b752fb8924c,2024-01-20,Raquel Pennington,Mayra Bueno Silva,1.588235,2.42,b,0.7143,2.42,0.3011,1
faf15b752fb8924c,2024-01-20,Mayra Bueno Silva,Raquel Pennington,1.588235,2.42,b,0.7143,2.42,0.3011,1
330d86bfaa4155fe,2024-02-03,Gilbert Urbina,Charles Radtke,1.458716,2.8,b,1.0,2.8,0.6429,1
330d86bfaa4155fe,2024-02-03,Charles Radtke,Gilbert Urbina,1.458716,2.8,a,1.0,1.4587,0.3145,1
733e675fd7c0052a,2024-02-03,Renato Moicano,Drew Dober,2.7,1.487805,a,0.6429,2.7,0.2725,1
733e675fd7c0052a,2024-02-03,Drew Dober,Renato Moicano,2.7,1.487805,b,0.6552,1.4878,-0.017,0
767ceb4a0cb43ade,2024-02-03,Roman Dolidze,Nassourdine Imavov,2.5,1.555556,a,0.75,2.5,0.35,1
767ceb4a0cb43ade,2024-02-03,Nassourdine Imavov,Roman Dolidze,2.5,1.555556,b,0.7059,1.5556,0.063,1
7b1882dc76786d77,2024-02-03,Viviane Araujo,Natalia Silva,1.294118,3.7,b,1.0,3.7,0.7297,1
7b1882dc76786d77,2024-02-03,Natalia Silva,Viviane Araujo,1.294118,3.7,a,1.0,1.2941,0.2273,1
af6d56860ba4d259,2024-02-03,Randy Brown,Muslim Salikhov,3.15,1.377358,a,0.6875,3.15,0.37,1
af6d56860ba4d259,2024-02-03,Muslim Salikhov,Randy Brown,3.15,1.377358,b,0.697,1.3774,-0.0291,0
25259e230be9cdc9,2024-02-10,Dan Ige,Andre Fili,1.540541,2.54,a,0.6,1.5405,-0.0491,0
25259e230be9cdc9,2024-02-10,Andre Fili,Dan Ige,1.540541,2.54,b,0.6129,2.54,0.2192,1
406f2aacd1d1faf9,2024-02-10,Jack Hermansson,Joe Pyfer,3.05,1.4,b,1.0,1.4,0.2857,1
406f2aacd1d1faf9,2024-02-10,Joe Pyfer,Jack Hermansson,3.05,1.4,a,0.8571,3.05,0.5293,1
5304956aada097e8,2024-02-10,Michael Johnson,Darrius Flowers,1.645161,2.3,a,0.4643,1.6452,-0.1436,0
5304956aada097e8,2024-02-10,Darrius Flowers,Michael Johnson,1.645161,2.3,b,0.4737,2.3,0.0389,1
9d8473ae274ed625,2024-02-10,Rodolfo Vieira,Armen Petrosyan,1.952381,1.869565,b,0.75,1.8696,0.2151,1
9d8473ae274ed625,2024-02-10,Armen Petrosyan,Rodolfo Vieira,1.952381,1.869565,b,0.6923,1.8696,0.1574,1
e7938bac3ec8b442,2024-02-10,Brad Tavares,Gregory Rodrigues,2.9,1.434783,b,0.7143,1.4348,0.0173,0
e7938bac3ec8b442,2024-02-10,Gregory Rodrigues,Brad Tavares,2.9,1.434783,a,0.7333,2.9,0.3885,1
01432891260084a4,2024-02-17,Robert Whittaker,Paulo Costa,2.7,1.487805,a,0.75,2.7,0.3796,1
01432891260084a4,2024-02-17,Paulo Costa,Robert Whittaker,2.7,1.487805,b,0.7561,1.4878,0.084,1
1456a3f96ac7e35b,2024-02-17,Marcos Rogerio de Lima,Junior Tafa,1.434783,2.9,a,0.5882,1.4348,-0.1087,0
1456a3f96ac7e35b,2024-02-17,Junior Tafa,Marcos Rogerio de Lima,1.434783,2.9,b,0.6,2.9,0.2552,1
2aeb3ec2d8c05dc8,2024-02-17,Amanda Lemos,Mackenzie Dern,1.617284,2.36,a,0.7,1.6173,0.0817,1
2aeb3ec2d8c05dc8,2024-02-17,Mackenzie Dern,Amanda Lemos,1.617284,2.36,b,0.7143,2.36,0.2906,1
8fb0092430448368,2024-02-17,Geoff Neal,Ian Machado Garry,1.387597,3.1,b,1.0,3.1,0.6774,1
8fb0092430448368,2024-02-17,Ian Machado Garry,Geoff Neal,1.387597,3.1,a,1.0,1.3876,0.2793,1
9785420602b452f7,2024-02-17,Merab Dvalishvili,Henry Cejudo,3.4,1.33557,a,0.8182,3.4,0.5241,1
9785420602b452f7,2024-02-17,Henry Cejudo,Merab Dvalishvili,3.4,1.33557,b,0.8261,1.3356,0.0773,1
bec3154a11df3299,2024-02-17,Alexander Volkanovski,Ilia Topuria,2.2,1.704225,b,1.0,1.7042,0.4132,1
bec3154a11df3299,2024-02-17,Ilia Topuria,Alexander Volkanovski,2.2,1.704225,a,1.0,2.2,0.5455,1
f87a3fa07f0009c9,2024-02-17,Anthony Hernandez,Roman Kopylov,1.458716,2.8,a,0.7143,1.4587,0.0288,0
f87a3fa07f0009c9,2024-02-17,Roman Kopylov,Anthony Hernandez,1.458716,2.8,b,0.7333,2.8,0.3762,1
063e7ce759c52f81,2024-02-24,Cristian Quinonez,Raoni Barcelos,2.36,1.617284,b,0.6,1.6173,-0.0183,0
063e7ce759c52f81,2024-02-24,Raoni Barcelos,Cristian Quinonez,2.36,1.617284,a,0.619,2.36,0.1953,1
1c03c1bb62f3aed6,2024-02-24,Edgar Chairez,Daniel Lacerda,4.8,1.2,a,0.5,4.8,0.2917,1
1c03c1bb62f3aed6,2024-02-24,Daniel Lacerda,Edgar Chairez,4.8,1.2,b,0.3333,1.2,-0.5,0
3b05a4ced6dd74f5,2024-02-24,Yair Rodriguez,Brian Ortega,1.60241,2.4,a,0.7692,1.6024,0.1452,1
3b05a4ced6dd74f5,2024-02-24,Brian Ortega,Yair Rodriguez,1.60241,2.4,b,0.7407,2.4,0.3241,1
50dae6b76c9c6490,2024-02-24,Erik Silva,Muhammad Naimov,5.1,1.181818,b,1.0,1.1818,0.1538,1
50dae6b76c9c6490,2024-02-24,Muhammad Naimov,Erik Silva,5.1,1.181818,a,1.0,5.1,0.8039,1
673a156925dfb31d,2024-02-24,Manuel Torres,Chris Duncan,1.588235,2.42,a,1.0,1.5882,0.3704,1
673a156925dfb31d,2024-02-24,Chris Duncan,Manuel Torres,1.588235,2.42,b,1.0,2.42,0.5868,1
6e4acb2aaa2cee56,2024-02-24,Yazmin Jauregui,Sam Hughes,1.125,6.5,a,0.6667,1.125,-0.2222,0
6e4acb2aaa2cee56,2024-02-24,Sam Hughes,Yazmin Jauregui,1.125,6.5,b,0.7143,6.5,0.5604,1
74f5cbecac011abb,2024-02-24,Brandon Moreno,Brandon Royval,3.45,1.327869,a,0.6923,3.45,0.4025,1
74f5cbecac011abb,2024-02-24,Brandon Royval,Brandon Moreno,3.45,1.327869,b,0.6667,1.3279,-0.0864,0
93ddc6b233d1956a,2024-02-24,Victor Altamirano,Felipe dos Santos,1.350877,3.3,a,0.5,1.3509,-0.2403,0
93ddc6b233d1956a,2024-02-24,Felipe dos Santos,Victor Altamirano,1.350877,3.3,b,0.4444,3.3,0.1414,1
a376f6d5806d0c90,2024-02-24,Claudio Puelles,Fares Ziam,1.458716,2.8,a,0.7143,1.4587,0.0288,0
a376f6d5806d0c90,2024-02-24,Fares Ziam,Claudio Puelles,1.458716,2.8,a,0.6923,1.4587,0.0068,0
d1d3b6ab8a56e973,2024-02-24,Jesus Aguilar,Mateus Mendonca,1.740741,2.14,a,0.5,1.7407,-0.0745,0
d1d3b6ab8a56e973,2024-02-24,Mateus Mendonca,Jesus Aguilar,1.740741,2.14,b,0.6,2.14,0.1327,1
ecbece0cbd60029e,2024-02-24,Daniel Zellhuber,Francisco Prado,3.7,1.294118,a,0.6667,3.7,0.3964,1
ecbece0cbd60029e,2024-02-24,Francisco Prado,Daniel Zellhuber,3.7,1.294118,b,0.7143,1.2941,-0.0584,0
024beecfd3f0ed7a,2024-03-02,Matt Schnell,Steve Erceg,1.206186,4.7,b,1.0,4.7,0.7872,1
024beecfd3f0ed7a,2024-03-02,Steve Erceg,Matt Schnell,1.206186,4.7,a,1.0,1.2062,0.1709,1
32bd7ed48f5aea7e,2024-03-02,Eryk Anders,Jamie Pickett,5.0,1.186916,a,0.4667,5.0,0.2667,1
32bd7ed48f5aea7e,2024-03-02,Jamie Pickett,Eryk Anders,5.0,1.186916,b,0.4839,1.1869,-0.3586,0
3ea7d69a1238f26a,2024-03-02,Christian Leroy Duncan,Claudio Ribeiro,4.2,1.243902,a,0.6667,4.2,0.4286,1
3ea7d69a1238f26a,2024-03-02,Claudio Ribeiro,Christian Leroy Duncan,4.2,1.243902,b,0.7143,1.2439,-0.0896,0
5a82757b553c40fc,2024-03-02,Alex Perez,Muhammad Mokaev,1.243902,4.2,b,1.0,4.2,0.7619,1
5a82757b553c40fc,2024-03-02,Muhammad Mokaev,Alex Perez,1.243902,4.2,a,1.0,1.2439,0.1961,1
838fd9d2b14e0790,2024-03-02,Jairzinho Rozenstruik,Shamil Gaziev,2.5,1.555556,b,1.0,1.5556,0.3571,1
838fd9d2b14e0790,2024-03-02,Shamil Gaziev,Jairzinho Rozenstruik,2.5,1.555556,a,0.6667,2.5,0.2667,1
a7d397cd0f2ac93a,2024-03-02,Aiemann Zahabi,Javid Basharat,6.5,1.125,b,1.0,1.125,0.1111,1
a7d397cd0f2ac93a,2024-03-02,Javid Basharat,Aiemann Zahabi,6.5,1.125,a,0.8571,6.5,0.7033,1
df3cc5ec78d05a71,2024-03-02,Vitor Petrino,Tyson Pedro,4.5,1.21978,a,1.0,4.5,0.7778,1
df3cc5ec78d05a71,2024-03-02,Tyson Pedro,Vitor Petrino,4.5,1.21978,b,1.0,1.2198,0.1802,1
0133019a4f1055ee,2024-03-09,Curtis Blaydes,Jailton Almeida,1.740741,2.14,b,1.0,2.14,0.5327,1
0133019a4f1055ee,2024-03-09,Jailton Almeida,Curtis Blaydes,1.740741,2.14,a,0.9231,1.7407,0.3486,1
33658a3ca932d15d,2024-03-09,Katlyn Cerminara,Maycee Barber,1.540541,2.54,b,0.8,2.54,0.4063,1
33658a3ca932d15d,2024-03-09,Maycee Barber,Katlyn Cerminara,1.540541,2.54,a,0.8095,1.5405,0.1604,1
68f7f992603192c6,2024-03-09,Gilbert Burns,Jack Della Maddalena,2.42,1.588235,b,1.0,1.5882,0.3704,1
68f7f992603192c6,2024-03-09,Jack Della Maddalena,Gilbert Burns,2.42,1.588235,a,1.0,2.42,0.5868,1
6e73ebbd089aff5e,2024-03-09,Dustin Poirier,Benoit Saint Denis,2.8,1.458716,b,0.8333,1.4587,0.1478,1
6e73ebbd089aff5e,2024-03-09,Benoit Saint Denis,Dustin Poirier,2.8,1.458716,a,0.7692,2.8,0.4121,1
7bc7af11050e861b,2024-03-09,Ion Cutelaba,Philipe Lins,2.14,1.740741,b,0.6,1.7407,0.0255,0
7bc7af11050e861b,2024-03-09,Philipe Lins,Ion Cutelaba,2.14,1.740741,a,0.6364,2.14,0.1691,1
894c44c3d04aaf6f,2024-03-09,Sean O'Malley,Marlon Vera,3.35,1.344828,a,0.9,3.35,0.6015,1
894c44c3d04aaf6f,2024-03-09,Marlon Vera,Sean O'Malley,3.35,1.344828,b,0.9048,1.3448,0.1612,1
8baff440b82afd2b,2024-03-09,Mateusz Gamrot,Rafael Dos Anjos,4.7,1.206186,a,0.75,4.7,0.5372,1
8baff440b82afd2b,2024-03-09,Rafael Dos Anjos,Mateusz Gamrot,4.7,1.206186,b,0.7647,1.2062,-0.0644,0
9861b6d04e6ed43c,2024-03-09,Petr Yan,Song Yadong,1.645161,2.3,b,0.8333,2.3,0.3986,1
9861b6d04e6ed43c,2024-03-09,Song Yadong,Petr Yan,1.645161,2.3,a,0.8,1.6452,0.1922,1
ebb758b49e82d0ed,2024-03-09,Pedro Munhoz,Kyler Phillips,1.420168,2.95,b,0.8333,2.95,0.4944,1
ebb758b49e82d0ed,2024-03-09,Kyler Phillips,Pedro Munhoz,1.420168,2.95,a,0.8462,1.4202,0.142,1
f0a9dfbb6f6ac852,2024-03-09,Michel Pereira,Michal Oleksiejczuk,2.3,1.645161,a,0.7778,2.3,0.343,1
f0a9dfbb6f6ac852,2024-03-09,Michal Oleksiejczuk,Michel Pereira,2.3,1.645161,b,0.7895,1.6452,0.1816,1
35f9beb94b4ef9e2,2024-03-16,Ovince Saint Preux,Kennedy Nzechukwu,5.55,1.16,b,0.6,1.16,-0.2621,0
35f9beb94b4ef9e2,2024-03-16,Kennedy Nzechukwu,Ovince Saint Preux,5.55,1.16,a,0.5714,5.55,0.3912,1
8bc0c220f7dcefa7,2024-03-16,Tai Tuivasa,Marcin Tybura,1.847458,1.980392,b,0.6111,1.9804,0.1062,1
8bc0c220f7dcefa7,2024-03-16,Marcin Tybura,Tai Tuivasa,1.847458,1.980392,a,0.6216,1.8475,0.0803,1
acc7392d48cc09a0,2024-03-16,Christian Rodriguez,Isaac Dulgarian,2.7,1.487805,b,1.0,1.4878,0.3279,1
acc7392d48cc09a0,2024-03-16,Isaac Dulgarian,Christian Rodriguez,2.7,1.487805,b,0.7778,1.4878,0.1056,1
127be512f86618b2,2024-03-23,Payton Talbott,Cameron Saaiman,2.36,1.617284,a,1.0,2.36,0.5763,1
127be512f86618b2,2024-03-23,Cameron Saaiman,Payton Talbott,2.36,1.617284,b,1.0,1.6173,0.3817,1
48ff3f1bcefbf965,2024-03-23,Miles Johns,Cody Gibson,1.704225,2.2,a,0.6667,1.7042,0.0799,1
48ff3f1bcefbf965,2024-03-23,Cody Gibson,Miles Johns,1.704225,2.2,b,0.6923,2.2,0.2378,1
72f123ddb4cc9d1c,2024-03-23,Billy Quarantillo,Youssef Zalal,1.769231,2.1,a,0.6667,1.7692,0.1014,1
72f123ddb4cc9d1c,2024-03-23,Youssef Zalal,Billy Quarantillo,1.769231,2.1,b,0.6316,2.1,0.1554,1
8c8337ce8437fe2e,2024-03-23,Ricardo Ramos,Julian Erosa,1.571429,2.45,a,0.6364,1.5714,0.0,0
8c8337ce8437fe2e,2024-03-23,Julian Erosa,Ricardo Ramos,1.571429,2.45,b,0.6087,2.45,0.2005,1
cd6452a463ec8a28,2024-03-23,Karl Williams,Justin Tafa,1.487805,2.7,a,1.0,1.4878,0.3279,1
cd6452a463ec8a28,2024-03-23,Justin Tafa,Karl Williams,1.487805,2.7,b,1.0,2.7,0.6296,1
d564e3a6c77d0c85,2024-03-23,Edmen Shahbazyan,AJ Dobson,2.6,1.520833,a,0.5556,2.6,0.1709,1
d564e3a6c77d0c85,2024-03-23,AJ Dobson,Edmen Shahbazyan,2.6,1.520833,b,0.5789,1.5208,-0.0786,0
de7cb625bdec0f91,2024-03-23,Kurt Holobaugh,Trey Ogden,2.05,1.8,b,0.3333,1.8,-0.2222,0
de7cb625bdec0f91,2024-03-23,Trey Ogden,Kurt Holobaugh,2.05,1.8,a,0.4286,2.05,-0.0592,0
faf19712bd7ea41e,2024-03-23,Amanda Ribas,Rose Namajunas,1.458716,2.8,a,0.7,1.4587,0.0145,0
faf19712bd7ea41e,2024-03-23,Rose Namajunas,Amanda Ribas,1.458716,2.8,b,0.6667,2.8,0.3095,1
636b01ee49925e49,2024-03-30,Nate Landwehr,Jamall Emmers,2.42,1.588235,a,0.5714,2.42,0.1582,1
636b01ee49925e49,2024-03-30,Jamall Emmers,Nate Landwehr,2.42,1.588235,b,0.6,1.5882,-0.0296,0
77992b8727382373,2024-03-30,Chris Weidman,Bruno Silva,1.571429,2.45,a,0.6111,1.5714,-0.0253,0
77992b8727382373,2024-03-30,Bruno Silva,Chris Weidman,1.571429,2.45,b,0.6216,2.45,0.2135,1
91aa08e910fb4412,2024-03-30,Bill Algeo,Kyle Nelson,3.4,1.33557,a,0.625,3.4,0.3309,1
91aa08e910fb4412,2024-03-30,Kyle Nelson,Bill Algeo,3.4,1.33557,b,0.5882,1.3356,-0.1605,0
976abc27a4e5e26a,2024-03-30,Julio Arce,Herbert Burns,1.294118,3.7,a,0.5556,1.2941,-0.2172,0
976abc27a4e5e26a,2024-03-30,Herbert Burns,Julio Arce,1.294118,3.7,b,0.5789,3.7,0.3087,1
99dc6d45cbdfa322,2024-03-30,Virna Jandiroba,Loopy Godinez,2.8,1.458716,b,0.7,1.4587,0.0145,0
99dc6d45cbdfa322,2024-03-30,Loopy Godinez,Virna Jandiroba,2.8,1.458716,a,0.6667,2.8,0.3095,1
de12349f334c964e,2024-03-30,Vicente Luque,Joaquin Buckley,1.675676,2.24,a,0.75,1.6757,0.1532,1
de12349f334c964e,2024-03-30,Joaquin Buckley,Vicente Luque,1.675676,2.24,b,0.7317,2.24,0.2853,1
e30250daa73005a8,2024-03-30,Nursulton Ruziboev,Sedriques Dumas,1.387597,3.1,a,1.0,1.3876,0.2793,1
e30250daa73005a8,2024-03-30,Sedriques Dumas,Nursulton Ruziboev,1.387597,3.1,b,1.0,3.1,0.6774,1
e6d4fdad2b3422d1,2024-03-30,Erin Blanchfield,Manon Fiorot,2.8,1.458716,a,1.0,2.8,0.6429,1
e6d4fdad2b3422d1,2024-03-30,Manon Fiorot,Erin Blanchfield,2.8,1.458716,a,1.0,2.8,0.6429,1
eb9f9f61507497a5,2024-03-30,Chidi Njokuani,Rhys McKee,1.769231,2.1,a,0.4,1.7692,-0.1652,0
eb9f9f61507497a5,2024-03-30,Rhys McKee,Chidi Njokuani,1.769231,2.1,b,0.4545,2.1,-0.0216,0
0b9cd718d7e329e8,2024-04-06,Court McGee,Alex Morono,3.85,1.277778,b,0.6667,1.2778,-0.1159,0
0b9cd718d7e329e8,2024-04-06,Alex Morono,Court McGee,3.85,1.277778,a,0.6757,3.85,0.4159,1
1685eecc7ef37fb5,2024-04-06,Melissa Mullins,Nora Cornolle,1.277778,3.85,a,1.0,1.2778,0.2174,1
1685eecc7ef37fb5,2024-04-06,Nora Cornolle,Melissa Mullins,1.277778,3.85,a,1.0,1.2778,0.2174,1
188e6416157e5a1f,2024-04-06,Norma Dumont,Germaine de Randamie,1.952381,1.869565,b,0.7778,1.8696,0.2429,1
188e6416157e5a1f,2024-04-06,Germaine de Randamie,Norma Dumont,1.952381,1.869565,b,0.7647,1.8696,0.2298,1
32375b4435fea5e6,2024-04-06,Morgan Charriere,Chepe Mariscal,1.704225,2.2,a,1.0,1.7042,0.4132,1
32375b4435fea5e6,2024-04-06,Chepe Mariscal,Morgan Charriere,1.704225,2.2,a,1.0,1.7042,0.4132,1
3ce96bb0c69b39be,2024-04-06,Brendan Allen,Chris Curtis,1.444444,2.85,a,0.8462,1.4444,0.1538,1
3ce96bb0c69b39be,2024-04-06,Chris Curtis,Brendan Allen,1.444444,2.85,b,0.8519,2.85,0.501,1
47f8812a335b6ce9,2024-04-06,Trevor Peek,Charlie Campbell,2.3,1.645161,b,1.0,1.6452,0.3922,1
47f8812a335b6ce9,2024-04-06,Charlie Campbell,Trevor Peek,2.3,1.645161,a,1.0,2.3,0.5652,1
6ff21ea2c75c48ed,2024-04-06,Ignacio Bahamondes,Christos Giagos,3.5,1.322581,a,0.6,3.5,0.3143,1
6ff21ea2c75c48ed,2024-04-06,Christos Giagos,Ignacio Bahamondes,3.5,1.322581,b,0.6364,1.3226,-0.1197,0
9c22ddb8d8fc1838,2024-04-06,Alexander Hernandez,Damon Jackson,1.540541,2.54,b,0.5556,2.54,0.1619,1
9c22ddb8d8fc1838,2024-04-06,Damon Jackson,Alexander Hernandez,1.540541,2.54,a,0.5789,1.5405,-0.0702,0
01f7c28804746979,2024-04-13,Charles Oliveira,Arman Tsarukyan,2.9,1.458716,b,0.8,1.4587,0.1145,1
01f7c28804746979,2024-04-13,Arman Tsarukyan,Charles Oliveira,2.9,1.458716,a,0.8095,2.9,0.4647,1
0c2e3988793b418c,2024-04-13,Bo Nickal,Cody Brundage,1.0625,10.0,a,1.0,1.0625,0.0588,1
0c2e3988793b418c,2024-04-13,Cody Brundage,Bo Nickal,1.0625,10.0,b,1.0,10.0,0.9,1
538ca98010ed00ec,2024-04-13,Sodiq Yusuff,Diego Lopes,2.2,1.704225,a,0.75,2.2,0.2955,1
538ca98010ed00ec,2024-04-13,Diego Lopes,Sodiq Yusuff,2.2,1.704225,a,0.7143,2.2,0.2597,1
66eddbe35056c06d,2024-04-13,Zhang Weili,Yan Xiaonan,1.21978,4.5,a,0.8,1.2198,-0.0198,0
66eddbe35056c06d,2024-04-13,Yan Xiaonan,Zhang Weili,1.21978,4.5,b,0.8095,4.5,0.5873,1
cf5e8f98159c3971,2024-04-13,Justin Gaethje,Max Holloway,2.54,1.540541,b,0.75,1.5405,0.1009,1
cf5e8f98159c3971,2024-04-13,Max Holloway,Justin Gaethje,2.54,1.540541,a,0.7544,2.54,0.3607,1
d95f21817a56eb05,2024-04-13,Calvin Kattar,Aljamain Sterling,2.54,1.540541,b,0.7895,1.5405,0.1404,1
d95f21817a56eb05,2024-04-13,Aljamain Sterling,Calvin Kattar,2.54,1.540541,a,0.7949,2.54,0.4012,1
e4931f3ab3bf4141,2024-04-13,Alex Pereira,Jamahal Hill,2.1,1.769231,a,0.8571,2.1,0.381,1
e4931f3ab3bf4141,2024-04-13,Jamahal Hill,Alex Pereira,2.1,1.769231,b,0.8667,1.7692,0.3014,1
eda1e8c285a0a788,2024-04-13,Jiri Prochazka,Aleksandar Rakic,2.05,1.8,a,0.75,2.05,0.2622,1
eda1e8c285a0a788,2024-04-13,Aleksandar Rakic,Jiri Prochazka,2.05,1.8,b,0.7778,1.8,0.2222,1
0976778a6e6cf8a8,2024-04-27,Gabriel Benitez,Maheshate,2.9,1.434783,a,0.5,2.9,0.1552,1
0976778a6e6cf8a8,2024-04-27,Maheshate,Gabriel Benitez,2.9,1.434783,b,0.4828,1.4348,-0.2142,0
417049c7a3d65ccc,2024-04-27,Don'Tale Mayes,Caio Machado,2.14,1.740741,a,0.4286,2.14,-0.0387,0
417049c7a3d65ccc,2024-04-27,Caio Machado,Don'Tale Mayes,2.14,1.740741,b,0.4667,1.7407,-0.1078,0
4915c8a588513c22,2024-04-27,Marnic Mann,Ketlen Souza,1.28169,3.8,a,0.5,1.2817,-0.2802,0
4915c8a588513c22,2024-04-27,Ketlen Souza,Marnic Mann,1.28169,3.8,a,0.3333,1.2817,-0.4469,0
55231cc4112334b4,2024-04-27,Rani Yahya,Victor Henry,3.95,1.266667,a,0.7222,3.95,0.4691,1
55231cc4112334b4,2024-04-27,Victor Henry,Rani Yahya,3.95,1.266667,a,0.7143,3.95,0.4611,1
681cd3cc6299d652,2024-04-27,Austin Hubbard,Michal Figlak,1.571429,2.45,a,0.375,1.5714,-0.2614,0
681cd3cc6299d652,2024-04-27,Michal Figlak,Austin Hubbard,1.571429,2.45,b,0.4118,2.45,0.0036,0
6ea77cb62aa2f276,2024-04-27,Tim Means,Uros Medic,3.1,1.357143,b,0.6,1.3571,-0.1368,0
6ea77cb62aa2f276,2024-04-27,Uros Medic,Tim Means,3.1,1.357143,a,0.6364,3.1,0.3138,1
7ca5604d99220e88,2024-04-27,Jonathan Pearce,David Onama,1.617284,2.36,a,0.7143,1.6173,0.096,1
7ca5604d99220e88,2024-04-27,David Onama,Jonathan Pearce,1.617284,2.36,b,0.6667,2.36,0.2429,1
2db0998b24c11ea0,2024-05-04,Paul Craig,Caio Borralho,1.192308,4.9,b,1.0,4.9,0.7959,1
2db0998b24c11ea0,2024-05-04,Caio Borralho,Paul Craig,1.192308,4.9,a,1.0,1.1923,0.1613,1
2faf5b8d708f8e94,2024-05-04,Joaquim Silva,Drakkar Klose,1.5,2.54,b,0.8,2.54,0.4063,1
2faf5b8d708f8e94,2024-05-04,Drakkar Klose,Joaquim Silva,1.5,2.54,a,0.8095,1.5,0.1429,1
3e74caa9fff4a5eb,2024-05-04,Michel Pereira,Ihor Potieria,4.7,1.206186,a,0.8,4.7,0.5872,1
3e74caa9fff4a5eb,2024-05-04,Ihor Potieria,Michel Pereira,4.7,1.206186,b,0.8095,1.2062,-0.0195,0
3f419fce8ba8aa0e,2024-05-04,Alexandre Pantoja,Steve Erceg,2.5,1.555556,b,1.0,1.5556,0.3571,1
3f419fce8ba8aa0e,2024-05-04,Steve Erceg,Alexandre Pantoja,2.5,1.555556,a,0.8571,2.5,0.4571,1
8a121f9c48f3773c,2024-05-04,Elves Brener,Myktybek Orolbai,3.05,1.4,a,1.0,3.05,0.6721,1
8a121f9c48f3773c,2024-05-04,Myktybek Orolbai,Elves Brener,3.05,1.4,a,1.0,3.05,0.6721,1
a8718a3419a11e15,2024-05-04,Anthony Smith,Vitor Petrino,1.243902,4.2,b,1.0,4.2,0.7619,1
a8718a3419a11e15,2024-05-04,Vitor Petrino,Anthony Smith,1.243902,4.2,a,0.8889,1.2439,0.085,1
b3d88eaea611a4a8,2024-05-04,Jose Aldo,Jonathan Martinez,2.4,1.60241,b,0.7692,1.6024,0.1452,1
b3d88eaea611a4a8,2024-05-04,Jonathan Martinez,Jose Aldo,2.4,1.60241,a,0.7407,2.4,0.3241,1
c456b1950208e0b2,2024-05-04,Jack Shore,Joanderson Brito,1.458716,2.8,a,0.8571,1.4587,0.1716,1
c456b1950208e0b2,2024-05-04,Joanderson Brito,Jack Shore,1.458716,2.8,a,0.8182,1.4587,0.1326,1
c84a29f426f1aab7,2024-05-04,Karolina Kowalkiewicz,Iasmin Lucindo,1.28169,3.8,b,0.6667,3.8,0.4035,1
c84a29f426f1aab7,2024-05-04,Iasmin Lucindo,Karolina Kowalkiewicz,1.28169,3.8,a,0.7143,1.2817,-0.0659,0
13d8d5cd83e5b57e,2024-05-11,Tabatha Ricci,Tecia Pennington,2.28,1.657895,a,0.6667,2.28,0.2281,1
13d8d5cd83e5b57e,2024-05-11,Tecia Pennington,Tabatha Ricci,2.28,1.657895,b,0.6923,1.6579,0.0891,1
420a5e3b4010ebef,2024-05-11,Chase Hooper,Viacheslav Borshchev,1.833333,1.909091,a,0.625,1.8333,0.0795,1
420a5e3b4010ebef,2024-05-11,Viacheslav Borshchev,Chase Hooper,1.833333,1.909091,b,0.6471,1.9091,0.1232,1
4b45f190122a1ce1,2024-05-11,Charles Johnson,Jake Hadley,1.980392,1.847458,b,0.5,1.8475,-0.0413,0
4b45f190122a1ce1,2024-05-11,Jake Hadley,Charles Johnson,1.980392,1.847458,b,0.4667,1.8475,-0.0746,0
8aa07b6cc40f0cb2,2024-05-11,Alex Caceres,Sean Woodson,1.33557,3.2,b,0.8333,3.2,0.5208,1
8aa07b6cc40f0cb2,2024-05-11,Sean Woodson,Alex Caceres,1.33557,3.2,a,0.8462,1.3356,0.0974,1
8d9bcbb48888a5a3,2024-05-11,Terrance McKinney,Esteban Ribovics,1.666667,2.2,a,0.625,1.6667,0.025,0
8d9bcbb48888a5a3,2024-05-11,Esteban Ribovics,Terrance McKinney,1.666667,2.2,a,0.6,1.6667,0.0,0
ccf3b6eda4c2a564,2024-05-11,JJ Aldrich,Veronica Hardy,1.847458,1.980392,a,0.6429,1.8475,0.1016,1
ccf3b6eda4c2a564,2024-05-11,Veronica Hardy,JJ Aldrich,1.847458,1.980392,b,0.6207,1.9804,0.1157,1
e98eb6de29c62c9c,2024-05-11,Waldo Cortes-Acosta,Robelis Despaigne,1.434783,2.9,b,1.0,2.9,0.6552,1
e98eb6de29c62c9c,2024-05-11,Robelis Despaigne,Waldo Cortes-Acosta,1.434783,2.9,b,0.8182,2.9,0.4734,1
ec5d705232983b87,2024-05-11,Billy Ray Goff,Trey Waters,1.60241,2.3,a,1.0,1.6024,0.3759,1
ec5d705232983b87,2024-05-11,Trey Waters,Billy Ray Goff,1.60241,2.3,a,1.0,1.6024,0.3759,1
17aa636aa98678d3,2024-05-18,Edson Barboza,Lerone Murphy,1.60241,2.3,b,1.0,2.3,0.5652,1
17aa636aa98678d3,2024-05-18,Lerone Murphy,Edson Barboza,1.60241,2.3,a,1.0,1.6024,0.3759,1
20220ace492af368,2024-05-18,Themba Gorimbo,Ramiz Brahimaj,2.02,1.819672,a,0.6667,2.02,0.1716,1
20220ace492af368,2024-05-18,Ramiz Brahimaj,Themba Gorimbo,2.02,1.819672,b,0.7143,1.8197,0.1647,1
85ddb65429a9d517,2024-05-18,Khaos Williams,Carlston Harris,1.819672,2.02,b,0.8,2.02,0.305,1
85ddb65429a9d517,2024-05-18,Carlston Harris,Khaos Williams,1.819672,2.02,b,0.7333,2.02,0.2383,1
052f53e006b28132,2024-06-08,Jared Cannonier,Nassourdine Imavov,2.1,1.769231,b,0.7143,1.7692,0.1491,1
052f53e006b28132,2024-06-08,Nassourdine Imavov,Jared Cannonier,2.1,1.769231,a,0.7333,2.1,0.2571,1
2d12ae4683bbf433,2024-06-08,Dominick Reyes,Dustin Jacoby,2.9,1.4,a,0.6,2.9,0.2552,1
2d12ae4683bbf433,2024-06-08,Dustin Jacoby,Dominick Reyes,2.9,1.4,b,0.619,1.4,-0.0952,0
393f9bc7b51791a6,2024-06-08,Miguel Baeza,Punahele Soriano,2.6,1.520833,a,0.5,2.6,0.1154,1
393f9bc7b51791a6,2024-06-08,Punahele Soriano,Miguel Baeza,2.6,1.520833,a,0.4667,2.6,0.0821,1
3b12094dd48c2dc5,2024-06-08,Julian Marquez,Zachary Reese,2.14,1.689655,a,0.5,2.14,0.0327,1
3b12094dd48c2dc5,2024-06-08,Zachary Reese,Julian Marquez,2.14,1.689655,b,0.4615,1.6897,-0.1303,0
b34abcfe4c2e8a57,2024-06-08,Raul Rosas Jr.,Ricky Turcios,3.2,1.33557,a,0.6667,3.2,0.3542,1
b34abcfe4c2e8a57,2024-06-08,Ricky Turcios,Raul Rosas Jr.,3.2,1.33557,b,0.7143,1.3356,-0.0345,0
dcc0c53100fa1dd2,2024-06-08,Brunno Ferreira,Dustin Stoltzfus,1.350877,3.3,a,0.6667,1.3509,-0.0736,0
dcc0c53100fa1dd2,2024-06-08,Dustin Stoltzfus,Brunno Ferreira,1.350877,3.3,b,0.7143,3.3,0.4113,1
3b1438e9ec64990e,2024-06-15,Asu Almabayev,Jose Johnson,4.1,1.253165,a,1.0,4.1,0.7561,1
3b1438e9ec64990e,2024-06-15,Jose Johnson,Asu Almabayev,4.1,1.253165,b,1.0,1.2532,0.202,1
6bdb93f9b4581bf6,2024-06-15,Douglas Silva de Andrade,Miles Johns,2.4,1.555556,b,0.7143,1.5556,0.0714,1
6bdb93f9b4581bf6,2024-06-15,Miles Johns,Douglas Silva de Andrade,2.4,1.555556,a,0.7333,2.4,0.3167,1
6f31285305881fe3,2024-06-15,Jimmy Flick,Nate Maness,5.5,1.138889,b,0.6667,1.1389,-0.2114,0
6f31285305881fe3,2024-06-15,Nate Maness,Jimmy Flick,5.5,1.138889,a,0.6923,5.5,0.5105,1
78a7bf038e56881d,2024-06-15,Timmy Cuamba,Lucas Almeida,1.505051,2.64,b,0.3333,2.64,-0.0455,0
78a7bf038e56881d,2024-06-15,Lucas Almeida,Timmy Cuamba,1.505051,2.64,a,0.4286,1.5051,-0.2359,0
7f14be4e45bca6bd,2024-06-15,Alex Perez,Tatsuro Taira,1.384615,2.95,b,1.0,2.95,0.661,1
7f14be4e45bca6bd,2024-06-15,Tatsuro Taira,Alex Perez,1.384615,2.95,a,1.0,1.3846,0.2778,1
94f5b35b2b6c72b1,2024-06-15,Melquizael Costa,Shayilan Nuerdanbieke,2.8,1.420168,b,0.6,1.4202,-0.1041,0
94f5b35b2b6c72b1,2024-06-15,Shayilan Nuerdanbieke,Melquizael Costa,2.8,1.420168,a,0.5455,2.8,0.1883,1
ab7bc93bdf4132c4,2024-06-15,Josh Quinlan,Adam Fugitt,1.689655,2.14,a,0.3333,1.6897,-0.2585,0
ab7bc93bdf4132c4,2024-06-15,Adam Fugitt,Josh Quinlan,1.689655,2.14,a,0.4286,1.6897,-0.1633,0
e47523ac32bfa24c,2024-06-15,Jeka Saragih,Westin Wilson,1.277778,3.6,a,0.5,1.2778,-0.2826,0
e47523ac32bfa24c,2024-06-15,Westin Wilson,Jeka Saragih,1.277778,3.6,b,0.4,3.6,0.1222,1
fea3a0643218e16b,2024-06-15,Brady Hiestand,Garrett Armfield,1.350877,3.3,a,0.6667,1.3509,-0.0736,0
fea3a0643218e16b,2024-06-15,Garrett Armfield,Brady Hiestand,1.350877,3.3,b,0.7143,3.3,0.4113,1
774fb0c0c1c2bc6a,2024-06-22,Nasrat Haqparast,Jared Gordon,3.05,1.4,a,0.6667,3.05,0.3388,1
774fb0c0c1c2bc6a,2024-06-22,Jared Gordon,Nasrat Haqparast,3.05,1.4,b,0.68,1.4,-0.0343,0
8db5cf5df713a7e9,2024-06-22,Kyung Ho Kang,Muin Gafurov,1.512821,2.5,a,0.6667,1.5128,0.0056,0
8db5cf5df713a7e9,2024-06-22,Muin Gafurov,Kyung Ho Kang,1.512821,2.5,b,0.64,2.5,0.24,1
8ddd53a7ed3754d5,2024-06-22,Kelvin Gastelum,Daniel Rodriguez,2.7,1.454545,b,0.7,1.4545,0.0125,0
8ddd53a7ed3754d5,2024-06-22,Daniel Rodriguez,Kelvin Gastelum,2.7,1.454545,a,0.6667,2.7,0.2963,1
9d5f562e0572058c,2024-06-22,Johnny Walker,Volkan Oezdemir,2.1,1.769231,a,0.5833,2.1,0.1071,1
9d5f562e0572058c,2024-06-22,Volkan Oezdemir,Johnny Walker,2.1,1.769231,b,0.56,1.7692,-0.0052,0
cd3bb8a2824fbf22,2024-06-22,Sergei Pavlovich,Alexander Volkov,2.8,1.420168,a,0.75,2.8,0.3929,1
cd3bb8a2824fbf22,2024-06-22,Alexander Volkov,Sergei Pavlovich,2.8,1.420168,a,0.7419,2.8,0.3848,1
de1acb6803ab3f14,2024-06-22,Rinat Fakhretdinov,Nicolas Dalby,1.253165,4.1,a,1.0,1.2532,0.202,1
de1acb6803ab3f14,2024-06-22,Nicolas Dalby,Rinat Fakhretdinov,1.253165,4.1,b,1.0,4.1,0.7561,1
eba46dbf9cdd83c0,2024-06-22,Robert Whittaker,Ikram Aliskerov,2.0,1.769231,b,1.0,1.7692,0.4348,1
eba46dbf9cdd83c0,2024-06-22,Ikram Aliskerov,Robert Whittaker,2.0,1.769231,a,0.8,2.0,0.3,1
08489fdfb56ee19c,2024-06-29,Cub Swanson,Andre Fili,1.420168,2.8,a,0.6087,1.4202,-0.0954,0
08489fdfb56ee19c,2024-06-29,Andre Fili,Cub Swanson,1.420168,2.8,b,0.5957,2.8,0.2386,1
2b7883b304b3df1c,2024-06-29,Charles Jourdain,Jean Silva,2.14,1.740741,b,1.0,1.7407,0.4255,1
2b7883b304b3df1c,2024-06-29,Jean Silva,Charles Jourdain,2.14,1.740741,a,1.0,2.14,0.5327,1
5f8a92f10e5451ce,2024-06-29,Payton Talbott,Yanis Ghemmouri,1.057143,9.5,a,1.0,1.0571,0.0541,1
5f8a92f10e5451ce,2024-06-29,Yanis Ghemmouri,Payton Talbott,1.057143,9.5,b,1.0,9.5,0.8947,1
a571c622ab89b3d9,2024-06-29,Mayra Bueno Silva,Macy Chiasson,1.8,1.952381,b,0.7,1.9524,0.1878,1
a571c622ab89b3d9,2024-06-29,Macy Chiasson,Mayra Bueno Silva,1.8,1.952381,a,0.7143,1.8,0.1587,1
bca5d01f8775f852,2024-06-29,Alex Pereira,Jiri Prochazka,2.14,1.689655,a,0.875,2.14,0.4077,1
bca5d01f8775f852,2024-06-29,Jiri Prochazka,Alex Pereira,2.14,1.689655,b,0.8824,1.6897,0.2905,1
bf878c083a6b30ad,2024-06-29,Anthony Smith,Roman Dolidze,1.689655,2.14,b,0.6667,2.14,0.1994,1
bf878c083a6b30ad,2024-06-29,Roman Dolidze,Anthony Smith,1.689655,2.14,a,0.6842,1.6897,0.0924,1
daa6b47be304ec86,2024-06-29,Joe Pyfer,Marc-Andre Barriault,3.5,1.289855,a,0.75,3.5,0.4643,1
daa6b47be304ec86,2024-06-29,Marc-Andre Barriault,Joe Pyfer,3.5,1.289855,b,0.7778,1.2899,0.0025,0
fbf77262d8da342b,2024-06-29,Ian Machado Garry,Michael Page,1.5,2.54,a,1.0,1.5,0.3333,1
fbf77262d8da342b,2024-06-29,Michael Page,Ian Machado Garry,1.5,2.54,b,1.0,2.54,0.6063,1
fc8ad0c7fc70dde7,2024-06-29,Dan Ige,Diego Lopes,3.4,1.33557,b,0.75,1.3356,0.0013,0
fc8ad0c7fc70dde7,2024-06-29,Diego Lopes,Dan Ige,3.4,1.33557,a,0.7778,3.4,0.4837,1
1394ce1832ddefe0,2024-07-13,Rose Namajunas,Tracy Cortez,1.37037,3.0,b,1.0,3.0,0.6667,1
1394ce1832ddefe0,2024-07-13,Tracy Cortez,Rose Namajunas,1.37037,3.0,a,0.9091,1.3704,0.1794,1
54de03e04f571735,2024-07-13,Drew Dober,Jean Silva,1.909091,1.909091,b,1.0,1.9091,0.4762,1
54de03e04f571735,2024-07-13,Jean Silva,Drew Dober,1.909091,1.909091,a,1.0,1.9091,0.4762,1
5eebde8fb4d67259,2024-07-13,Montel Jackson,Da'Mon Blackshear,1.869565,1.952381,a,0.7778,1.8696,0.2429,1
5eebde8fb4d67259,2024-07-13,Da'Mon Blackshear,Montel Jackson,1.869565,1.952381,b,0.7895,1.9524,0.2773,1
80108a70c4afa6c2,2024-07-13,Joshua Van,Charles Johnson,1.37037,3.2,a,1.0,1.3704,0.2703,1
80108a70c4afa6c2,2024-07-13,Charles Johnson,Joshua Van,1.37037,3.2,b,0.8571,3.2,0.5446,1
a63bb85cc39389c7,2024-07-13,Julian Erosa,Christian Rodriguez,1.37037,3.2,b,0.8,3.2,0.4875,1
a63bb85cc39389c7,2024-07-13,Christian Rodriguez,Julian Erosa,1.37037,3.2,a,0.7273,1.3704,-0.0025,0
dad759ec50508147,2024-07-13,Gabriel Bonfim,Ange Loosa,1.243902,4.2,a,0.6667,1.2439,-0.1373,0
dad759ec50508147,2024-07-13,Ange Loosa,Gabriel Bonfim,1.243902,4.2,b,0.7143,4.2,0.4762,1
dff8e4ef87d69516,2024-07-13,Santiago Ponzinibbio,Muslim Salikhov,2.45,1.531915,a,0.6471,2.45,0.2389,1
dff8e4ef87d69516,2024-07-13,Muslim Salikhov,Santiago Ponzinibbio,2.45,1.531915,b,0.6286,1.5319,-0.0242,0
e06bfd0100eccbad,2024-07-13,Luana Santos,Mariya Agapova,1.235294,4.0,a,1.0,1.2353,0.1905,1
e06bfd0100eccbad,2024-07-13,Mariya Agapova,Luana Santos,1.235294,4.0,b,1.0,4.0,0.75,1
120ec60ad18cf6c5,2024-07-20,Steve Garcia,SeungWoo Choi,1.571429,2.45,a,0.6667,1.5714,0.0303,1
120ec60ad18cf6c5,2024-07-20,SeungWoo Choi,Steve Garcia,1.571429,2.45,b,0.6923,2.45,0.2841,1
4a00db8aeff200a2,2024-07-20,Amanda Lemos,Virna Jandiroba,1.909091,1.833333,a,0.7273,1.9091,0.2035,1
4a00db8aeff200a2,2024-07-20,Virna Jandiroba,Amanda Lemos,1.909091,1.833333,b,0.6957,1.8333,0.1502,1
6e6567a98ea78891,2024-07-20,JeongYeong Lee,Hyder Amil,2.8,1.458716,a,1.0,2.8,0.6429,1
6e6567a98ea78891,2024-07-20,Hyder Amil,JeongYeong Lee,2.8,1.458716,a,1.0,2.8,0.6429,1
94541dd979e0b4bd,2024-07-20,Cody Durden,Bruno Silva,1.625,2.24,a,0.625,1.625,0.0096,0
94541dd979e0b4bd,2024-07-20,Bruno Silva,Cody Durden,1.625,2.24,b,0.5882,2.24,0.1418,1
9eaa33f874bbb999,2024-07-20,Kurt Holobaugh,Kaynan Kruschewsky,2.24,1.625,a,0.1667,2.24,-0.2798,0
9eaa33f874bbb999,2024-07-20,Kaynan Kruschewsky,Kurt Holobaugh,2.24,1.625,b,0.2308,1.625,-0.3846,0
ec8bc554a0646638,2024-07-20,Dooho Choi,Bill Algeo,1.434783,2.9,b,0.5556,2.9,0.2107,1
ec8bc554a0646638,2024-07-20,Bill Algeo,Dooho Choi,1.434783,2.9,b,0.5385,2.9,0.1936,1
45e6a9b56ee3a9d1,2024-07-27,Nathaniel Wood,Daniel Pineda,1.210526,4.25,a,0.7,1.2105,-0.1261,0
45e6a9b56ee3a9d1,2024-07-27,Daniel Pineda,Nathaniel Wood,1.210526,4.25,b,0.7143,4.25,0.479,1
678eda89a096dde8,2024-07-27,Molly McCann,Bruna Brasil,1.289855,3.5,a,0.5833,1.2899,-0.1919,0
678eda89a096dde8,2024-07-27,Bruna Brasil,Molly McCann,1.289855,3.5,b,0.56,3.5,0.2743,1
8a2e28da18ba6a25,2024-07-27,Arnold Allen,Giga Chikadze,1.37037,3.2,b,0.8889,3.2,0.5764,1
8a2e28da18ba6a25,2024-07-27,Giga Chikadze,Arnold Allen,1.37037,3.2,a,0.8421,1.3704,0.1124,1
9d8c32c60df0e287,2024-07-27,Jake Hadley,Caolan Loughran,1.420168,2.95,b,0.5,2.95,0.161,1
9d8c32c60df0e287,2024-07-27,Caolan Loughran,Jake Hadley,1.420168,2.95,b,0.4545,2.95,0.1156,1
d6e240c47ba6034d,2024-07-27,Muhammad Mokaev,Manel Kape,2.7,1.454545,a,1.0,2.7,0.6296,1
d6e240c47ba6034d,2024-07-27,Manel Kape,Muhammad Mokaev,2.7,1.454545,b,1.0,1.4545,0.3125,1
ec434314c5438fc7,2024-07-27,Tom Aspinall,Curtis Blaydes,1.235294,4.0,a,0.875,1.2353,0.0655,1
ec434314c5438fc7,2024-07-27,Curtis Blaydes,Tom Aspinall,1.235294,4.0,b,0.8824,4.0,0.6324,1
ec5163539a133f17,2024-07-27,Leon Edwards,Belal Muhammad,3.0,1.37037,a,0.875,3.0,0.5417,1
ec5163539a133f17,2024-07-27,Belal Muhammad,Leon Edwards,3.0,1.37037,b,0.8485,1.3704,0.1188,1
f02fed4e98048471,2024-07-27,Christian Leroy Duncan,Gregory Rodrigues,1.833333,2.0,a,0.75,1.8333,0.2045,1
f02fed4e98048471,2024-07-27,Gregory Rodrigues,Christian Leroy Duncan,1.833333,2.0,a,0.7647,1.8333,0.2193,1
1cd63899011c4bf6,2024-08-03,Mohammad Yahya,Kaue Fernandes,3.5,1.289855,a,0.5,3.5,0.2143,1
1cd63899011c4bf6,2024-08-03,Kaue Fernandes,Mohammad Yahya,3.5,1.289855,a,0.3333,3.5,0.0476,1
2d39c26876246223,2024-08-03,Tony Ferguson,Michael Chiesa,4.6,1.185185,a,0.6522,4.6,0.4348,1
2d39c26876246223,2024-08-03,Michael Chiesa,Tony Ferguson,4.6,1.185185,b,0.6383,1.1852,-0.2055,0
33655fd07cfbe034,2024-08-03,Cory Sandhagen,Umar Nurmagomedov,1.253165,3.8,b,1.0,3.8,0.7368,1
33655fd07cfbe034,2024-08-03,Umar Nurmagomedov,Cory Sandhagen,1.253165,3.8,a,1.0,1.2532,0.202,1
637f792270a0c746,2024-08-03,Shamil Gaziev,Don'Tale Mayes,8.5,1.068966,a,0.5,8.5,0.3824,1
637f792270a0c746,2024-08-03,Don'Tale Mayes,Shamil Gaziev,8.5,1.068966,b,0.6,1.069,-0.3355,0
b38450d9aa0f52b8,2024-08-03,Shara Magomedov,Michal Oleksiejczuk,1.289855,3.5,a,1.0,1.2899,0.2247,1
b38450d9aa0f52b8,2024-08-03,Michal Oleksiejczuk,Shara Magomedov,1.289855,3.5,b,1.0,3.5,0.7143,1
bb85e207eba236bc,2024-08-03,Marlon Vera,Deiveson Figueiredo,2.24,1.675676,b,0.8,1.6757,0.2032,1
bb85e207eba236bc,2024-08-03,Deiveson Figueiredo,Marlon Vera,2.24,1.675676,a,0.8065,2.24,0.36,1
d038ff5ac21094f3,2024-08-03,Jai Herbert,Rolando Bedoya,1.909091,1.833333,a,0.3333,1.9091,-0.1905,0
d038ff5ac21094f3,2024-08-03,Rolando Bedoya,Jai Herbert,1.909091,1.833333,b,0.3846,1.8333,-0.1608,0
d0d74672150ddea3,2024-08-03,Mackenzie Dern,Loopy Godinez,1.714286,2.1,b,0.6364,2.1,0.1602,1
d0d74672150ddea3,2024-08-03,Loopy Godinez,Mackenzie Dern,1.714286,2.1,b,0.6296,2.1,0.1534,1
de767dd5216bcad9,2024-08-03,Joel Alvarez,Elves Brener,2.3,1.60241,b,0.75,1.6024,0.1259,1
de767dd5216bcad9,2024-08-03,Elves Brener,Joel Alvarez,2.3,1.60241,b,0.7333,1.6024,0.1093,1
e6851877e33d343f,2024-08-03,Sedriques Dumas,Denis Tiuliulin,2.95,1.420168,a,0.5,2.95,0.161,1
e6851877e33d343f,2024-08-03,Denis Tiuliulin,Sedriques Dumas,2.95,1.420168,b,0.5556,1.4202,-0.1486,0
f80143e1f3c3d319,2024-08-03,Viktoriia Dudakova,Sam Hughes,1.434783,2.75,a,1.0,1.4348,0.303,1
f80143e1f3c3d319,2024-08-03,Sam Hughes,Viktoriia Dudakova,1.434783,2.75,b,0.8,2.75,0.4364,1
fbbb703581440496,2024-08-03,Azamat Murzakanov,Alonzo Menifield,3.4,1.33557,a,1.0,3.4,0.7059,1
fbbb703581440496,2024-08-03,Alonzo Menifield,Azamat Murzakanov,3.4,1.33557,b,1.0,1.3356,0.2513,1
84973bbdffaf0d0e,2024-08-10,Marcin Tybura,Serghei Spivac,2.24,1.625,b,0.6364,1.625,0.021,0
84973bbdffaf0d0e,2024-08-10,Serghei Spivac,Marcin Tybura,2.24,1.625,a,0.6522,2.24,0.2057,1
e72a2130e7387637,2024-08-10,Damon Jackson,Chepe Mariscal,2.52,1.555556,b,1.0,1.5556,0.3571,1
e72a2130e7387637,2024-08-10,Chepe Mariscal,Damon Jackson,2.52,1.555556,a,1.0,2.52,0.6032,1
059f5cf0e9e37627,2024-08-17,Mateusz Gamrot,Dan Hooker,4.1,1.224719,a,0.7778,4.1,0.5339,1
059f5cf0e9e37627,2024-08-17,Dan Hooker,Mateusz Gamrot,4.1,1.224719,b,0.7368,1.2247,-0.0797,0
3c319d4659e6c8fd,2024-08-17,Li Jingliang,Carlos Prates,1.243902,4.2,b,1.0,4.2,0.7619,1
3c319d4659e6c8fd,2024-08-17,Carlos Prates,Li Jingliang,1.243902,4.2,a,1.0,1.2439,0.1961,1
43ebfc8914a39061,2024-08-17,Josh Culibao,Ricardo Ramos,2.05,1.740741,b,0.5833,1.7407,0.0089,0
43ebfc8914a39061,2024-08-17,Ricardo Ramos,Josh Culibao,2.05,1.740741,a,0.6,2.05,0.1122,1
6c44af21414e4143,2024-08-17,Dricus Du Plessis,Israel Adesanya,1.833333,2.0,a,1.0,1.8333,0.4545,1
6c44af21414e4143,2024-08-17,Israel Adesanya,Dricus Du Plessis,1.833333,2.0,b,1.0,2.0,0.5,1
b9d5c77ae7a8109b,2024-08-17,Casey O'Neill,Luana Santos,2.24,1.625,b,1.0,1.625,0.3846,1
b9d5c77ae7a8109b,2024-08-17,Luana Santos,Casey O'Neill,2.24,1.625,a,0.8571,2.24,0.4107,1
bf8c5effd23f69c4,2024-08-17,Kai Kara-France,Steve Erceg,1.33557,3.2,b,0.75,3.2,0.4375,1
bf8c5effd23f69c4,2024-08-17,Steve Erceg,Kai Kara-France,1.33557,3.2,a,0.6667,1.3356,-0.0821,0
bfff6cf22c1c569c,2024-08-17,Jack Jenkins,Herbert Burns,7.0,1.095238,a,0.6667,7.0,0.5238,1
bfff6cf22c1c569c,2024-08-17,Herbert Burns,Jack Jenkins,7.0,1.095238,b,0.7143,1.0952,-0.1988,0
dd3d8f7066c145b7,2024-08-17,Tai Tuivasa,Jairzinho Rozenstruik,1.384615,2.95,b,0.6154,2.95,0.2764,1
dd3d8f7066c145b7,2024-08-17,Jairzinho Rozenstruik,Tai Tuivasa,1.384615,2.95,a,0.6296,1.3846,-0.0926,0
ea4ff1d77928b029,2024-08-17,Junior Tafa,Valter Walker,2.14,1.689655,a,0.3333,2.14,-0.134,0
ea4ff1d77928b029,2024-08-17,Valter Walker,Junior Tafa,2.14,1.689655,a,0.3333,2.14,-0.134,0
15805ae1eea3343e,2024-08-24,Jared Cannonier,Caio Borralho,3.6,1.307692,b,1.0,1.3077,0.2353,1
15805ae1eea3343e,2024-08-24,Caio Borralho,Jared Cannonier,3.6,1.307692,a,1.0,3.6,0.7222,1
2cbd53e43d3f606b,2024-08-24,Edmen Shahbazyan,Gerald Meerschaert,1.307692,3.6,a,0.6,1.3077,-0.1647,0
2cbd53e43d3f606b,2024-08-24,Gerald Meerschaert,Edmen Shahbazyan,1.307692,3.6,b,0.5714,3.6,0.2937,1
560f1e26c2a6690a,2024-08-24,Dennis Buzukja,Francis Marshall,1.458716,2.8,a,0.3333,1.4587,-0.3522,0
560f1e26c2a6690a,2024-08-24,Francis Marshall,Dennis Buzukja,1.458716,2.8,a,0.4286,1.4587,-0.257,0
70afe9e0d2422252,2024-08-24,Angela Hill,Tabatha Ricci,1.520833,2.6,b,0.7143,2.6,0.3297,1
70afe9e0d2422252,2024-08-24,Tabatha Ricci,Angela Hill,1.520833,2.6,a,0.7333,1.5208,0.0758,1
903d588b30a471e8,2024-08-24,Jacqueline Cavalcanti,Josiane Nunes,3.35,1.344828,a,1.0,3.35,0.7015,1
903d588b30a471e8,2024-08-24,Josiane Nunes,Jacqueline Cavalcanti,3.35,1.344828,b,1.0,1.3448,0.2564,1
ae50a1a655b1a8f6,2024-08-24,Neil Magny,Michael Morales,7.0,1.111111,b,1.0,1.1111,0.1,1
ae50a1a655b1a8f6,2024-08-24,Michael Morales,Neil Magny,7.0,1.111111,a,1.0,7.0,0.8571,1
ba8eda6993922ba0,2024-08-24,Viacheslav Borshchev,James Llontop,1.387597,3.1,a,0.4,1.3876,-0.3207,0
ba8eda6993922ba0,2024-08-24,James Llontop,Viacheslav Borshchev,1.387597,3.1,b,0.4545,3.1,0.132,1
69bde5bae0d6ec4f,2024-09-07,Felipe dos Santos,Andre Lima,2.4,1.60241,b,1.0,1.6024,0.3759,1
69bde5bae0d6ec4f,2024-09-07,Andre Lima,Felipe dos Santos,2.4,1.60241,a,1.0,2.4,0.5833,1
6e9876d2be2bbd02,2024-09-07,Yizha,Gabriel Santos,3.2,1.37037,a,0.5,3.2,0.1875,1
6e9876d2be2bbd02,2024-09-07,Gabriel Santos,Yizha,3.2,1.37037,a,0.2,3.2,-0.1125,0
75fa9c0bb31caaa3,2024-09-07,Trevor Peek,Yanal Ashmouz,2.05,1.8,a,0.5,2.05,0.0122,0
75fa9c0bb31caaa3,2024-09-07,Yanal Ashmouz,Trevor Peek,2.05,1.8,a,0.6,2.05,0.1122,1
abfd5ac6cf186d8a,2024-09-07,Isaac Dulgarian,Brendon Marotte,1.047619,12.0,a,0.5,1.0476,-0.4545,0
abfd5ac6cf186d8a,2024-09-07,Brendon Marotte,Isaac Dulgarian,1.047619,12.0,b,0.6,12.0,0.5167,1
b80c6eba11c54778,2024-09-07,Rongzhu,Chris Padilla,3.1,1.387597,b,1.0,1.3876,0.2793,1
b80c6eba11c54778,2024-09-07,Chris Padilla,Rongzhu,3.1,1.387597,a,1.0,3.1,0.6774,1
f1613b372748c8bb,2024-09-07,Jaqueline Amorim,Vanessa Demopoulos,3.1,1.387597,b,0.7143,1.3876,-0.0064,0
f1613b372748c8bb,2024-09-07,Vanessa Demopoulos,Jaqueline Amorim,3.1,1.387597,b,0.7143,1.3876,-0.0064,0
f734b497add754af,2024-09-07,Andre Petroski,Dylan Budka,1.33557,3.4,a,0.75,1.3356,0.0013,0
f734b497add754af,2024-09-07,Dylan Budka,Andre Petroski,1.33557,3.4,b,0.7647,3.4,0.4706,1
fe59646ebad8b6e4,2024-09-07,Matt Schnell,Cody Durden,3.25,1.359712,b,0.5556,1.3597,-0.1799,0
fe59646ebad8b6e4,2024-09-07,Cody Durden,Matt Schnell,3.25,1.359712,a,0.5789,3.25,0.2713,1
2335e75ce63805b6,2024-09-14,Brian Ortega,Diego Lopes,2.7,1.487805,b,0.8,1.4878,0.1279,1
2335e75ce63805b6,2024-09-14,Diego Lopes,Brian Ortega,2.7,1.487805,a,0.8182,2.7,0.4478,1
2397e2a92710705a,2024-09-14,Irene Aldana,Norma Dumont,2.1,1.769231,b,0.7778,1.7692,0.2126,1
2397e2a92710705a,2024-09-14,Norma Dumont,Irene Aldana,2.1,1.769231,a,0.7895,2.1,0.3133,1
27d98a8ee6608e27,2024-09-14,Daniel Zellhuber,Esteban Ribovics,2.64,1.505051,a,0.75,2.64,0.3712,1
27d98a8ee6608e27,2024-09-14,Esteban Ribovics,Daniel Zellhuber,2.64,1.505051,a,0.7143,2.64,0.3355,1
3146e5a47a922976,2024-09-14,Sean O'Malley,Merab Dvalishvili,2.0,1.833333,a,0.9091,2.0,0.4091,1
3146e5a47a922976,2024-09-14,Merab Dvalishvili,Sean O'Malley,2.0,1.833333,b,0.8696,1.8333,0.3241,1
3733d100f7bd5590,2024-09-14,Manuel Torres,Ignacio Bahamondes,1.769231,2.1,a,1.0,1.7692,0.4348,1
3733d100f7bd5590,2024-09-14,Ignacio Bahamondes,Manuel Torres,1.769231,2.1,b,0.8571,2.1,0.381,1
6f83cfae0c800ef8,2024-09-14,Alexa Grasso,Valentina Shevchenko,2.1,1.769231,b,0.8,1.7692,0.2348,1
6f83cfae0c800ef8,2024-09-14,Valentina Shevchenko,Alexa Grasso,2.1,1.769231,a,0.8065,2.1,0.3303,1
78b506e5092a27fd,2024-09-14,Ronaldo Rodriguez,Ode Osbourne,2.7,1.487805,a,1.0,2.7,0.6296,1
78b506e5092a27fd,2024-09-14,Ode Osbourne,Ronaldo Rodriguez,2.7,1.487805,b,1.0,1.4878,0.3279,1
c60a317c7767abb7,2024-09-14,Yazmin Jauregui,Ketlen Souza,1.186916,5.0,a,0.75,1.1869,-0.0925,0
c60a317c7767abb7,2024-09-14,Ketlen Souza,Yazmin Jauregui,1.186916,5.0,b,0.6667,5.0,0.4667,1
dae8ad2e03aa4a9a,2024-09-14,Edgar Chairez,Joshua Van,1.359712,3.25,b,0.75,3.25,0.4423,1
dae8ad2e03aa4a9a,2024-09-14,Joshua Van,Edgar Chairez,1.359712,3.25,a,0.7778,1.3597,0.0423,1
19706d8ba0edf9cd,2024-09-28,William Gomis,Joanderson Brito,1.327869,3.45,a,1.0,1.3279,0.2469,1
19706d8ba0edf9cd,2024-09-28,Joanderson Brito,William Gomis,1.327869,3.45,b,1.0,3.45,0.7101,1
3599e9de4ae0e171,2024-09-28,Oumar Sy,Da Woon Jung,1.16,5.55,a,1.0,1.16,0.1379,1
3599e9de4ae0e171,2024-09-28,Da Woon Jung,Oumar Sy,1.16,5.55,b,1.0,5.55,0.8198,1
45f00a42a17f8e2a,2024-09-28,Kevin Jousset,Bryan Battle,2.6,1.520833,a,1.0,2.6,0.6154,1
45f00a42a17f8e2a,2024-09-28,Bryan Battle,Kevin Jousset,2.6,1.520833,a,0.8462,2.6,0.4615,1
47d978a984a163aa,2024-09-28,Daniel Barez,Victor Altamirano,1.8,2.05,b,0.4,2.05,-0.0878,0
47d978a984a163aa,2024-09-28,Victor Altamirano,Daniel Barez,1.8,2.05,a,0.3636,1.8,-0.1919,0
62ff1e5deb124ff5,2024-09-28,Nassourdine Imavov,Brendan Allen,2.85,1.444444,b,0.8571,1.4444,0.1648,1
62ff1e5deb124ff5,2024-09-28,Brendan Allen,Nassourdine Imavov,2.85,1.444444,a,0.8276,2.85,0.4767,1
7ba432e218edc17d,2024-09-28,Ailin Perez,Daria Zhelezniakova,1.408163,3.0,b,1.0,3.0,0.6667,1
7ba432e218edc17d,2024-09-28,Daria Zhelezniakova,Ailin Perez,1.408163,3.0,b,0.7778,3.0,0.4444,1
7ca4c91bab696b89,2024-09-28,Renato Moicano,Benoit Saint Denis,3.1,1.387597,b,0.7143,1.3876,-0.0064,0
7ca4c91bab696b89,2024-09-28,Benoit Saint Denis,Renato Moicano,3.1,1.387597,b,0.697,1.3876,-0.0237,0
a187670c5ee1ec5f,2024-09-28,Nora Cornolle,Jacqueline Cavalcanti,1.487805,2.7,a,1.0,1.4878,0.3279,1
a187670c5ee1ec5f,2024-09-28,Jacqueline Cavalcanti,Nora Cornolle,1.487805,2.7,a,1.0,1.4878,0.3279,1
d063d46208c560b1,2024-09-28,Taylor Lapilus,Vince Morales,3.85,1.277778,a,0.7143,3.85,0.4545,1
d063d46208c560b1,2024-09-28,Vince Morales,Taylor Lapilus,3.85,1.277778,b,0.7333,1.2778,-0.0493,0
d806aacf5b6ba7f6,2024-09-28,Fares Ziam,Matt Frevola,1.8,2.05,a,0.7143,1.8,0.1587,1
d806aacf5b6ba7f6,2024-09-28,Matt Frevola,Fares Ziam,1.8,2.05,b,0.7333,2.05,0.2455,1
e01019fbfe0e9528,2024-09-28,Ludovit Klein,Roosevelt Roberts,7.25,1.105263,a,0.75,7.25,0.6121,1
e01019fbfe0e9528,2024-09-28,Roosevelt Roberts,Ludovit Klein,7.25,1.105263,b,0.7647,1.1053,-0.1401,0
eedc7fccf7037949,2024-09-28,Bolaji Oki,Chris Duncan,1.645161,2.3,a,1.0,1.6452,0.3922,1
eedc7fccf7037949,2024-09-28,Chris Duncan,Bolaji Oki,1.645161,2.3,a,0.7143,1.6452,0.1064,1
f114929ed709606e,2024-09-28,Morgan Charriere,Gabriel Miranda,1.192308,4.9,a,0.5,1.1923,-0.3387,0
f114929ed709606e,2024-09-28,Gabriel Miranda,Morgan Charriere,1.192308,4.9,b,0.6,4.9,0.3959,1
1d68bb733de24b06,2024-10-05,Raquel Pennington,Julianna Pena,2.3,1.645161,a,0.7222,2.3,0.2874,1
1d68bb733de24b06,2024-10-05,Julianna Pena,Raquel Pennington,2.3,1.645161,a,0.7143,2.3,0.2795,1
3d7d82fff71e395a,2024-10-05,Jose Aldo,Mario Bautista,1.819672,2.02,b,0.8,2.02,0.305,1
3d7d82fff71e395a,2024-10-05,Mario Bautista,Jose Aldo,1.819672,2.02,a,0.8095,1.8197,0.26,1
5931cd9cf5da5f75,2024-10-05,Roman Dolidze,Kevin Holland,2.24,1.675676,a,0.7,2.24,0.2536,1
5931cd9cf5da5f75,2024-10-05,Kevin Holland,Roman Dolidze,2.24,1.675676,b,0.7143,1.6757,0.1175,1
69bca5091b2a31f6,2024-10-05,Stephen Thompson,Joaquin Buckley,2.85,1.444444,b,0.6923,1.4444,-0.0,0
69bca5091b2a31f6,2024-10-05,Joaquin Buckley,Stephen Thompson,2.85,1.444444,a,0.7037,2.85,0.3528,1
8c5e06c71f392f33,2024-10-05,Alex Pereira,Khalil Rountree Jr.,4.3,1.235294,a,0.8889,4.3,0.6563,1
8c5e06c71f392f33,2024-10-05,Khalil Rountree Jr.,Alex Pereira,4.3,1.235294,b,0.8947,1.2353,0.0852,1
9ea124a13d071186,2024-10-05,Ketlen Vieira,Kayla Harrison,1.090909,8.0,b,1.0,8.0,0.875,1
9ea124a13d071186,2024-10-05,Kayla Harrison,Ketlen Vieira,1.090909,8.0,a,1.0,1.0909,0.0833,1
e8aad69aace1d31f,2024-10-05,Austin Hubbard,Alexander Hernandez,1.925926,1.892857,b,0.4615,1.8929,-0.0668,0
e8aad69aace1d31f,2024-10-05,Alexander Hernandez,Austin Hubbard,1.925926,1.892857,a,0.4815,1.9259,-0.0377,0
eb73b63bbd7b88a7,2024-10-05,Marina Rodriguez,Iasmin Lucindo,1.540541,2.54,b,0.75,2.54,0.3563,1
eb73b63bbd7b88a7,2024-10-05,Iasmin Lucindo,Marina Rodriguez,1.540541,2.54,a,0.7778,1.5405,0.1287,1
ed5b6681ab4e83e5,2024-10-05,Cesar Almeida,Ihor Potieria,4.8,1.2,a,0.5,4.8,0.2917,1
ed5b6681ab4e83e5,2024-10-05,Ihor Potieria,Cesar Almeida,4.8,1.2,b,0.6,1.2,-0.2333,0
48dd2c9cb39bd2d4,2024-10-12,Julia Polastri,Cory McKenna,1.892857,1.925926,b,0.6,1.9259,0.0808,1
48dd2c9cb39bd2d4,2024-10-12,Cory McKenna,Julia Polastri,1.892857,1.925926,a,0.5455,1.8929,0.0172,0
57415110bd494c79,2024-10-12,Themba Gorimbo,Niko Price,1.344828,3.35,a,0.75,1.3448,0.0064,0
57415110bd494c79,2024-10-12,Niko Price,Themba Gorimbo,1.344828,3.35,b,0.7778,3.35,0.4793,1
69a5895fde58432c,2024-10-12,Jonathan Pearce,Pat Sabatini,1.555556,2.5,b,0.7143,2.5,0.3143,1
69a5895fde58432c,2024-10-12,Pat Sabatini,Jonathan Pearce,1.555556,2.5,a,0.7333,1.5556,0.0905,1
98c29ba02cee5ba3,2024-10-12,Grant Dawson,Rafa Garcia,1.263158,4.0,a,0.9,1.2632,0.1083,1
98c29ba02cee5ba3,2024-10-12,Rafa Garcia,Grant Dawson,1.263158,4.0,b,0.9048,4.0,0.6548,1
f690949d90ff1dee,2024-10-12,Daniel Rodriguez,Alex Morono,1.408163,3.0,b,0.65,3.0,0.3167,1
f690949d90ff1dee,2024-10-12,Alex Morono,Daniel Rodriguez,1.408163,3.0,b,0.6522,3.0,0.3188,1
0599f35e6679de02,2024-10-19,Darren Elkins,Daniel Pineda,2.42,1.588235,a,0.6429,2.42,0.2296,1
0599f35e6679de02,2024-10-19,Daniel Pineda,Darren Elkins,2.42,1.588235,b,0.6491,1.5882,0.0195,0
308f6cb830019ea9,2024-10-19,Brad Katona,Jean Matsumoto,2.7,1.487805,b,1.0,1.4878,0.3279,1
308f6cb830019ea9,2024-10-19,Jean Matsumoto,Brad Katona,2.7,1.487805,a,1.0,2.7,0.6296,1
32b8c6c4b735d712,2024-10-19,Austen Lane,Robelis Despaigne,1.235294,4.3,b,0.5,4.3,0.2674,1
32b8c6c4b735d712,2024-10-19,Robelis Despaigne,Austen Lane,1.235294,4.3,a,0.4,1.2353,-0.4095,0
4277b02a4dadac40,2024-10-19,Melissa Martinez,Alice Ardelean,1.645161,2.3,a,0.5,1.6452,-0.1078,0
4277b02a4dadac40,2024-10-19,Alice Ardelean,Melissa Martinez,1.645161,2.3,b,0.3333,2.3,-0.1014,0
503d7342cc08109f,2024-10-19,Charles Johnson,Sumudaerji,3.45,1.327869,a,0.5556,3.45,0.2657,1
503d7342cc08109f,2024-10-19,Sumudaerji,Charles Johnson,3.45,1.327869,b,0.5789,1.3279,-0.1741,0
53f7f1b4834387a8,2024-10-19,Jessica Penne,Elise Reed,1.434783,2.9,b,0.4286,2.9,0.0837,1
53f7f1b4834387a8,2024-10-19,Elise Reed,Jessica Penne,1.434783,2.9,a,0.4667,1.4348,-0.2303,0
a2f2c64f9fb3fb1c,2024-10-19,Anthony Hernandez,Michel Pereira,1.617284,2.36,b,0.8182,2.36,0.3945,1
a2f2c64f9fb3fb1c,2024-10-19,Michel Pereira,Anthony Hernandez,1.617284,2.36,a,0.7826,1.6173,0.1643,1
c61923255389e67c,2024-10-19,Matheus Nicolau,Asu Almabayev,3.05,1.4,b,1.0,1.4,0.2857,1
c61923255389e67c,2024-10-19,Asu Almabayev,Matheus Nicolau,3.05,1.4,a,1.0,3.05,0.6721,1
f01b97e864cb4b8b,2024-10-19,Rob Font,Kyler Phillips,5.55,1.16,b,0.8571,1.16,-0.0049,0
f01b97e864cb4b8b,2024-10-19,Kyler Phillips,Rob Font,5.55,1.16,a,0.8,5.55,0.6198,1
fc73ecbd83b7f159,2024-10-19,Joselyne Edwards,Tamires Vidal,3.1,1.387597,a,0.5,3.1,0.1774,1
fc73ecbd83b7f159,2024-10-19,Tamires Vidal,Joselyne Edwards,3.1,1.387597,b,0.5294,1.3876,-0.1913,0
108434acbbd75d26,2024-10-26,Shara Magomedov,Armen Petrosyan,1.60241,2.4,a,1.0,1.6024,0.3759,1
108434acbbd75d26,2024-10-26,Armen Petrosyan,Shara Magomedov,1.60241,2.4,b,1.0,2.4,0.5833,1
1d65c141776949d6,2024-10-26,Geoff Neal,Rafael Dos Anjos,3.0,1.408163,a,0.6364,3.0,0.303,1
1d65c141776949d6,2024-10-26,Rafael Dos Anjos,Geoff Neal,3.0,1.408163,b,0.6522,1.4082,-0.058,0
5c783cd188425783,2024-10-26,Farid Basharat,Victor Hugo,1.173913,5.25,a,1.0,1.1739,0.1481,1
5c783cd188425783,2024-10-26,Victor Hugo,Farid Basharat,1.173913,5.25,b,1.0,5.25,0.8095,1
919e3c5cc6999cb3,2024-10-26,Mateusz Rebecki,Myktybek Orolbai,3.15,1.377358,b,1.0,1.3774,0.274,1
919e3c5cc6999cb3,2024-10-26,Myktybek Orolbai,Mateusz Rebecki,3.15,1.377358,a,0.8,3.15,0.4825,1
af6eeea1cfe33240,2024-10-26,Abus Magomedov,Brunno Ferreira,2.3,1.645161,b,0.75,1.6452,0.1422,1
af6eeea1cfe33240,2024-10-26,Brunno Ferreira,Abus Magomedov,2.3,1.645161,a,0.6667,2.3,0.2319,1
b09f54654b0f95f5,2024-10-26,Magomed Ankalaev,Aleksandar Rakic,3.7,1.294118,a,0.9091,3.7,0.6388,1
b09f54654b0f95f5,2024-10-26,Aleksandar Rakic,Magomed Ankalaev,3.7,1.294118,b,0.913,1.2941,0.1403,1
b8bf186f884678ea,2024-10-26,Robert Whittaker,Khamzat Chimaev,1.408163,3.0,b,1.0,3.0,0.6667,1
b8bf186f884678ea,2024-10-26,Khamzat Chimaev,Robert Whittaker,1.408163,3.0,a,1.0,1.4082,0.2899,1
bde635a4f345bc3e,2024-10-26,Ismail Naurdiev,Bruno Silva,2.24,1.675676,b,0.5333,1.6757,-0.0634,0
bde635a4f345bc3e,2024-10-26,Bruno Silva,Ismail Naurdiev,2.24,1.675676,b,0.5556,1.6757,-0.0412,0
cc11a0762f246fa4,2024-10-26,Lerone Murphy,Dan Ige,1.294118,3.7,a,1.0,1.2941,0.2273,1
cc11a0762f246fa4,2024-10-26,Dan Ige,Lerone Murphy,1.294118,3.7,b,1.0,3.7,0.7297,1
df7928de73fc2fe8,2024-10-26,Kennedy Nzechukwu,Chris Barnett,6.5,1.125,a,0.5455,6.5,0.3916,1
df7928de73fc2fe8,2024-10-26,Chris Barnett,Kennedy Nzechukwu,6.5,1.125,b,0.5652,1.125,-0.3237,0
ebf7cea27b83c432,2024-10-26,Ilia Topuria,Max Holloway,3.45,1.327869,a,1.0,3.45,0.7101,1
ebf7cea27b83c432,2024-10-26,Max Holloway,Ilia Topuria,3.45,1.327869,b,1.0,1.3279,0.2469,1
18729b11614406bf,2024-11-02,Erin Blanchfield,Rose Namajunas,2.3,1.645161,a,0.8571,2.3,0.4224,1
18729b11614406bf,2024-11-02,Rose Namajunas,Erin Blanchfield,2.3,1.645161,b,0.8667,1.6452,0.2588,1
6ad594777cce2d7d,2024-11-02,Marc-Andre Barriault,Dustin Stoltzfus,3.2,1.37037,a,0.4167,3.2,0.1042,1
6ad594777cce2d7d,2024-11-02,Dustin Stoltzfus,Marc-Andre Barriault,3.2,1.37037,b,0.4,1.3704,-0.3297,0
799acf3ae8a5df0a,2024-11-02,Brandon Moreno,Amir Albazi,2.5,1.555556,b,1.0,1.5556,0.3571,1
799acf3ae8a5df0a,2024-11-02,Amir Albazi,Brandon Moreno,2.5,1.555556,a,0.9091,2.5,0.5091,1
7edf2fe3a8776a44,2024-11-02,Caio Machado,Brendson Ribeiro,2.6,1.520833,a,0.5,2.6,0.1154,1
7edf2fe3a8776a44,2024-11-02,Brendson Ribeiro,Caio Machado,2.6,1.520833,a,0.2,2.6,-0.1846,0
d29a82322bb083d9,2024-11-02,Mike Malott,Trevin Giles,3.95,1.266667,a,0.75,3.95,0.4968,1
d29a82322bb083d9,2024-11-02,Trevin Giles,Mike Malott,3.95,1.266667,b,0.7778,1.2667,-0.0117,0
eaa885cf7ae31e0b,2024-11-02,Ariane da Silva,Jasmine Jasudavicius,2.9,1.4,b,0.7143,1.4,0.0,0
eaa885cf7ae31e0b,2024-11-02,Jasmine Jasudavicius,Ariane da Silva,2.9,1.4,a,0.7333,2.9,0.3885,1
73f451d894a1d4ca,2024-11-09,Neil Magny,Carlos Prates,1.125,6.5,b,1.0,6.5,0.8462,1
73f451d894a1d4ca,2024-11-09,Carlos Prates,Neil Magny,1.125,6.5,a,1.0,1.125,0.1111,1
c31d9cac7534d879,2024-11-09,Luana Pinheiro,Gillian Robertson,1.212766,4.6,b,0.6471,4.6,0.4297,1
c31d9cac7534d879,2024-11-09,Gillian Robertson,Luana Pinheiro,1.212766,4.6,a,0.6571,1.2128,-0.1674,0
00414fc5519233b4,2024-11-16,Mickey Gall,Ramiz Brahimaj,2.42,1.588235,a,0.5,2.42,0.0868,1
00414fc5519233b4,2024-11-16,Ramiz Brahimaj,Mickey Gall,2.42,1.588235,b,0.48,1.5882,-0.1496,0
2a930e2d7e1f87a9,2024-11-16,Jonathan Martinez,Marcus McGhee,1.869565,1.952381,b,1.0,1.9524,0.4878,1
2a930e2d7e1f87a9,2024-11-16,Marcus McGhee,Jonathan Martinez,1.869565,1.952381,a,1.0,1.8696,0.4651,1
35c8223cc967fe0a,2024-11-16,Jim Miller,Damon Jackson,1.420168,2.95,a,0.6047,1.4202,-0.0995,0
35c8223cc967fe0a,2024-11-16,Damon Jackson,Jim Miller,1.420168,2.95,b,0.6092,2.95,0.2702,1
4f4189009a190e35,2024-11-16,Charles Oliveira,Michael Chandler,1.377358,3.15,a,0.6875,1.3774,-0.0385,0
4f4189009a190e35,2024-11-16,Michael Chandler,Charles Oliveira,1.377358,3.15,b,0.6923,3.15,0.3748,1
55eebc2ee92bf00a,2024-11-16,Mauricio Ruffy,James Llontop,7.5,1.1,a,1.0,7.5,0.8667,1
55eebc2ee92bf00a,2024-11-16,James Llontop,Mauricio Ruffy,7.5,1.1,b,1.0,1.1,0.0909,1
6c1faa6284428e5d,2024-11-16,Marcin Tybura,Jhonata Diniz,1.869565,1.952381,b,1.0,1.9524,0.4878,1
6c1faa6284428e5d,2024-11-16,Jhonata Diniz,Marcin Tybura,1.869565,1.952381,a,0.8,1.8696,0.2651,1
8545a2495db16538,2024-11-16,Viviane Araujo,Karine Silva,3.35,1.344828,b,1.0,1.3448,0.2564,1
8545a2495db16538,2024-11-16,Karine Silva,Viviane Araujo,3.35,1.344828,a,0.8889,3.35,0.5904,1
9676a4e9362e4bfd,2024-11-16,Bassil Hafez,Oban Elliott,1.322581,3.5,b,1.0,3.5,0.7143,1
9676a4e9362e4bfd,2024-11-16,Oban Elliott,Bassil Hafez,1.322581,3.5,a,1.0,1.3226,0.2439,1
b35e47f2f58ef026,2024-11-16,Jon Jones,Stipe Miocic,1.181818,5.1,a,0.9545,1.1818,0.1084,1
b35e47f2f58ef026,2024-11-16,Stipe Miocic,Jon Jones,1.181818,5.1,b,0.9556,5.1,0.7595,1
cfd3e62c638fbd1f,2024-11-16,Bo Nickal,Paul Craig,1.074074,9.0,a,1.0,1.0741,0.069,1
cfd3e62c638fbd1f,2024-11-16,Paul Craig,Bo Nickal,1.074074,9.0,b,1.0,9.0,0.8889,1
02ec66f311dce539,2024-11-23,Volkan Oezdemir,Carlos Ulberg,3.15,1.377358,b,0.8571,1.3774,0.1311,1
02ec66f311dce539,2024-11-23,Carlos Ulberg,Volkan Oezdemir,3.15,1.377358,a,0.8667,3.15,0.5492,1
64d6d51219e0664c,2024-11-23,Wang Cong,Gabriella Fernandes,1.105263,8.5,a,1.0,1.1053,0.0952,1
64d6d51219e0664c,2024-11-23,Gabriella Fernandes,Wang Cong,1.105263,8.5,b,0.6667,8.5,0.549,1
86a2f07e0bf20297,2024-11-23,Maheshate,Nikolas Motta,3.0,1.408163,a,0.5,3.0,0.1667,1
86a2f07e0bf20297,2024-11-23,Nikolas Motta,Maheshate,3.0,1.408163,a,0.5556,3.0,0.2222,1
f0c4aff7dd1ec4e9,2024-11-23,Yan Xiaonan,Tabatha Ricci,1.505051,2.64,b,0.75,2.64,0.3712,1
f0c4aff7dd1ec4e9,2024-11-23,Tabatha Ricci,Yan Xiaonan,1.505051,2.64,b,0.7391,2.64,0.3603,1
f53573316a4f349f,2024-11-23,Petr Yan,Deiveson Figueiredo,3.45,1.327869,b,0.8125,1.3279,0.0594,1
f53573316a4f349f,2024-11-23,Deiveson Figueiredo,Petr Yan,3.45,1.327869,a,0.7879,3.45,0.498,1
f5f28a8b472b8012,2024-11-23,Xiao Long,Quang Le,2.36,1.694444,a,0.5,2.36,0.0763,1
f5f28a8b472b8012,2024-11-23,Quang Le,Xiao Long,2.36,1.694444,b,0.3333,1.6944,-0.2568,0
0292b9c31c0089ac,2024-12-07,Bryce Mitchell,Kron Gracie,7.25,1.105263,a,0.7778,7.25,0.6398,1
0292b9c31c0089ac,2024-12-07,Kron Gracie,Bryce Mitchell,7.25,1.105263,b,0.7895,1.1053,-0.1153,0
089388c9f00ce9c6,2024-12-07,Nate Landwehr,Dooho Choi,1.769231,2.1,a,0.625,1.7692,0.0598,1
089388c9f00ce9c6,2024-12-07,Dooho Choi,Nate Landwehr,1.769231,2.1,a,0.6,1.7692,0.0348,1
0f16d83859d608c7,2024-12-07,Chris Weidman,Eryk Anders,1.892857,1.925926,a,0.6316,1.8929,0.1033,1
0f16d83859d608c7,2024-12-07,Eryk Anders,Chris Weidman,1.892857,1.925926,b,0.6154,1.9259,0.0962,1
1569186ee820ea87,2024-12-07,Shavkat Rakhmonov,Ian Machado Garry,1.47619,3.95,a,1.0,1.4762,0.3226,1
1569186ee820ea87,2024-12-07,Ian Machado Garry,Shavkat Rakhmonov,1.47619,3.95,b,1.0,3.95,0.7468,1
4914f7bd073c6359,2024-12-07,Vicente Luque,Themba Gorimbo,1.617284,1.153846,b,0.8,1.1538,-0.0667,0
4914f7bd073c6359,2024-12-07,Themba Gorimbo,Vicente Luque,1.617284,1.153846,a,0.7273,1.6173,0.109,1
72b12a837290b327,2024-12-07,Clay Guida,Chase Hooper,1.090909,8.0,b,0.6667,8.0,0.5417,1
72b12a837290b327,2024-12-07,Chase Hooper,Clay Guida,1.090909,8.0,a,0.6842,1.0909,-0.2325,0
7c0d0a28a8fba102,2024-12-07,Randy Brown,Bryan Battle,2.5,1.555556,b,0.8571,1.5556,0.2143,1
7c0d0a28a8fba102,2024-12-07,Bryan Battle,Randy Brown,2.5,1.555556,a,0.8667,2.5,0.4667,1
97caf8fca9d9603b,2024-12-07,Dominick Reyes,Anthony Smith,1.263158,4.0,a,0.6364,1.2632,-0.1553,0
97caf8fca9d9603b,2024-12-07,Anthony Smith,Dominick Reyes,1.263158,4.0,b,0.6522,4.0,0.4022,1
a5c57b0f49e9f61c,2024-12-07,Michael Chiesa,Max Griffin,2.1,1.769231,a,0.6316,2.1,0.1554,1
a5c57b0f49e9f61c,2024-12-07,Max Griffin,Michael Chiesa,2.1,1.769231,b,0.641,1.7692,0.0758,1
d38029cf47e54cf7,2024-12-07,Cody Durden,Joshua Van,1.588235,2.42,b,0.8,2.42,0.3868,1
d38029cf47e54cf7,2024-12-07,Joshua Van,Cody Durden,1.588235,2.42,a,0.8182,1.5882,0.1886,1
df30514e0674d598,2024-12-07,Movsar Evloev,Aljamain Sterling,1.420168,2.95,a,1.0,1.4202,0.2959,1
df30514e0674d598,2024-12-07,Aljamain Sterling,Movsar Evloev,1.420168,2.95,b,1.0,2.95,0.661,1
eb94412f15c62650,2024-12-07,Kennedy Nzechukwu,Lukasz Brzeski,5.1,1.181818,a,0.5833,5.1,0.3873,1
eb94412f15c62650,2024-12-07,Lukasz Brzeski,Kennedy Nzechukwu,5.1,1.181818,b,0.6,1.1818,-0.2462,0
f706508c52f337a6,2024-12-07,Ciryl Gane,Alexander Volkov,4.0,1.263158,a,0.8182,4.0,0.5682,1
f706508c52f337a6,2024-12-07,Alexander Volkov,Ciryl Gane,4.0,1.263158,b,0.8261,1.2632,0.0344,1
017a825c7820d12e,2025-07-26,Davey Grant,Da'Mon Blackshear,2.64,1.47,b,0.625,1.47,-0.0553,0
017a825c7820d12e,2025-07-26,Da'Mon Blackshear,Davey Grant,2.64,1.47,a,0.5882,2.64,0.2094,1
23ddf51ce630028d,2025-07-26,Mohammad Yahya,Steven Nguyen,3.6,1.31,a,0.5,3.6,0.2222,1
23ddf51ce630028d,2025-07-26,Steven Nguyen,Mohammad Yahya,3.6,1.31,a,0.3333,3.6,0.0556,1
3e6067763978d862,2025-07-26,Amanda Ribas,Tabatha Ricci,1.79,1.98,b,0.6667,1.98,0.1616,1
3e6067763978d862,2025-07-26,Tabatha Ricci,Amanda Ribas,1.79,1.98,a,0.6842,1.79,0.1256,1
582d66ce97309e29,2025-07-26,Shara Magomedov,Marc-Andre Barriault,15.8,1.03,a,0.8,15.8,0.7367,1
582d66ce97309e29,2025-07-26,Marc-Andre Barriault,Shara Magomedov,15.8,1.03,b,0.8182,1.03,-0.1527,0
6b8be0ee3e569ad2,2025-07-26,Robert Whittaker,Reinier de Ridder,2.44,1.55,b,1.0,1.55,0.3548,1
6b8be0ee3e569ad2,2025-07-26,Reinier de Ridder,Robert Whittaker,2.44,1.55,a,1.0,2.44,0.5902,1
77f960d82cda0b76,2025-07-26,Nikita Krylov,Bogdan Guskov,2.64,1.51,b,0.75,1.51,0.0877,1
77f960d82cda0b76,2025-07-26,Bogdan Guskov,Nikita Krylov,2.64,1.51,a,0.7778,2.64,0.399,1
7c075e3383198e14,2025-07-26,Muslim Salikhov,Carlos Leal,4.8,1.2,a,0.6667,4.8,0.4583,1
7c075e3383198e14,2025-07-26,Carlos Leal,Muslim Salikhov,4.8,1.2,b,0.68,1.2,-0.1533,0
887c61da1a78a5e1,2025-07-26,Asu Almabayev,Jose Ochoa,4.4,1.18,a,0.8,4.4,0.5727,1
887c61da1a78a5e1,2025-07-26,Jose Ochoa,Asu Almabayev,4.4,1.18,b,0.8182,1.18,-0.0293,0
d4d4ee045b0ca695,2025-07-26,Petr Yan,Marcus McGhee,1.18,4.5,b,1.0,4.5,0.7778,1
d4d4ee045b0ca695,2025-07-26,Marcus McGhee,Petr Yan,1.18,4.5,a,0.8889,1.18,0.0414,1
e72c691b7c68b03a,2025-07-26,Bryce Mitchell,Said Nurmagomedov,6.5,1.11,a,0.7273,6.5,0.5734,1
e72c691b7c68b03a,2025-07-26,Said Nurmagomedov,Bryce Mitchell,6.5,1.11,b,0.7391,1.11,-0.1618,0
f9dac7702609669f,2025-07-26,Ibo Aslan,Billy Elekana,1.38,2.98,a,0.6667,1.38,-0.058,0
f9dac7702609669f,2025-07-26,Billy Elekana,Ibo Aslan,1.38,2.98,b,0.5714,2.98,0.2359,1
111e66eb922449e4,2025-08-02,Danny Silva,Kevin Vallejos,1.04,12.8,a,1.0,1.04,0.0385,1
111e66eb922449e4,2025-08-02,Kevin Vallejos,Danny Silva,1.04,12.8,a,1.0,1.04,0.0385,1
426a69e343822ab3,2025-08-02,Mateusz Rebecki,Chris Duncan,1.62,2.26,a,0.8,1.62,0.1827,1
426a69e343822ab3,2025-08-02,Chris Duncan,Mateusz Rebecki,1.62,2.26,a,0.8182,1.62,0.2009,1
45781930d64da456,2025-08-02,Rodolfo Vieira,Tresean Gore,2.6,1.48,a,0.625,2.6,0.2404,1
45781930d64da456,2025-08-02,Tresean Gore,Rodolfo Vieira,2.6,1.48,b,0.6471,1.48,-0.0286,0
878941394f9e3538,2025-08-02,Elves Brener,Esteban Ribovics,1.07,8.7,a,0.6,1.07,-0.3346,0
878941394f9e3538,2025-08-02,Esteban Ribovics,Elves Brener,1.07,8.7,a,0.6364,1.07,-0.2982,0
ac57250e3de89d5d,2025-08-02,Neil Magny,Elizeu Zaleski dos Santos,1.15,5.0,b,0.6875,5.0,0.4875,1
ac57250e3de89d5d,2025-08-02,Elizeu Zaleski dos Santos,Neil Magny,1.15,5.0,a,0.6667,1.15,-0.2029,0
b3c695728e177fd4,2025-08-02,Nick Klein,Andrey Pulyaev,1.78,2.02,a,0.5,1.78,-0.0618,0
b3c695728e177fd4,2025-08-02,Andrey Pulyaev,Nick Klein,1.78,2.02,a,0.3333,1.78,-0.2285,0
b47db03affb279c3,2025-08-02,Rafael Estevam,Felipe Bunes,1.13,5.6,a,1.0,1.13,0.115,1
b47db03affb279c3,2025-08-02,Felipe Bunes,Rafael Estevam,1.13,5.6,b,1.0,5.6,0.8214,1
c62ed8a6002b5360,2025-08-02,Karol Rosa,Nora Cornolle,1.03,15.8,b,0.75,15.8,0.6867,1
c62ed8a6002b5360,2025-08-02,Nora Cornolle,Karol Rosa,1.03,15.8,a,0.6667,1.03,-0.3042,0
d98d6b2c13557a87,2025-08-02,Piera Rodriguez,Ketlen Souza,1.15,5.0,a,0.6,1.15,-0.2696,0
d98d6b2c13557a87,2025-08-02,Ketlen Souza,Piera Rodriguez,1.15,5.0,b,0.6364,5.0,0.4364,1
eeeffa7f514e0c0e,2025-08-02,Rinya Nakamura,Nathan Fletcher,1.29,3.75,a,0.75,1.29,-0.0252,0
eeeffa7f514e0c0e,2025-08-02,Nathan Fletcher,Rinya Nakamura,1.29,3.75,b,0.7778,3.75,0.5111,1
3d6571790c21527c,2025-08-09,Julius Walker,Rafael Cerqueira,15.8,1.03,a,0.5,15.8,0.4367,1
3d6571790c21527c,2025-08-09,Rafael Cerqueira,Julius Walker,15.8,1.03,b,0.3333,1.03,-0.6375,0
646c79a7ecd12e5f,2025-08-09,Iasmin Lucindo,Angela Hill,12.8,1.04,a,0.6667,12.8,0.5885,1
646c79a7ecd12e5f,2025-08-09,Angela Hill,Iasmin Lucindo,12.8,1.04,b,0.6923,1.04,-0.2692,0
68fe62bac7fd8bb0,2025-08-09,Roman Dolidze,Anthony Hernandez,19.0,1.01,b,0.8,1.01,-0.1901,0
68fe62bac7fd8bb0,2025-08-09,Anthony Hernandez,Roman Dolidze,19.0,1.01,a,0.8095,19.0,0.7569,1
6ef50ed03b116b60,2025-08-09,Gabriella Fernandes,Julija Stoliarenko,1.18,4.4,a,0.5,1.18,-0.3475,0
6ef50ed03b116b60,2025-08-09,Julija Stoliarenko,Gabriella Fernandes,1.18,4.4,b,0.5556,4.4,0.3283,1
75a84211f50c53f5,2025-08-09,Eryk Anders,Christian Leroy Duncan,4.8,1.2,b,0.6667,1.2,-0.1667,0
75a84211f50c53f5,2025-08-09,Christian Leroy Duncan,Eryk Anders,4.8,1.2,a,0.6923,4.8,0.484,1
7d923267c44dd93b,2025-08-09,Uros Medic,Gilbert Urbina,3.7,1.3,a,0.5714,3.7,0.3012,1
7d923267c44dd93b,2025-08-09,Gilbert Urbina,Uros Medic,3.7,1.3,b,0.6,1.3,-0.1692,0
857e8facd8ff7c36,2025-08-09,Cody Brundage,Eric McConico,2.4,1.56,a,0.5,2.4,0.0833,1
857e8facd8ff7c36,2025-08-09,Eric McConico,Cody Brundage,2.4,1.56,b,0.4762,1.56,-0.1648,0
98d6771af9b0ebe5,2025-08-09,Andre Fili,Christian Rodriguez,14.4,1.03,b,0.625,1.03,-0.3459,0
98d6771af9b0ebe5,2025-08-09,Christian Rodriguez,Andre Fili,14.4,1.03,a,0.5882,14.4,0.5188,1
ae7a8f19743e8154,2025-08-09,Elijah Smith,Toshiomi Kazama,6.7,1.12,a,1.0,6.7,0.8507,1
ae7a8f19743e8154,2025-08-09,Toshiomi Kazama,Elijah Smith,6.7,1.12,b,1.0,1.12,0.1071,1
aef44145740741b3,2025-08-09,Joselyne Edwards,Priscila Cachoeira,4.1,1.26,a,0.6,4.1,0.3561,1
aef44145740741b3,2025-08-09,Priscila Cachoeira,Joselyne Edwards,4.1,1.26,b,0.619,1.26,-0.1746,0
ed5383b50ffcdded,2025-08-09,Miles Johns,Jean Matsumoto,1.5,2.54,a,0.6667,1.5,0.0,0
ed5383b50ffcdded,2025-08-09,Jean Matsumoto,Miles Johns,1.5,2.54,a,0.7143,1.5,0.0476,1
12cedec11b37ddc0,2025-08-16,Dricus Du Plessis,Khamzat Chimaev,5.6,1.13,a,1.0,5.6,0.8214,1
12cedec11b37ddc0,2025-08-16,Khamzat Chimaev,Dricus Du Plessis,5.6,1.13,a,1.0,5.6,0.8214,1
5b880d10b0ed7acc,2025-08-16,Gerald Meerschaert,Michal Oleksiejczuk,1.48,2.8,b,0.5333,2.8,0.1762,1
5b880d10b0ed7acc,2025-08-16,Michal Oleksiejczuk,Gerald Meerschaert,1.48,2.8,a,0.5484,1.48,-0.1273,0
82338ba457fbe87f,2025-08-16,Tim Elliott,Kai Asakura,1.23,4.0,a,0.45,1.23,-0.363,0
82338ba457fbe87f,2025-08-16,Kai Asakura,Tim Elliott,1.23,4.0,b,0.4634,4.0,0.2134,1
88020d22cf905792,2025-08-16,Karine Silva,Dione Barbosa,2.1,1.71,a,0.8,2.1,0.3238,1
88020d22cf905792,2025-08-16,Dione Barbosa,Karine Silva,2.1,1.71,b,0.8182,1.71,0.2334,1
9939d7073462e07e,2025-08-16,Jared Cannonier,Michael Page,9.4,1.06,b,0.6667,1.06,-0.2767,0
9939d7073462e07e,2025-08-16,Michael Page,Jared Cannonier,9.4,1.06,a,0.7143,9.4,0.6079,1
bc63f1b2e52f603e,2025-08-16,Edson Barboza,Drakkar Klose,1.32,3.25,b,0.75,3.25,0.4423,1
bc63f1b2e52f603e,2025-08-16,Drakkar Klose,Edson Barboza,1.32,3.25,a,0.76,1.32,0.0024,0
130e622d4d2aee3e,2025-08-23,Michel Pereira,Kyle Daukaus,3.05,1.41,a,0.6923,3.05,0.3644,1
130e622d4d2aee3e,2025-08-23,Kyle Daukaus,Michel Pereira,3.05,1.41,b,0.6667,1.41,-0.0426,0
1ab1ed99a4bc5494,2025-08-23,Charles Johnson,Lone'er Kavanagh,2.9,1.43,b,1.0,1.43,0.3007,1
1ab1ed99a4bc5494,2025-08-23,Lone'er Kavanagh,Charles Johnson,2.9,1.43,a,0.8,2.9,0.4552,1
2eecf0c36192e40c,2025-08-23,Johnny Walker,Zhang Mingyang,1.27,3.95,b,1.0,3.95,0.7468,1
2eecf0c36192e40c,2025-08-23,Zhang Mingyang,Johnny Walker,1.27,3.95,a,0.8571,1.27,0.0697,1
5538d15c4eeac3b3,2025-08-23,Sergei Pavlovich,Waldo Cortes-Acosta,1.01,26.0,b,0.875,26.0,0.8365,1
5538d15c4eeac3b3,2025-08-23,Waldo Cortes-Acosta,Sergei Pavlovich,1.01,26.0,a,0.8235,1.01,-0.1666,0
58080e8989927500,2025-08-23,Brian Ortega,Aljamain Sterling,11.8,1.05,b,0.7619,1.05,-0.1905,0
58080e8989927500,2025-08-23,Aljamain Sterling,Brian Ortega,11.8,1.05,a,0.7674,11.8,0.6827,1
7fc5f1dc2df84ac7,2025-08-23,Uran Satybaldiev,Diyar Nurgozhay,2.0,1.85,a,0.5,2.0,0.0,0
7fc5f1dc2df84ac7,2025-08-23,Diyar Nurgozhay,Uran Satybaldiev,2.0,1.85,b,0.3333,1.85,-0.2072,0
0149e875b31e57f8,2025-09-06,Modestas Bukauskas,Paul Craig,1.21,4.3,a,0.6,1.21,-0.2264,0
0149e875b31e57f8,2025-09-06,Paul Craig,Modestas Bukauskas,1.21,4.3,b,0.619,4.3,0.3865,1
4080b4310d82b42d,2025-09-06,Oumar Sy,Brendson Ribeiro,5.2,1.18,a,0.6667,5.2,0.4744,1
4080b4310d82b42d,2025-09-06,Brendson Ribeiro,Oumar Sy,5.2,1.18,b,0.7143,1.18,-0.1332,0
420211200a35c1d1,2025-09-06,Sam Patterson,Trey Waters,2.8,1.43,b,1.0,1.43,0.3007,1
420211200a35c1d1,2025-09-06,Trey Waters,Sam Patterson,2.8,1.43,a,0.8,2.8,0.4429,1
5bcd8abf6da01dae,2025-09-06,Nassourdine Imavov,Caio Borralho,1.08,8.2,b,1.0,8.2,0.878,1
5bcd8abf6da01dae,2025-09-06,Caio Borralho,Nassourdine Imavov,1.08,8.2,a,0.9333,1.08,0.0074,0
69b31593175f77ec,2025-09-06,Bolaji Oki,Mason Jones,5.0,1.15,a,0.6667,5.0,0.4667,1
69b31593175f77ec,2025-09-06,Mason Jones,Bolaji Oki,5.0,1.15,b,0.5714,1.15,-0.2981,0
a38010639e61885c,2025-09-06,Shauna Bannon,Sam Hughes,1.04,12.0,a,0.6667,1.04,-0.2949,0
a38010639e61885c,2025-09-06,Sam Hughes,Shauna Bannon,1.04,12.0,b,0.5714,12.0,0.4881,1
b3253e2c2d111030,2025-09-06,Brad Tavares,Robert Bryczek,1.5,2.68,a,0.6154,1.5,-0.0513,0
b3253e2c2d111030,2025-09-06,Robert Bryczek,Brad Tavares,1.5,2.68,b,0.6038,2.68,0.2306,1
d14fea43712707f0,2025-09-06,Benoit Saint Denis,Mauricio Ruffy,2.32,1.6,b,1.0,1.6,0.375,1
d14fea43712707f0,2025-09-06,Mauricio Ruffy,Benoit Saint Denis,2.32,1.6,a,0.8571,2.32,0.4261,1
d56a59a4c79cf515,2025-09-06,Andreas Gustafsson,Rinat Fakhretdinov,1.76,2.12,a,1.0,1.76,0.4318,1
d56a59a4c79cf515,2025-09-06,Rinat Fakhretdinov,Andreas Gustafsson,1.76,2.12,a,1.0,1.76,0.4318,1
