fight_id,fight_date,event_name,a_fighter_name,b_fighter_name,region,source,adding_date,selection,a_odds_decimal,b_odds_decimal,match_type
32a8f38bd1d46e3e,2020-01-18,UFC 246: McGregor vs. Cowboy,Anthony Pettis,Diego Ferreira,us,zewnetrzne,2025-07-27 09:10:07.798897+00:00,latest,3.0,1.454545,id_direct
36032308b7e86fd0,2020-01-18,UFC 246: McGregor vs. Cowboy,Holly Holm,Raquel Pennington,us,zewnetrzne,2025-07-27 09:10:07.798897+00:00,latest,1.8,2.05,id_direct
5868c154789648f0,2020-01-18,UFC 246: McGregor vs. Cowboy,Andre Fili,Sodiq Yusuff,us,zewnetrzne,2025-07-27 09:10:07.798897+00:00,latest,2.25,1.740741,id_direct
63dd38f0dcc2ee88,2020-01-18,UFC 246: McGregor vs. Cowboy,Drew Dober,Nasrat Haqparast,us,zewnetrzne,2025-07-27 09:10:07.798897+00:00,latest,3.9,1.3125,id_direct
702759500d47a059,2020-01-18,UFC 246: McGregor vs. Cowboy,Maurice Greene,Aleksei Oleinik,us,zewnetrzne,2025-07-27 09:10:07.798897+00:00,latest,1.833333,2.1,id_swapped
760b5b16b4931a77,2020-01-18,UFC 246: McGregor vs. Cowboy,Roxanne Modafferi,Maycee Barber,us,zewnetrzne,2025-07-27 09:10:07.798897+00:00,latest,7.55,1.120482,id_direct
96fe84d051847591,2020-01-18,UFC 246: McGregor vs. Cowboy,JJ Aldrich,Sabina Mazo,us,zewnetrzne,2025-07-27 09:10:07.798897+00:00,latest,1.952381,1.952381,id_swapped
eed6c9aff2234b7a,2020-01-18,UFC 246: McGregor vs. Cowboy,Donald Cerrone,Conor McGregor,us,zewnetrzne,2025-07-27 09:10:07.798897+00:00,latest,3.75,1.327869,id_swapped
ff467a5f06a91a0f,2020-01-18,UFC 246: McGregor vs. Cowboy,Askar Askarov,Tim Elliott,us,zewnetrzne,2025-07-27 09:10:07.798897+00:00,latest,1.714286,2.3,id_swapped
037d2f426c916ffc,2020-01-25,UFC Fight Night: Blaydes vs. Dos Santos,Junior Dos Santos,Curtis Blaydes,us,zewnetrzne,2025-07-27 09:10:07.798897+00:00,latest,3.4,1.357143,id_swapped
151c2bd6dfefb4b5,2020-01-25,UFC Fight Night: Blaydes vs. Dos Santos,Lucie Pudilova,Justine Kish,us,zewnetrzne,2025-07-27 09:10:07.798897+00:00,latest,1.588235,2.5,id_swapped
2ef54419defb2364,2020-01-25,UFC Fight Night: Blaydes vs. Dos Santos,Rafael Dos Anjos,Michael Chiesa,us,zewnetrzne,2025-07-27 09:10:07.798897+00:00,latest,1.444444,2.85,id_direct
3fd3b871e83434c5,2020-01-25,UFC Fight Night: Blaydes vs. Dos Santos,Dequan Townsend,Bevon Lewis,us,zewnetrzne,2025-07-27 09:10:07.798897+00:00,latest,4.1,1.27027,id_swapped
737e2781e4a7db5c,2020-01-25,UFC Fight Night: Blaydes vs. Dos Santos,Montel Jackson,Felipe Colares,us,zewnetrzne,2025-07-27 09:10:07.798897+00:00,latest,1.142857,6.0,id_direct
79161bde28636128,2020-01-25,UFC Fight Night: Blaydes vs. Dos Santos,Lina Lansberg,Sara McMann,us,zewnetrzne,2025-07-27 09:10:07.798897+00:00,latest,2.05,1.8,id_swapped
7dcd5d8a44a284e5,2020-01-25,UFC Fight Night: Blaydes vs. Dos Santos,Jordan Espinosa,Alex Perez,us,zewnetrzne,2025-07-27 09:10:07.798897+00:00,latest,3.1,1.4,id_direct
b88b170a7fe40544,2020-01-25,UFC Fight Night: Blaydes vs. Dos Santos,Hannah Cifers,Angela Hill,us,zewnetrzne,2025-07-27 09:10:07.798897+00:00,latest,2.8,1.454545,id_direct
ed94cdc0f2b97e15,2020-01-25,UFC Fight Night: Blaydes vs. Dos Santos,Arnold Allen,Nik Lentz,us,zewnetrzne,2025-07-27 09:10:07.798897+00:00,latest,1.425532,2.95,id_direct
05cceae674c81b86,2020-02-08,UFC 247: Jones vs. Reyes,Valentina Shevchenko,Katlyn Cerminara,us,zewnetrzne,2025-07-27 09:10:07.798897+00:00,latest,1.108696,7.1,id_direct
11f7bac5037a184c,2020-02-08,UFC 247: Jones vs. Reyes,James Krause,Trevin Giles,us,zewnetrzne,2025-07-27 09:10:07.798897+00:00,latest,2.3,1.588235,id_swapped
326b843cb2b7fd94,2020-02-08,UFC 247: Jones vs. Reyes,Andre Ewell,Jonathan Martinez,us,zewnetrzne,2025-07-27 09:10:07.798897+00:00,latest,1.75188,2.13,id_direct
57961c6adebfb13d,2020-02-08,UFC 247: Jones vs. Reyes,Juan Adams,Justin Tafa,us,zewnetrzne,2025-07-27 09:10:07.798897+00:00,latest,1.416667,3.0,id_direct
be822403f364fff3,2020-02-08,UFC 247: Jones vs. Reyes,Dan Ige,Mirsad Bektic,us,zewnetrzne,2025-07-27 09:10:07.798897+00:00,latest,2.05,1.8,id_swapped
cb56e868deaddac4,2020-02-08,UFC 247: Jones vs. Reyes,Andrea Lee,Lauren Murphy,us,zewnetrzne,2025-07-27 09:10:07.798897+00:00,latest,1.3125,3.6,id_swapped
cefb47bcc04f540e,2020-02-08,UFC 247: Jones vs. Reyes,Derrick Lewis,Ilir Latifi,us,zewnetrzne,2025-07-27 09:10:07.798897+00:00,latest,1.444444,2.85,id_direct
d3f44fedc561d2d5,2020-02-08,UFC 247: Jones vs. Reyes,Miles Johns,Mario Bautista,us,zewnetrzne,2025-07-27 09:10:07.798897+00:00,latest,1.757576,2.12,id_direct
fae99a4089f8abb0,2020-02-08,UFC 247: Jones vs. Reyes,Jon Jones,Dominick Reyes,us,zewnetrzne,2025-07-27 09:10:07.798897+00:00,latest,1.217391,4.65,id_direct
08426f06239d903c,2020-02-15,UFC Fight Night: Anderson vs. Blachowicz,Nathaniel Wood,John Dodson,us,zewnetrzne,2025-07-27 09:10:07.798897+00:00,latest,1.666667,2.3,id_swapped
51218519be104794,2020-02-15,UFC Fight Night: Anderson vs. Blachowicz,Merab Dvalishvili,Casey Kenney,us,zewnetrzne,2025-07-27 09:10:07.798897+00:00,latest,1.588235,2.5,id_swapped
801b3f24c670f19a,2020-02-15,UFC Fight Night: Anderson vs. Blachowicz,Corey Anderson,Jan Blachowicz,us,zewnetrzne,2025-07-27 09:10:07.798897+00:00,latest,1.425532,2.95,id_direct
8725dc88f2e0a6f3,2020-02-15,UFC Fight Night: Anderson vs. Blachowicz,Raulian Paiva,Mark De La Rosa,us,zewnetrzne,2025-07-27 09:10:07.798897+00:00,latest,1.408163,3.05,id_swapped
94c0819fde11364d,2020-02-15,UFC Fight Night: Anderson vs. Blachowicz,Dequan Townsend,Devin Clark,us,zewnetrzne,2025-07-27 09:10:07.798897+00:00,latest,4.25,1.25,id_swapped
96919cf8d3e988ff,2020-02-15,UFC Fight Night: Anderson vs. Blachowicz,Montana De La Rosa,Mara Romero Borella,us,zewnetrzne,2025-07-27 09:10:07.798897+00:00,latest,1.571429,2.55,id_direct
a02ffaf1fe462d28,2020-02-15,UFC Fight Night: Anderson vs. Blachowicz,Michel Pereira,Diego Sanchez,us,zewnetrzne,2025-07-27 09:10:07.798897+00:00,latest,1.645161,2.35,id_swapped
b41e3be867afd6fa,2020-02-15,UFC Fight Night: Anderson vs. Blachowicz,Rogerio Bontorin,Ray Borg,us,zewnetrzne,2025-07-27 09:10:07.798897+00:00,latest,2.3,1.666667,id_direct
eab100e978c730c5,2020-02-15,UFC Fight Night: Anderson vs. Blachowicz,Yancy Medeiros,Lando Vannata,us,zewnetrzne,2025-07-27 09:10:07.798897+00:00,latest,2.0,1.833333,id_swapped
f3e2038bfb9b5d9d,2020-02-15,UFC Fight Night: Anderson vs. Blachowicz,Jim Miller,Scott Holtzman,us,zewnetrzne,2025-07-27 09:10:07.798897+00:00,latest,2.15,1.740741,id_direct
03c2707563915d7d,2020-02-22,UFC Fight Night: Felder vs. Hooker,Song Kenan,Callan Potter,us,zewnetrzne,2025-07-27 09:10:07.798897+00:00,latest,1.5,2.7,id_swapped
060987bb3025a0a8,2020-02-22,UFC Fight Night: Felder vs. Hooker,Yan Xiaonan,Karolina Kowalkiewicz,us,zewnetrzne,2025-07-27 09:10:07.798897+00:00,latest,1.377358,3.25,id_swapped
102fb91414fd24ab,2020-02-22,UFC Fight Night: Felder vs. Hooker,Shana Dobson,Priscila Cachoeira,us,zewnetrzne,2025-07-27 09:10:07.798897+00:00,latest,1.454545,2.8,id_swapped
2b417eb1ffa56ac1,2020-02-22,UFC Fight Night: Felder vs. Hooker,Michal Oleksiejczuk,Jimmy Crute,us,zewnetrzne,2025-07-27 09:10:07.798897+00:00,latest,1.833333,2.0,id_swapped
3bd20b66b585d621,2020-02-22,UFC Fight Night: Felder vs. Hooker,Emil Meek,Jake Matthews,us,zewnetrzne,2025-07-27 09:10:07.798897+00:00,latest,2.7,1.5,id_swapped
5fceb95c29d929bc,2020-02-22,UFC Fight Night: Felder vs. Hooker,Dan Hooker,Paul Felder,us,zewnetrzne,2025-07-27 09:10:07.798897+00:00,latest,1.666667,2.3,id_swapped
6d48f75153e4ad6b,2020-02-22,UFC Fight Night: Felder vs. Hooker,Magomed Mustafaev,Brad Riddell,us,zewnetrzne,2025-07-27 09:10:07.798897+00:00,latest,1.714286,2.2,id_swapped
9bc18b63b07bb328,2020-02-22,UFC Fight Night: Felder vs. Hooker,Ben Sosoli,Marcos Rogerio de Lima,us,zewnetrzne,2025-07-27 09:10:07.798897+00:00,latest,2.3,1.666667,id_direct
af5b940f2c686524,2020-02-22,UFC Fight Night: Felder vs. Hooker,Loma Lookboonmee,Angela Hill,us,zewnetrzne,2025-07-27 09:10:07.798897+00:00,latest,2.55,1.571429,id_direct
ecc23234e820458d,2020-02-22,UFC Fight Night: Felder vs. Hooker,Tyson Nam,Kai Kara-France,us,zewnetrzne,2025-07-27 09:10:07.798897+00:00,latest,3.2,1.384615,id_swapped
f882cf76a8bce308,2020-02-22,UFC Fight Night: Felder vs. Hooker,Zubaira Tukhugov,Kevin Aguilar,us,zewnetrzne,2025-07-27 09:10:07.798897+00:00,latest,1.952381,1.869565,id_swapped
533d0b5c0adfa15f,2020-02-29,UFC Fight Night: Benavidez vs. Figueiredo,Sean Brady,Ismail Naurdiev,us,zewnetrzne,2025-07-27 09:10:07.798897+00:00,latest,2.05,1.8,id_direct
8a85dffa80e6c7bd,2020-02-29,UFC Fight Night: Benavidez vs. Figueiredo,Felicia Spencer,Zarah Fairn,us,zewnetrzne,2025-07-27 09:10:07.798897+00:00,latest,1.114943,6.85,id_direct
d9a218ac3e148541,2020-02-29,UFC Fight Night: Benavidez vs. Figueiredo,Tom Breese,Brendan Allen,us,zewnetrzne,2025-07-27 09:10:07.798897+00:00,latest,1.769231,2.1,id_swapped
e30b9829e42aa4ca,2020-02-29,UFC Fight Night: Benavidez vs. Figueiredo,Marcin Tybura,Serghei Spivac,us,zewnetrzne,2025-07-27 09:10:07.798897+00:00,latest,2.0,1.833333,id_direct
e8219ea7da46f67f,2020-02-29,UFC Fight Night: Benavidez vs. Figueiredo,Joseph Benavidez,Deiveson Figueiredo,us,zewnetrzne,2025-07-27 09:10:07.798897+00:00,latest,1.666667,2.3,id_direct
f5b49f4c5a27e53b,2020-02-29,UFC Fight Night: Benavidez vs. Figueiredo,Ion Cutelaba,Magomed Ankalaev,us,zewnetrzne,2025-07-27 09:10:07.798897+00:00,latest,2.85,1.444444,id_direct
4d607b6ddc77a34c,2020-03-07,UFC 248: Adesanya vs. Romero,Alex Oliveira,Max Griffin,us,zewnetrzne,2025-07-27 09:10:07.798897+00:00,latest,1.8,2.15,id_direct
60c441c5838dfac2,2020-03-07,UFC 248: Adesanya vs. Romero,Austin Hubbard,Mark Madsen,us,zewnetrzne,2025-07-27 09:10:07.798897+00:00,latest,2.95,1.465116,id_swapped
891470d896b1de5a,2020-03-07,UFC 248: Adesanya vs. Romero,Beneil Dariush,Drakkar Klose,us,zewnetrzne,2025-07-27 09:10:07.798897+00:00,latest,1.617284,2.52,id_direct
a70c43cafabc73c3,2020-03-07,UFC 248: Adesanya vs. Romero,Rodolfo Vieira,Saparbeg Safarov,us,zewnetrzne,2025-07-27 09:10:07.798897+00:00,latest,1.175439,5.8,id_direct
b46f2f007b622bce,2020-03-07,UFC 248: Adesanya vs. Romero,Israel Adesanya,Yoel Romero,us,zewnetrzne,2025-07-27 09:10:07.798897+00:00,latest,1.384615,3.4,id_direct
cd258394e8d58d04,2020-03-07,UFC 248: Adesanya vs. Romero,Jose Quinonez,Sean O'Malley,us,zewnetrzne,2025-07-27 09:10:07.798897+00:00,latest,4.0,1.30303,id_swapped
d66a8591af39ca7b,2020-03-07,UFC 248: Adesanya vs. Romero,Neil Magny,Li Jingliang,us,zewnetrzne,2025-07-27 09:10:07.798897+00:00,latest,2.57,1.598802,id_direct
d671f436fab2a252,2020-03-07,UFC 248: Adesanya vs. Romero,Deron Winn,Gerald Meerschaert,us,zewnetrzne,2025-07-27 09:10:07.798897+00:00,latest,1.740741,2.25,id_swapped
2a1826612a7d739c,2020-03-14,UFC Fight Night: Lee vs. Oliveira,Maryna Moroz,Mayra Bueno Silva,us,zewnetrzne,2025-07-27 09:10:07.798897+00:00,latest,2.3,1.714286,id_swapped
5bba49d88db7430f,2020-03-14,UFC Fight Night: Lee vs. Oliveira,Nikita Krylov,Johnny Walker,us,zewnetrzne,2025-07-27 09:10:07.798897+00:00,latest,2.27,1.729927,id_swapped
5cee1d8f1e43d6f5,2020-03-14,UFC Fight Night: Lee vs. Oliveira,Gilbert Burns,Demian Maia,us,zewnetrzne,2025-07-27 09:10:07.798897+00:00,latest,1.588235,2.6,id_swapped
b3c74554c871fbf8,2020-03-14,UFC Fight Night: Lee vs. Oliveira,Brandon Moreno,Jussier Formiga,us,zewnetrzne,2025-07-27 09:10:07.798897+00:00,latest,2.4,1.666667,id_swapped
c26a3f4c08333886,2020-03-14,UFC Fight Night: Lee vs. Oliveira,Damir Hadzovic,Renato Moicano,us,zewnetrzne,2025-07-27 09:10:07.798897+00:00,latest,4.15,1.289855,id_swapped
dc45c8d70e256749,2020-03-14,UFC Fight Night: Lee vs. Oliveira,Francisco Trinaldo,John Makdessi,us,zewnetrzne,2025-07-27 09:10:07.798897+00:00,latest,1.625,2.5,id_direct
e0b323dae5bf4c90,2020-03-14,UFC Fight Night: Lee vs. Oliveira,Charles Oliveira,Kevin Lee,us,zewnetrzne,2025-07-27 09:10:07.798897+00:00,latest,2.35,1.689655,id_swapped
ea303a8e6e31f264,2020-03-14,UFC Fight Night: Lee vs. Oliveira,Randa Markos,Amanda Ribas,us,zewnetrzne,2025-07-27 09:10:07.798897+00:00,latest,4.15,1.289855,id_swapped
ef526567c4dcf371,2020-03-14,UFC Fight Night: Lee vs. Oliveira,Veronica Hardy,Bea Malecki,us,zewnetrzne,2025-07-27 09:10:07.798897+00:00,latest,1.645161,2.45,id_direct
02f5621f480ad1d4,2020-05-09,UFC 249: Ferguson vs. Gaethje,Jeremy Stephens,Calvin Kattar,us,zewnetrzne,2025-07-27 09:10:07.798897+00:00,latest,3.1,1.4,id_direct
08244974cf39ae38,2020-05-09,UFC 249: Ferguson vs. Gaethje,Charles Rosa,Bryce Mitchell,us,zewnetrzne,2025-07-27 09:10:07.798897+00:00,latest,2.35,1.645161,id_swapped
3f810c3433dddb80,2020-05-09,UFC 249: Ferguson vs. Gaethje,Vicente Luque,Niko Price,us,zewnetrzne,2025-07-27 09:10:07.798897+00:00,latest,1.344828,3.45,id_direct
4e77cc2c8d604241,2020-05-09,UFC 249: Ferguson vs. Gaethje,Henry Cejudo,Dominick Cruz,us,zewnetrzne,2025-07-27 09:10:07.798897+00:00,latest,1.444444,2.85,id_direct
593f3b051aa82b0f,2020-05-09,UFC 249: Ferguson vs. Gaethje,Fabricio Werdum,Aleksei Oleinik,us,zewnetrzne,2025-07-27 09:10:07.798897+00:00,latest,1.30303,3.7,id_swapped
b70dfff154b135bf,2020-05-09,UFC 249: Ferguson vs. Gaethje,Ryan Spann,Sam Alvey,us,zewnetrzne,2025-07-27 09:10:07.798897+00:00,latest,1.238095,4.35,id_direct
b9abcce29378e5cc,2020-05-09,UFC 249: Ferguson vs. Gaethje,Donald Cerrone,Anthony Pettis,us,zewnetrzne,2025-07-27 09:10:07.798897+00:00,latest,2.15,1.740741,id_swapped
d395828f5cb045a5,2020-05-09,UFC 249: Ferguson vs. Gaethje,Tony Ferguson,Justin Gaethje,us,zewnetrzne,2025-07-27 09:10:07.798897+00:00,latest,1.555556,2.58,id_direct
f0d4652f8edfbe6d,2020-05-09,UFC 249: Ferguson vs. Gaethje,Yorgan De Castro,Greg Hardy,us,zewnetrzne,2025-07-27 09:10:07.798897+00:00,latest,2.7,1.5,id_swapped
f2520dd5457ab293,2020-05-09,UFC 249: Ferguson vs. Gaethje,Carla Esparza,Michelle Waterson-Gomez,us,zewnetrzne,2025-07-27 09:10:07.798897+00:00,latest,1.645161,2.35,id_direct
fcfaa28ed6888088,2020-05-09,UFC 249: Ferguson vs. Gaethje,Jairzinho Rozenstruik,Francis Ngannou,us,zewnetrzne,2025-07-27 09:10:07.798897+00:00,latest,3.25,1.377358,id_swapped
3094e82731ec55e7,2020-05-13,UFC Fight Night: Smith vs. Teixeira,Ricky Simon,Ray Borg,us,zewnetrzne,2025-07-27 09:10:07.798897+00:00,latest,1.588235,2.5,id_direct
394ae51820bedd4c,2020-05-13,UFC Fight Night: Smith vs. Teixeira,Ovince Saint Preux,Ben Rothwell,us,zewnetrzne,2025-07-27 09:10:07.798897+00:00,latest,1.757576,2.12,id_swapped
3ce634d03af7e14c,2020-05-13,UFC Fight Night: Smith vs. Teixeira,Hunter Azure,Brian Kelleher,us,zewnetrzne,2025-07-27 09:10:07.798897+00:00,latest,1.5,2.7,id_direct
46c050a827ee83d6,2020-05-13,UFC Fight Night: Smith vs. Teixeira,Alexander Hernandez,Drew Dober,us,zewnetrzne,2025-07-27 09:10:07.798897+00:00,latest,2.0,1.833333,id_direct
8539c4b795d33a92,2020-05-13,UFC Fight Night: Smith vs. Teixeira,Glover Teixeira,Anthony Smith,us,zewnetrzne,2025-07-27 09:10:07.798897+00:00,latest,2.55,1.571429,id_swapped
87f58feac6b50367,2020-05-13,UFC Fight Night: Smith vs. Teixeira,Michael Johnson,Thiago Moises,us,zewnetrzne,2025-07-27 09:10:07.798897+00:00,latest,1.909091,1.909091,id_direct
918103d82ecbed75,2020-05-13,UFC Fight Night: Smith vs. Teixeira,Gabriel Benitez,Omar Morales,us,zewnetrzne,2025-07-27 09:10:07.798897+00:00,latest,2.6,1.540541,id_direct
fbbba3da4438cb04,2020-05-13,UFC Fight Night: Smith vs. Teixeira,Sijara Eubanks,Sarah Moras,us,zewnetrzne,2025-07-27 09:10:07.798897+00:00,latest,1.27027,4.1,id_direct
27bfb9205119f23b,2020-05-16,UFC Fight Night: Overeem vs. Harris,Claudia Gadelha,Angela Hill,us,zewnetrzne,2025-07-27 09:10:07.798897+00:00,latest,1.392157,3.15,id_direct
58540b24ed77d31b,2020-05-16,UFC Fight Night: Overeem vs. Harris,Edson Barboza,Dan Ige,us,zewnetrzne,2025-07-27 09:10:07.798897+00:00,latest,1.757576,2.12,id_swapped
81f2f2d4b0302590,2020-05-16,UFC Fight Night: Overeem vs. Harris,Marlon Vera,Song Yadong,us,zewnetrzne,2025-07-27 09:10:07.798897+00:00,latest,2.7,1.5,id_swapped
906283a2adcbc3e0,2020-05-16,UFC Fight Night: Overeem vs. Harris,Cortney Casey,Mara Romero Borella,us,zewnetrzne,2025-07-27 09:10:07.798897+00:00,latest,1.540541,2.6,id_direct
ce0748519d5ea5c6,2020-05-16,UFC Fight Night: Overeem vs. Harris,Walt Harris,Alistair Overeem,us,zewnetrzne,2025-07-27 09:10:07.798897+00:00,latest,1.645161,2.35,id_swapped
03e5127d4832750c,2020-05-30,UFC Fight Night: Woodley vs. Burns,Roosevelt Roberts,Brok Weaver,us,zewnetrzne,2025-07-27 09:10:07.798897+00:00,latest,1.277778,4.0,id_direct
1e9a2b197ebff074,2020-05-30,UFC Fight Night: Woodley vs. Burns,Billy Quarantillo,Spike Carlyle,us,zewnetrzne,2025-07-27 09:10:07.798897+00:00,latest,1.769231,2.1,id_direct
2300ad7f87080ad7,2020-05-30,UFC Fight Night: Woodley vs. Burns,Vince Morales,Chris Gutierrez,us,zewnetrzne,2025-07-27 09:10:07.798897+00:00,latest,1.909091,1.909091,id_swapped
3640defb8294bd37,2020-05-30,UFC Fight Night: Woodley vs. Burns,Hannah Cifers,Mackenzie Dern,us,zewnetrzne,2025-07-27 09:10:07.798897+00:00,latest,4.35,1.238095,id_swapped
57dec2b07b75dada,2020-05-30,UFC Fight Night: Woodley vs. Burns,Louis Smolka,Casey Kenney,us,zewnetrzne,2025-07-27 09:10:07.798897+00:00,latest,3.3,1.37037,id_direct
a41384da70013373,2020-05-30,UFC Fight Night: Woodley vs. Burns,Antonina Shevchenko,Katlyn Cerminara,us,zewnetrzne,2025-07-27 09:10:07.798897+00:00,latest,1.769231,2.1,id_swapped
a6743d41b0b95271,2020-05-30,UFC Fight Night: Woodley vs. Burns,Blagoy Ivanov,Augusto Sakai,us,zewnetrzne,2025-07-27 09:10:07.798897+00:00,latest,1.952381,1.869565,id_direct
e9eab0fa03eecd9b,2020-05-30,UFC Fight Night: Woodley vs. Burns,Gilbert Burns,Tyron Woodley,us,zewnetrzne,2025-07-27 09:10:07.798897+00:00,latest,2.5,1.588235,id_swapped
0ddf834a47533d15,2020-06-06,UFC 250: Nunes vs. Spencer,Raphael Assuncao,Cody Garbrandt,us,zewnetrzne,2025-07-27 09:10:07.798897+00:00,latest,2.2,1.714286,id_direct
1c7ea3928c7d0ad8,2020-06-06,UFC 250: Nunes vs. Spencer,Charles Byrd,Maki Pitolo,us,zewnetrzne,2025-07-27 09:10:07.798897+00:00,latest,1.571429,2.55,id_direct
20ba608a6e717f05,2020-06-06,UFC 250: Nunes vs. Spencer,Herbert Burns,Evan Dunham,us,zewnetrzne,2025-07-27 09:10:07.798897+00:00,latest,1.444444,2.85,id_swapped
58584ccd0f63e3f3,2020-06-06,UFC 250: Nunes vs. Spencer,Sean O'Malley,Eddie Wineland,us,zewnetrzne,2025-07-27 09:10:07.798897+00:00,latest,1.2,5.0,id_swapped
5fdf6611815efdfb,2020-06-06,UFC 250: Nunes vs. Spencer,Alonzo Menifield,Devin Clark,us,zewnetrzne,2025-07-27 09:10:07.798897+00:00,latest,1.444444,2.85,id_direct
6fe8bce03a46350b,2020-06-06,UFC 250: Nunes vs. Spencer,Ian Heinisch,Gerald Meerschaert,us,zewnetrzne,2025-07-27 09:10:07.798897+00:00,latest,1.769231,2.1,id_direct
8bede5047e97d602,2020-06-06,UFC 250: Nunes vs. Spencer,Anthony Rocco Martin,Neil Magny,us,zewnetrzne,2025-07-27 09:10:07.798897+00:00,latest,2.15,1.740741,id_swapped
c03b6b6ce5d03276,2020-06-06,UFC 250: Nunes vs. Spencer,Cory Sandhagen,Aljamain Sterling,us,zewnetrzne,2025-07-27 09:10:07.798897+00:00,latest,1.952381,1.869565,id_swapped
c6ca435e24c5f4e4,2020-06-06,UFC 250: Nunes vs. Spencer,Brian Kelleher,Cody Stamann,us,zewnetrzne,2025-07-27 09:10:07.798897+00:00,latest,3.1,1.4,id_swapped
dc38c78358e053c3,2020-06-06,UFC 250: Nunes vs. Spencer,Felicia Spencer,Amanda Nunes,us,zewnetrzne,2025-07-27 09:10:07.798897+00:00,latest,5.5,1.166667,id_swapped
de4c4997f1429dd1,2020-06-06,UFC 250: Nunes vs. Spencer,Alex Perez,Jussier Formiga,us,zewnetrzne,2025-07-27 09:10:07.798897+00:00,latest,1.740741,2.15,id_swapped
f2cd665eab69876a,2020-06-06,UFC 250: Nunes vs. Spencer,Alex Caceres,Chase Hooper,us,zewnetrzne,2025-07-27 09:10:07.798897+00:00,latest,2.68,1.512821,id_direct
1109a8f2adc81ce0,2020-06-13,UFC Fight Night: Eye vs. Calvillo,Charles Rosa,Kevin Aguilar,us,zewnetrzne,2025-07-27 09:10:07.798897+00:00,latest,2.7,1.540541,id_direct
97125cd6a94b6394,2020-06-13,UFC Fight Night: Eye vs. Calvillo,Gina Mazany,Julia Avila,us,zewnetrzne,2025-07-27 09:10:07.798897+00:00,latest,5.85,1.173913,id_swapped
b8b692aa2aae3310,2020-06-13,UFC Fight Night: Eye vs. Calvillo,Cynthia Calvillo,Jessica Eye,us,zewnetrzne,2025-07-27 09:10:07.798897+00:00,latest,1.769231,2.2,id_swapped
cab532b4544580bd,2020-06-13,UFC Fight Night: Eye vs. Calvillo,Andre Fili,Charles Jourdain,us,zewnetrzne,2025-07-27 09:10:07.798897+00:00,latest,1.454545,3.0,id_direct
e36b8b88646f72f8,2020-06-13,UFC Fight Night: Eye vs. Calvillo,Jordan Espinosa,Mark De La Rosa,us,zewnetrzne,2025-07-27 09:10:07.798897+00:00,latest,1.598802,2.57,id_direct
e857ca0bc3b9fdcd,2020-06-13,UFC Fight Night: Eye vs. Calvillo,Karl Roberson,Marvin Vettori,us,zewnetrzne,2025-07-27 09:10:07.798897+00:00,latest,3.1,1.434783,id_direct
088b47d890b389e9,2020-06-20,UFC Fight Night: Blaydes vs. Volkov,Roxanne Modafferi,Lauren Murphy,us,zewnetrzne,2025-07-27 09:10:07.798897+00:00,latest,1.8,2.05,id_direct
0c3622569cd8062a,2020-06-20,UFC Fight Night: Blaydes vs. Volkov,Alexander Volkov,Curtis Blaydes,us,zewnetrzne,2025-07-27 09:10:07.798897+00:00,latest,4.25,1.25,id_swapped
4f99b4a39925cb47,2020-06-20,UFC Fight Night: Blaydes vs. Volkov,Shane Burgos,Josh Emmett,us,zewnetrzne,2025-07-27 09:10:07.798897+00:00,latest,1.714286,2.2,id_swapped
8b9e9f283e76b429,2020-06-20,UFC Fight Night: Blaydes vs. Volkov,Marion Reneau,Raquel Pennington,us,zewnetrzne,2025-07-27 09:10:07.798897+00:00,latest,2.4,1.625,id_swapped
90715135a543b6e3,2020-06-20,UFC Fight Night: Blaydes vs. Volkov,Gillian Robertson,Cortney Casey,us,zewnetrzne,2025-07-27 09:10:07.798897+00:00,latest,1.833333,2.0,id_swapped
9b39e15b42422a08,2020-06-20,UFC Fight Night: Blaydes vs. Volkov,Roosevelt Roberts,Jim Miller,us,zewnetrzne,2025-07-27 09:10:07.798897+00:00,latest,1.416667,3.0,id_swapped
f00921c62315be96,2020-06-20,UFC Fight Night: Blaydes vs. Volkov,Lyman Good,Belal Muhammad,us,zewnetrzne,2025-07-27 09:10:07.798897+00:00,latest,2.1,1.769231,id_swapped
0f369d09416b9e34,2020-06-27,UFC Fight Night: Poirier vs. Hooker,Youssef Zalal,Jordan Griffin,us,zewnetrzne,2025-07-27 09:10:07.798897+00:00,latest,1.877193,1.943396,id_swapped
75570ea2da94a4fb,2020-06-27,UFC Fight Night: Poirier vs. Hooker,Tanner Boser,Philipe Lins,us,zewnetrzne,2025-07-27 09:10:07.798897+00:00,latest,1.892857,1.892857,id_swapped
8a8fea2c10512434,2020-06-27,UFC Fight Night: Poirier vs. Hooker,Sean Woodson,Julian Erosa,us,zewnetrzne,2025-07-27 09:10:07.798897+00:00,latest,1.21978,4.25,id_direct
9025e3c6b6d71253,2020-06-27,UFC Fight Night: Poirier vs. Hooker,Luis Pena,Khama Worthy,us,zewnetrzne,2025-07-27 09:10:07.798897+00:00,latest,1.4,2.95,id_direct
9ce56acac775d386,2020-06-27,UFC Fight Night: Poirier vs. Hooker,Maurice Greene,Gian Villante,us,zewnetrzne,2025-07-27 09:10:07.798897+00:00,latest,1.434783,2.8,id_swapped
f2d9814936a6eb35,2020-06-27,UFC Fight Night: Poirier vs. Hooker,Mickey Gall,Mike Perry,us,zewnetrzne,2025-07-27 09:10:07.798897+00:00,latest,3.35,1.31746,id_swapped
f8dd1e75978a3957,2020-06-27,UFC Fight Night: Poirier vs. Hooker,Dustin Poirier,Dan Hooker,us,zewnetrzne,2025-07-27 09:10:07.798897+00:00,latest,1.444444,2.8,id_direct
08e48648e3504638,2020-07-11,UFC 251: Usman vs. Masvidal,Karol Rosa,Vanessa Melo,us,zewnetrzne,2025-07-27 09:10:07.798897+00:00,latest,1.4,2.95,id_direct
0f9be7ac405772f8,2020-07-11,UFC 251: Usman vs. Masvidal,Jose Aldo,Petr Yan,us,zewnetrzne,2025-07-27 09:10:07.798897+00:00,latest,2.75,1.465116,id_swapped
159646a9d2ae8ea5,2020-07-11,UFC 251: Usman vs. Masvidal,Makwan Amirkhani,Danny Henry,us,zewnetrzne,2025-07-27 09:10:07.798897+00:00,latest,1.465116,2.7,id_direct
5d6fb4acfe5cc8a1,2020-07-11,UFC 251: Usman vs. Masvidal,Davey Grant,Martin Day,us,zewnetrzne,2025-07-27 09:10:07.798897+00:00,latest,2.3,1.617284,id_swapped
6e0c1faaf40caf9a,2020-07-11,UFC 251: Usman vs. Masvidal,Paige VanZant,Amanda Ribas,us,zewnetrzne,2025-07-27 09:10:07.798897+00:00,latest,6.0,1.12987,id_swapped
94b1596c6ff9a25d,2020-07-11,UFC 251: Usman vs. Masvidal,Max Holloway,Alexander Volkanovski,us,zewnetrzne,2025-07-27 09:10:07.798897+00:00,latest,2.7,1.47619,id_swapped
ce7cd2ec773bea7f,2020-07-11,UFC 251: Usman vs. Masvidal,Muslim Salikhov,Elizeu Zaleski dos Santos,us,zewnetrzne,2025-07-27 09:10:07.798897+00:00,latest,1.746269,2.08,id_swapped
d292243c6499b2fe,2020-07-11,UFC 251: Usman vs. Masvidal,Jorge Masvidal,Kamaru Usman,us,zewnetrzne,2025-07-27 09:10:07.798897+00:00,latest,2.9,1.416667,id_swapped
e16f42a666e163d8,2020-07-11,UFC 251: Usman vs. Masvidal,Rose Namajunas,Jessica Andrade,us,zewnetrzne,2025-07-27 09:10:07.798897+00:00,latest,1.465116,2.75,id_swapped
15def71ff1679e06,2020-07-15,UFC Fight Night: Kattar vs. Ige,Molly McCann,Taila Santos,us,zewnetrzne,2025-07-27 09:10:07.798897+00:00,latest,1.657895,2.2,id_direct
7dbf23cb872edc9c,2020-07-15,UFC Fight Night: Kattar vs. Ige,Ryan Benoit,Tim Elliott,us,zewnetrzne,2025-07-27 09:10:07.798897+00:00,latest,2.12,1.70922,id_swapped
819f51ef9d945a46,2020-07-15,UFC Fight Night: Kattar vs. Ige,Jared Gordon,Chris Fishgold,us,zewnetrzne,2025-07-27 09:10:07.798897+00:00,latest,1.699301,2.15,id_direct
abeaae1a64934178,2020-07-15,UFC Fight Night: Kattar vs. Ige,Calvin Kattar,Dan Ige,us,zewnetrzne,2025-07-27 09:10:07.798897+00:00,latest,1.34965,3.2,id_direct
d4c314616eac8f8b,2020-07-15,UFC Fight Night: Kattar vs. Ige,Jimmie Rivera,Cody Stamann,us,zewnetrzne,2025-07-27 09:10:07.798897+00:00,latest,1.70922,2.12,id_direct
dccea04cc3567955,2020-07-15,UFC Fight Night: Kattar vs. Ige,Diana Belbita,Liana Jojua,us,zewnetrzne,2025-07-27 09:10:07.798897+00:00,latest,1.512821,2.55,id_direct
f3c42ce9fad55eb7,2020-07-15,UFC Fight Night: Kattar vs. Ige,Aaron Phillips,Jack Shore,us,zewnetrzne,2025-07-27 09:10:07.798897+00:00,latest,5.75,1.13986,id_swapped
f3efc6121c5323ff,2020-07-15,UFC Fight Night: Kattar vs. Ige,Ricardo Ramos,Lerone Murphy,us,zewnetrzne,2025-07-27 09:10:07.798897+00:00,latest,1.617284,2.3,id_direct
4dc5039b21013b3a,2020-07-18,UFC Fight Night: Figueiredo vs. Benavidez 2,Joseph Benavidez,Deiveson Figueiredo,us,zewnetrzne,2025-07-27 09:10:07.798897+00:00,latest,2.8,1.444444,id_swapped
b5f70d0c88f12645,2020-07-18,UFC Fight Night: Figueiredo vs. Benavidez 2,Montel Jackson,Brett Johns,us,zewnetrzne,2025-07-27 09:10:07.798897+00:00,latest,1.465116,2.7,id_swapped
b76c0b0ed2926737,2020-07-18,UFC Fight Night: Figueiredo vs. Benavidez 2,Joel Alvarez,Joe Duffy,us,zewnetrzne,2025-07-27 09:10:07.798897+00:00,latest,3.5,1.298507,id_swapped
ba4485ce4e8e3fe1,2020-07-18,UFC Fight Night: Figueiredo vs. Benavidez 2,Alexandre Pantoja,Askar Askarov,us,zewnetrzne,2025-07-27 09:10:07.798897+00:00,latest,1.47619,2.65,id_direct
bb881d4ee6dfbf86,2020-07-18,UFC Fight Night: Figueiredo vs. Benavidez 2,Nad Narimani,Grant Dawson,us,zewnetrzne,2025-07-27 09:10:07.798897+00:00,latest,2.95,1.4,id_swapped
e5872dfa5b93fcbb,2020-07-18,UFC Fight Night: Figueiredo vs. Benavidez 2,Marc Diakiese,Rafael Fiziev,us,zewnetrzne,2025-07-27 09:10:07.798897+00:00,latest,1.598802,2.35,id_direct
ecb24300bb3bef8c,2020-07-18,UFC Fight Night: Figueiredo vs. Benavidez 2,Davi Ramos,Arman Tsarukyan,us,zewnetrzne,2025-07-27 09:10:07.798897+00:00,latest,2.6,1.5,id_direct
fcfd2e6eed519cb9,2020-07-18,UFC Fight Night: Figueiredo vs. Benavidez 2,Jack Hermansson,Kelvin Gastelum,us,zewnetrzne,2025-07-27 09:10:07.798897+00:00,latest,1.892857,1.892857,id_direct
11f715fa5e825e51,2020-07-25,UFC Fight Night: Whittaker vs. Till,Darren Till,Robert Whittaker,us,zewnetrzne,2025-07-27 09:10:07.798897+00:00,latest,2.07,1.769231,id_swapped
32b0e450b11b32fe,2020-07-25,UFC Fight Night: Whittaker vs. Till,Mike Grundy,Movsar Evloev,us,zewnetrzne,2025-07-27 09:10:07.798897+00:00,latest,2.61,1.5,id_swapped
54bbc7974df586a1,2020-07-25,UFC Fight Night: Whittaker vs. Till,Bethe Correia,Pannie Kianzad,us,zewnetrzne,2025-07-27 09:10:07.798897+00:00,latest,2.31,1.617284,id_direct
5632f2364016e879,2020-07-25,UFC Fight Night: Whittaker vs. Till,Marina Rodriguez,Carla Esparza,us,zewnetrzne,2025-07-27 09:10:07.798897+00:00,latest,1.549451,2.45,id_swapped
58e07add007685f8,2020-07-25,UFC Fight Night: Whittaker vs. Till,Peter Sobotta,Alex Oliveira,us,zewnetrzne,2025-07-27 09:10:07.798897+00:00,latest,2.45,1.549451,id_swapped
74dae3d87a99cf5d,2020-07-25,UFC Fight Night: Whittaker vs. Till,Gadzhimurad Antigulov,Paul Craig,us,zewnetrzne,2025-07-27 09:10:07.798897+00:00,latest,2.1,1.729927,id_swapped
88d3b6b833e31712,2020-07-25,UFC Fight Night: Whittaker vs. Till,Tanner Boser,Raphael Pessoa,us,zewnetrzne,2025-07-27 09:10:07.798897+00:00,latest,1.359712,3.2,id_direct
a3820f1eb82f2ba6,2020-07-25,UFC Fight Night: Whittaker vs. Till,Mauricio Rua,Rogerio Nogueira,us,zewnetrzne,2025-07-27 09:10:07.798897+00:00,latest,1.526316,2.5,id_direct
f786136e55007e17,2020-07-25,UFC Fight Night: Whittaker vs. Till,Alexander Gustafsson,Fabricio Werdum,us,zewnetrzne,2025-07-27 09:10:07.798897+00:00,latest,1.298507,3.6,id_swapped
0b88d0c76f9cd7e4,2020-08-01,UFC Fight Night: Brunson vs. Shahbazyan,Edmen Shahbazyan,Derek Brunson,us,zewnetrzne,2025-07-27 09:10:07.798897+00:00,latest,1.277778,3.75,id_swapped
2fb1abeb337e0ccc,2020-08-01,UFC Fight Night: Brunson vs. Shahbazyan,Vicente Luque,Randy Brown,us,zewnetrzne,2025-07-27 09:10:07.798897+00:00,latest,1.5,2.6,id_direct
94b48b98d0292720,2020-08-01,UFC Fight Night: Brunson vs. Shahbazyan,Frankie Saenz,Jonathan Martinez,us,zewnetrzne,2025-07-27 09:10:07.798897+00:00,latest,3.0,1.4,id_direct
1308213458d8596b,2020-08-08,UFC Fight Night: Lewis vs. Oleinik,Justin Jaynes,Gavin Tucker,us,zewnetrzne,2025-07-27 09:10:07.798897+00:00,latest,2.12,1.719424,id_swapped
22e10b23784e5efc,2020-08-08,UFC Fight Night: Lewis vs. Oleinik,Omari Akhmedov,Chris Weidman,us,zewnetrzne,2025-07-27 09:10:07.798897+00:00,latest,2.15,1.70922,id_direct
6f1892ed71d943d7,2020-08-08,UFC Fight Night: Lewis vs. Oleinik,Tim Means,Laureano Staropoli,us,zewnetrzne,2025-07-27 09:10:07.798897+00:00,latest,2.2,1.666667,id_direct
a2e34655a41ba45c,2020-08-08,UFC Fight Night: Lewis vs. Oleinik,Aleksei Oleinik,Derrick Lewis,us,zewnetrzne,2025-07-27 09:10:07.798897+00:00,latest,2.6,1.5,id_swapped
ad62675e819e92fc,2020-08-08,UFC Fight Night: Lewis vs. Oleinik,Yana Santos,Julija Stoliarenko,us,zewnetrzne,2025-07-27 09:10:07.798897+00:00,latest,1.526316,2.5,id_direct
c2ddadfa1a1056be,2020-08-08,UFC Fight Night: Lewis vs. Oleinik,Darren Stewart,Maki Pitolo,us,zewnetrzne,2025-07-27 09:10:07.798897+00:00,latest,1.645161,2.25,id_swapped
cfb189e326553f0a,2020-08-08,UFC Fight Night: Lewis vs. Oleinik,Beneil Dariush,Scott Holtzman,us,zewnetrzne,2025-07-27 09:10:07.798897+00:00,latest,1.5,2.6,id_direct
e8f4e8ff49678b44,2020-08-08,UFC Fight Night: Lewis vs. Oleinik,Wellington Turman,Andrew Sanchez,us,zewnetrzne,2025-07-27 09:10:07.798897+00:00,latest,1.617284,2.3,id_swapped
054794810817c1cc,2020-08-15,UFC 252: Miocic vs. Cormier 3,Vinc Pichel,Jim Miller,us,zewnetrzne,2025-07-27 09:10:07.798897+00:00,latest,1.806452,2.0,id_swapped
0d9e9127c62811f9,2020-08-15,UFC 252: Miocic vs. Cormier 3,Daniel Pineda,Herbert Burns,us,zewnetrzne,2025-07-27 09:10:07.798897+00:00,latest,3.25,1.34965,id_swapped
3bdacc82209b33f5,2020-08-15,UFC 252: Miocic vs. Cormier 3,Stipe Miocic,Daniel Cormier,us,zewnetrzne,2025-07-27 09:10:07.798897+00:00,latest,1.943396,1.892857,id_direct
5081319e58f9759f,2020-08-15,UFC 252: Miocic vs. Cormier 3,Virna Jandiroba,Felice Herrig,us,zewnetrzne,2025-07-27 09:10:07.798897+00:00,latest,1.31746,3.4,id_swapped
57939328c1214107,2020-08-15,UFC 252: Miocic vs. Cormier 3,John Dodson,Merab Dvalishvili,us,zewnetrzne,2025-07-27 09:10:07.798897+00:00,latest,2.88,1.416667,id_direct
7200343d2e957cf3,2020-08-15,UFC 252: Miocic vs. Cormier 3,Marlon Vera,Sean O'Malley,us,zewnetrzne,2025-07-27 09:10:07.798897+00:00,latest,3.4,1.327869,id_swapped
745bdd823161da89,2020-08-15,UFC 252: Miocic vs. Cormier 3,Ashley Yoder,Livinha Souza,us,zewnetrzne,2025-07-27 09:10:07.798897+00:00,latest,2.3,1.617284,id_direct
dc24c4759651c6ad,2020-08-15,UFC 252: Miocic vs. Cormier 3,Jairzinho Rozenstruik,Junior Dos Santos,us,zewnetrzne,2025-07-27 09:10:07.798897+00:00,latest,1.699301,2.15,id_swapped
23e548f618dd0e5f,2020-08-22,UFC Fight Night: Munhoz vs. Edgar,Joe Solecki,Austin Hubbard,us,zewnetrzne,2025-07-27 09:10:07.798897+00:00,latest,1.892857,1.892857,id_swapped
37a6fc5e69a7932d,2020-08-22,UFC Fight Night: Munhoz vs. Edgar,Shana Dobson,Mariya Agapova,us,zewnetrzne,2025-07-27 09:10:07.798897+00:00,latest,8.5,1.06993,id_swapped
5d9a3bfdcd28abb8,2020-08-22,UFC Fight Night: Munhoz vs. Edgar,Mike Rodriguez,Marcin Prachnio,us,zewnetrzne,2025-07-27 09:10:07.798897+00:00,latest,1.416667,2.88,id_swapped
cfa0dbc7534f3545,2020-08-22,UFC Fight Night: Munhoz vs. Edgar,Daniel Rodriguez,Dwight Grant,us,zewnetrzne,2025-07-27 09:10:07.798897+00:00,latest,1.434783,2.8,id_direct
dfe14e13aa727a0c,2020-08-22,UFC Fight Night: Munhoz vs. Edgar,Pedro Munhoz,Frankie Edgar,us,zewnetrzne,2025-07-27 09:10:07.798897+00:00,latest,1.359712,3.25,id_direct
0a7517a16d2d9db6,2020-08-29,UFC Fight Night: Smith vs. Rakic,Zak Cummings,Alessio Di Chirico,us,zewnetrzne,2025-07-27 09:10:07.798897+00:00,latest,1.917431,1.877193,id_swapped
0a9f22de8600c762,2020-08-29,UFC Fight Night: Smith vs. Rakic,Ji Yeon Kim,Alexa Grasso,us,zewnetrzne,2025-07-27 09:10:07.798897+00:00,latest,3.3,1.31746,id_direct
16358c536d739017,2020-08-29,UFC Fight Night: Smith vs. Rakic,Polyana Viana,Emily Whitmire,us,zewnetrzne,2025-07-27 09:10:07.798897+00:00,latest,2.1,1.719424,id_direct
1ff4586752ee8a93,2020-08-29,UFC Fight Night: Smith vs. Rakic,Aleksandar Rakic,Anthony Smith,us,zewnetrzne,2025-07-27 09:10:07.798897+00:00,latest,1.359712,3.25,id_swapped
864cddd6e165ea2d,2020-08-29,UFC Fight Night: Smith vs. Rakic,Neil Magny,Robbie Lawler,us,zewnetrzne,2025-07-27 09:10:07.798897+00:00,latest,1.4,3.0,id_swapped
c5ba56d51f6b0171,2020-08-29,UFC Fight Night: Smith vs. Rakic,Sean Brady,Christian Aguilera,us,zewnetrzne,2025-07-27 09:10:07.798897+00:00,latest,1.21978,4.3,id_direct
e1e31a8dfa9c27f6,2020-08-29,UFC Fight Night: Smith vs. Rakic,Mallory Martin,Hannah Cifers,us,zewnetrzne,2025-07-27 09:10:07.798897+00:00,latest,1.31746,3.39,id_direct
0e809b7e37681783,2020-09-05,UFC Fight Night: Overeem vs. Sakai,Ovince Saint Preux,Alonzo Menifield,us,zewnetrzne,2025-07-27 09:10:07.798897+00:00,latest,2.1,1.746269,id_direct
0f279b25ccbecc76,2020-09-05,UFC Fight Night: Overeem vs. Sakai,Michel Pereira,Zelim Imadaev,us,zewnetrzne,2025-07-27 09:10:07.798897+00:00,latest,1.892857,1.892857,id_direct
24341a8cf1152c5c,2020-09-05,UFC Fight Night: Overeem vs. Sakai,Augusto Sakai,Alistair Overeem,us,zewnetrzne,2025-07-27 09:10:07.798897+00:00,latest,2.3,1.628931,id_swapped
7340b4cbdbac5863,2020-09-05,UFC Fight Night: Overeem vs. Sakai,Hunter Azure,Cole Smith,us,zewnetrzne,2025-07-27 09:10:07.798897+00:00,latest,1.425532,2.85,id_swapped
7930c605c6a6ec88,2020-09-05,UFC Fight Night: Overeem vs. Sakai,Viviane Araujo,Montana De La Rosa,us,zewnetrzne,2025-07-27 09:10:07.798897+00:00,latest,1.549451,2.45,id_direct
e8206c7380441fbb,2020-09-05,UFC Fight Night: Overeem vs. Sakai,Andre Muniz,Bartosz Fabinski,us,zewnetrzne,2025-07-27 09:10:07.798897+00:00,latest,2.32,1.606061,id_direct
0ffbf3096a13b47e,2020-09-12,UFC Fight Night: Waterson vs. Hill,Michelle Waterson-Gomez,Angela Hill,us,zewnetrzne,2025-07-27 09:10:07.798897+00:00,latest,2.05,1.8,id_direct
1ed8776f978a0155,2020-09-12,UFC Fight Night: Waterson vs. Hill,Khama Worthy,Ottman Azaitar,us,zewnetrzne,2025-07-27 09:10:07.798897+00:00,latest,1.729927,2.1,id_swapped
3901d9cdbb0949bc,2020-09-12,UFC Fight Night: Waterson vs. Hill,Ed Herman,Mike Rodriguez,us,zewnetrzne,2025-07-27 09:10:07.798897+00:00,latest,2.95,1.4,id_direct
463fc1fd1f17befb,2020-09-12,UFC Fight Night: Waterson vs. Hill,Anthony Ivy,Bryan Barberena,us,zewnetrzne,2025-07-27 09:10:07.798897+00:00,latest,3.15,1.359712,id_swapped
764012f51c7dc223,2020-09-12,UFC Fight Night: Waterson vs. Hill,Andrea Lee,Roxanne Modafferi,us,zewnetrzne,2025-07-27 09:10:07.798897+00:00,latest,1.298507,3.4,id_swapped
bcc9dca5136fc765,2020-09-12,UFC Fight Night: Waterson vs. Hill,Jalin Turner,Brok Weaver,us,zewnetrzne,2025-07-27 09:10:07.798897+00:00,latest,1.238095,4.06,id_swapped
c58aaabf2c5635d7,2020-09-12,UFC Fight Night: Waterson vs. Hill,Kyle Nelson,Billy Quarantillo,us,zewnetrzne,2025-07-27 09:10:07.798897+00:00,latest,2.95,1.4,id_swapped
cf0e0f95524f187a,2020-09-12,UFC Fight Night: Waterson vs. Hill,Sijara Eubanks,Julia Avila,us,zewnetrzne,2025-07-27 09:10:07.798897+00:00,latest,3.3,1.327869,id_swapped
ed8fb10b596e6fa4,2020-09-12,UFC Fight Night: Waterson vs. Hill,Sabina Mazo,Justine Kish,us,zewnetrzne,2025-07-27 09:10:07.798897+00:00,latest,1.377358,3.0,id_direct
1a484c452623181e,2020-09-19,UFC Fight Night: Covington vs. Woodley,Ryan Spann,Johnny Walker,us,zewnetrzne,2025-07-27 09:10:07.798897+00:00,latest,2.0,1.8,id_swapped
36807d8a7ebc84a5,2020-09-19,UFC Fight Night: Covington vs. Woodley,Jordan Espinosa,David Dvorak,us,zewnetrzne,2025-07-27 09:10:07.798897+00:00,latest,1.892857,1.892857,id_direct
3a38b0b566f3045d,2020-09-19,UFC Fight Night: Covington vs. Woodley,Irwin Rivera,Andre Ewell,us,zewnetrzne,2025-07-27 09:10:07.798897+00:00,latest,2.87,1.416667,id_swapped
42ecb9a94bebc24d,2020-09-19,UFC Fight Night: Covington vs. Woodley,Randy Costa,Journey Newson,us,zewnetrzne,2025-07-27 09:10:07.798897+00:00,latest,2.1,1.729927,id_swapped
498766b46b8b4a7f,2020-09-19,UFC Fight Night: Covington vs. Woodley,Gerald Meerschaert,Khamzat Chimaev,us,zewnetrzne,2025-07-27 09:10:07.798897+00:00,latest,4.0,1.25,id_swapped
4f3cd94861c6a876,2020-09-19,UFC Fight Night: Covington vs. Woodley,Mara Romero Borella,Mayra Bueno Silva,us,zewnetrzne,2025-07-27 09:10:07.798897+00:00,latest,3.1,1.363636,id_swapped
78c3ca588e55bf31,2020-09-19,UFC Fight Night: Covington vs. Woodley,Kevin Holland,Darren Stewart,us,zewnetrzne,2025-07-27 09:10:07.798897+00:00,latest,1.377358,3.05,id_direct
859ca56770ac7672,2020-09-19,UFC Fight Night: Covington vs. Woodley,Randa Markos,Mackenzie Dern,us,zewnetrzne,2025-07-27 09:10:07.798897+00:00,latest,2.4,1.564972,id_swapped
aa08ebe1a69c76ca,2020-09-19,UFC Fight Night: Covington vs. Woodley,Damon Jackson,Mirsad Bektic,us,zewnetrzne,2025-07-27 09:10:07.798897+00:00,latest,3.77,1.266667,id_swapped
ca531425f5c042db,2020-09-19,UFC Fight Night: Covington vs. Woodley,Colby Covington,Tyron Woodley,us,zewnetrzne,2025-07-27 09:10:07.798897+00:00,latest,1.298507,3.6,id_direct
4c12c9085200121f,2020-09-26,UFC 253: Adesanya vs. Costa,Dominick Reyes,Jan Blachowicz,us,zewnetrzne,2025-07-27 09:10:07.798897+00:00,latest,1.377358,3.15,id_direct
5a00c73efbcf323e,2020-09-26,UFC 253: Adesanya vs. Costa,Hakeem Dawodu,Zubaira Tukhugov,us,zewnetrzne,2025-07-27 09:10:07.798897+00:00,latest,2.15,1.699301,id_direct
73dbbdfcf7f989c0,2020-09-26,UFC 253: Adesanya vs. Costa,Diego Sanchez,Jake Matthews,us,zewnetrzne,2025-07-27 09:10:07.798897+00:00,latest,5.7,1.13986,id_direct
8e7b2d62f834b417,2020-09-26,UFC 253: Adesanya vs. Costa,Jeff Hughes,Juan Espino,us,zewnetrzne,2025-07-27 09:10:07.798897+00:00,latest,3.33,1.327869,id_swapped
9e674a02db6c03c8,2020-09-26,UFC 253: Adesanya vs. Costa,Brandon Royval,Kai Kara-France,us,zewnetrzne,2025-07-27 09:10:07.798897+00:00,latest,2.88,1.416667,id_swapped
9f4d6d192ab4a027,2020-09-26,UFC 253: Adesanya vs. Costa,Brad Riddell,Alex Da Silva,us,zewnetrzne,2025-07-27 09:10:07.798897+00:00,latest,1.298507,3.53,id_direct
e842c6f63fa2e27a,2020-09-26,UFC 253: Adesanya vs. Costa,Sijara Eubanks,Ketlen Vieira,us,zewnetrzne,2025-07-27 09:10:07.798897+00:00,latest,2.5,1.526316,id_swapped
fd76b75c28dc247a,2020-09-26,UFC 253: Adesanya vs. Costa,Israel Adesanya,Paulo Costa,us,zewnetrzne,2025-07-27 09:10:07.798897+00:00,latest,1.537634,2.51,id_direct
0005e00b07cee542,2020-10-03,UFC Fight Night: Holm vs. Aldana,Irene Aldana,Holly Holm,us,zewnetrzne,2025-07-27 09:10:07.798897+00:00,latest,2.03,1.8,id_swapped
24ff0bb908095565,2020-10-03,UFC Fight Night: Holm vs. Aldana,Court McGee,Carlos Condit,us,zewnetrzne,2025-07-27 09:10:07.798897+00:00,latest,1.729927,2.11,id_swapped
81b16b26774be5d1,2020-10-03,UFC Fight Night: Holm vs. Aldana,Germaine de Randamie,Julianna Pena,us,zewnetrzne,2025-07-27 09:10:07.798897+00:00,latest,1.666667,2.22,id_direct
87105c63df95f929,2020-10-03,UFC Fight Night: Holm vs. Aldana,Loma Lookboonmee,Jinh Yu Frey,us,zewnetrzne,2025-07-27 09:10:07.798897+00:00,latest,1.666667,2.2,id_direct
ba6093c9136f99e9,2020-10-03,UFC Fight Night: Holm vs. Aldana,Yorgan De Castro,Carlos Felipe,us,zewnetrzne,2025-07-27 09:10:07.798897+00:00,latest,1.377358,3.05,id_direct
d866afa89d62a4ae,2020-10-03,UFC Fight Night: Holm vs. Aldana,Luigi Vendramini,Jessin Ayari,us,zewnetrzne,2025-07-27 09:10:07.798897+00:00,latest,1.917431,1.877193,id_direct
1720a97a2fa261f8,2020-10-10,UFC Fight Night: Moraes vs. Sandhagen,Ben Rothwell,Marcin Tybura,us,zewnetrzne,2025-07-27 09:10:07.798897+00:00,latest,1.628931,2.3,id_direct
1e525f9857019a2e,2020-10-10,UFC Fight Night: Moraes vs. Sandhagen,Chris Daukaus,Rodrigo Nascimento,us,zewnetrzne,2025-07-27 09:10:07.798897+00:00,latest,3.05,1.377358,id_direct
727ecd251325b6a8,2020-10-10,UFC Fight Night: Moraes vs. Sandhagen,Cory Sandhagen,Marlon Moraes,us,zewnetrzne,2025-07-27 09:10:07.798897+00:00,latest,1.70922,2.15,id_swapped
89dd4c256ca5d317,2020-10-10,UFC Fight Night: Moraes vs. Sandhagen,Giga Chikadze,Omar Morales,us,zewnetrzne,2025-07-27 09:10:07.798897+00:00,latest,2.36,1.571429,id_direct
db5802643b9fd7d4,2020-10-10,UFC Fight Night: Moraes vs. Sandhagen,Edson Barboza,Makwan Amirkhani,us,zewnetrzne,2025-07-27 09:10:07.798897+00:00,latest,1.34965,3.25,id_direct
dfb856d4c80bbf04,2020-10-10,UFC Fight Night: Moraes vs. Sandhagen,Tony Kelley,Ali AlQaisi,us,zewnetrzne,2025-07-27 09:10:07.798897+00:00,latest,1.408163,2.9,id_swapped
ee57cbd0b68c689d,2020-10-10,UFC Fight Night: Moraes vs. Sandhagen,Impa Kasanganay,Joaquin Buckley,us,zewnetrzne,2025-07-27 09:10:07.798897+00:00,latest,1.377358,3.0,id_direct
2735a2ea77ddc0b5,2020-10-17,UFC Fight Night: Ortega vs. The Korean Zombie,Fares Ziam,Jamie Mullarkey,us,zewnetrzne,2025-07-27 09:10:07.798897+00:00,latest,2.1,1.729927,id_swapped
4eb5f99202f5fe97,2020-10-17,UFC Fight Night: Ortega vs. The Korean Zombie,Claudio Silva,James Krause,us,zewnetrzne,2025-07-27 09:10:07.798897+00:00,latest,2.2,1.666667,id_direct
50e0bcba7551a25f,2020-10-17,UFC Fight Night: Ortega vs. The Korean Zombie,JunYong Park,John Phillips,us,zewnetrzne,2025-07-27 09:10:07.798897+00:00,latest,1.359712,3.15,id_direct
5a440bdee19efaab,2020-10-17,UFC Fight Night: Ortega vs. The Korean Zombie,Chan Sung Jung,Brian Ortega,us,zewnetrzne,2025-07-27 09:10:07.798897+00:00,latest,1.5,2.6,id_swapped
948da1b7ebbb06b3,2020-10-17,UFC Fight Night: Ortega vs. The Korean Zombie,Modestas Bukauskas,Jimmy Crute,us,zewnetrzne,2025-07-27 09:10:07.798897+00:00,latest,3.5,1.298507,id_swapped
9b6135943a4c8fe7,2020-10-17,UFC Fight Night: Ortega vs. The Korean Zombie,Gillian Robertson,Poliana Botelho,us,zewnetrzne,2025-07-27 09:10:07.798897+00:00,latest,1.465116,2.69,id_direct
b3e12698e65cf8d0,2020-10-17,UFC Fight Night: Ortega vs. The Korean Zombie,Maxim Grishin,Gadzhimurad Antigulov,us,zewnetrzne,2025-07-27 09:10:07.798897+00:00,latest,1.266667,3.77,id_swapped
e4d0be5ae320c4ae,2020-10-17,UFC Fight Night: Ortega vs. The Korean Zombie,Thomas Almeida,Jonathan Martinez,us,zewnetrzne,2025-07-27 09:10:07.798897+00:00,latest,1.719424,2.1,id_direct
e7a915f39ecf6db0,2020-10-17,UFC Fight Night: Ortega vs. The Korean Zombie,Jessica Andrade,Katlyn Cerminara,us,zewnetrzne,2025-07-27 09:10:07.798897+00:00,latest,1.628931,2.3,id_swapped
2279d909f6e3e552,2020-10-24,UFC 254: Khabib vs. Gaethje,Joel Alvarez,Alexander Yakovlev,us,zewnetrzne,2025-07-27 09:10:07.798897+00:00,latest,1.571429,2.38,id_direct
51108eabae8391ca,2020-10-24,UFC 254: Khabib vs. Gaethje,Jared Cannonier,Robert Whittaker,us,zewnetrzne,2025-07-27 09:10:07.798897+00:00,latest,1.909091,1.909091,id_swapped
59eea37af7efb06c,2020-10-24,UFC 254: Khabib vs. Gaethje,Khabib Nurmagomedov,Justin Gaethje,us,zewnetrzne,2025-07-27 09:10:07.798897+00:00,latest,1.31746,3.55,id_direct
6eaa4981d0335c8a,2020-10-24,UFC 254: Khabib vs. Gaethje,Tai Tuivasa,Stefan Struve,us,zewnetrzne,2025-07-27 09:10:07.798897+00:00,latest,1.892857,1.892857,id_swapped
ccfe7b0d29c5440c,2020-10-24,UFC 254: Khabib vs. Gaethje,Walt Harris,Alexander Volkov,us,zewnetrzne,2025-07-27 09:10:07.798897+00:00,latest,2.5,1.526316,id_swapped
de2069fea664c4b7,2020-10-24,UFC 254: Khabib vs. Gaethje,Nathaniel Wood,Casey Kenney,us,zewnetrzne,2025-07-27 09:10:07.798897+00:00,latest,2.4,1.564972,id_direct
eedcb6c5d163e581,2020-10-24,UFC 254: Khabib vs. Gaethje,Ion Cutelaba,Magomed Ankalaev,us,zewnetrzne,2025-07-27 09:10:07.798897+00:00,latest,3.5,1.298507,id_swapped
039c645e8f3ac00f,2020-10-31,UFC Fight Night: Hall vs. Silva,Anderson Silva,Uriah Hall,us,zewnetrzne,2025-07-27 09:10:07.798897+00:00,latest,2.85,1.434783,id_swapped
09f5fb0bec3c948a,2020-10-31,UFC Fight Night: Hall vs. Silva,Jack Marshman,Sean Strickland,us,zewnetrzne,2025-07-27 09:10:07.798897+00:00,latest,3.77,1.266667,id_swapped
696ff200d98fa878,2020-10-31,UFC Fight Night: Hall vs. Silva,Jason Witt,Cole Williams,us,zewnetrzne,2025-07-27 09:10:07.798897+00:00,latest,1.675676,2.19,id_swapped
783761d95060ffc4,2020-10-31,UFC Fight Night: Hall vs. Silva,Justin Ledet,Dustin Jacoby,us,zewnetrzne,2025-07-27 09:10:07.798897+00:00,latest,3.96,1.25,id_swapped
83955de599b2d874,2020-10-31,UFC Fight Night: Hall vs. Silva,Andre Fili,Bryce Mitchell,us,zewnetrzne,2025-07-27 09:10:07.798897+00:00,latest,2.2,1.666667,id_swapped
95beb5ec32718faf,2020-10-31,UFC Fight Night: Hall vs. Silva,Alexander Hernandez,Chris Gruetzemacher,us,zewnetrzne,2025-07-27 09:10:07.798897+00:00,latest,1.229885,4.15,id_swapped
d763ad79532b27ff,2020-10-31,UFC Fight Night: Hall vs. Silva,Maurice Greene,Greg Hardy,us,zewnetrzne,2025-07-27 09:10:07.798897+00:00,latest,3.5,1.298507,id_direct
2267d967d1daf08a,2020-11-07,UFC Fight Night: Santos vs. Teixeira,Marcos Rogerio de Lima,Alexandr Romanov,us,zewnetrzne,2025-07-27 09:10:07.798897+00:00,latest,4.3,1.21978,id_swapped
69fa167ba5d0fd82,2020-11-07,UFC Fight Night: Santos vs. Teixeira,Eduardo Garagorri,Darren Elkins,us,zewnetrzne,2025-07-27 09:10:07.798897+00:00,latest,2.85,1.416667,id_swapped
6ac3d588f9630f0a,2020-11-07,UFC Fight Night: Santos vs. Teixeira,Khalid Taha,Raoni Barcelos,us,zewnetrzne,2025-07-27 09:10:07.798897+00:00,latest,3.95,1.25,id_swapped
923e151bd990961b,2020-11-07,UFC Fight Night: Santos vs. Teixeira,Glover Teixeira,Thiago Santos,us,zewnetrzne,2025-07-27 09:10:07.798897+00:00,latest,2.9,1.416667,id_swapped
b76590c02f86e705,2020-11-07,UFC Fight Night: Santos vs. Teixeira,Yan Xiaonan,Claudia Gadelha,us,zewnetrzne,2025-07-27 09:10:07.798897+00:00,latest,1.645161,2.25,id_swapped
cb720b01fd6f9785,2020-11-07,UFC Fight Night: Santos vs. Teixeira,Gustavo Lopez,Anthony Birchak,us,zewnetrzne,2025-07-27 09:10:07.798897+00:00,latest,1.746269,2.08,id_direct
f0cf92b063735164,2020-11-07,UFC Fight Night: Santos vs. Teixeira,Tanner Boser,Andrei Arlovski,us,zewnetrzne,2025-07-27 09:10:07.798897+00:00,latest,1.327869,3.35,id_swapped
fea7dd5904ab4c91,2020-11-07,UFC Fight Night: Santos vs. Teixeira,Bevon Lewis,Trevin Giles,us,zewnetrzne,2025-07-27 09:10:07.798897+00:00,latest,1.8,2.0,id_swapped
30eb24f7904c2128,2020-11-14,UFC Fight Night: Felder vs. Dos Anjos,Khaos Williams,Abdul Razak Alhassan,us,zewnetrzne,2025-07-27 09:10:07.798897+00:00,latest,2.85,1.416667,id_swapped
34db1e0e2499e7ae,2020-11-14,UFC Fight Night: Felder vs. Dos Anjos,Miranda Granger,Ashley Yoder,us,zewnetrzne,2025-07-27 09:10:07.798897+00:00,latest,1.598802,2.35,id_swapped
80cb3cf9134b677c,2020-11-14,UFC Fight Night: Felder vs. Dos Anjos,Rafael Dos Anjos,Paul Felder,us,zewnetrzne,2025-07-27 09:10:07.798897+00:00,latest,1.5,2.65,id_swapped
9e4dcac049327529,2020-11-14,UFC Fight Night: Felder vs. Dos Anjos,Tony Gravely,Geraldo de Freitas,us,zewnetrzne,2025-07-27 09:10:07.798897+00:00,latest,1.675676,2.17,id_swapped
d80fd2ec736f7df2,2020-11-14,UFC Fight Night: Felder vs. Dos Anjos,Alex Morono,Rhys McKee,us,zewnetrzne,2025-07-27 09:10:07.798897+00:00,latest,1.564972,2.4,id_direct
f6472ca263a863d1,2020-11-14,UFC Fight Night: Felder vs. Dos Anjos,Don'Tale Mayes,Roque Martinez,us,zewnetrzne,2025-07-27 09:10:07.798897+00:00,latest,1.377358,3.05,id_direct
fa6e8fa6c3f05e31,2020-11-14,UFC Fight Night: Felder vs. Dos Anjos,Sean Strickland,Brendan Allen,us,zewnetrzne,2025-07-27 09:10:07.798897+00:00,latest,1.943396,1.847458,id_swapped
08ef2ed7393efd24,2020-11-21,UFC 255: Figueiredo vs. Perez,Cynthia Calvillo,Katlyn Cerminara,us,zewnetrzne,2025-07-27 09:10:07.798897+00:00,latest,1.377358,3.05,id_swapped
1671723154d8e324,2020-11-21,UFC 255: Figueiredo vs. Perez,Mauricio Rua,Paul Craig,us,zewnetrzne,2025-07-27 09:10:07.798897+00:00,latest,2.5,1.526316,id_direct
2b13651b97f57b6c,2020-11-21,UFC 255: Figueiredo vs. Perez,Tim Means,Mike Perry,us,zewnetrzne,2025-07-27 09:10:07.798897+00:00,latest,2.2,1.666667,id_swapped
3c098e2946b4c824,2020-11-21,UFC 255: Figueiredo vs. Perez,Deiveson Figueiredo,Alex Perez,us,zewnetrzne,2025-07-27 09:10:07.798897+00:00,latest,1.34965,3.25,id_direct
6c1b38dd918793ff,2020-11-21,UFC 255: Figueiredo vs. Perez,Joaquin Buckley,Jordan Wright,us,zewnetrzne,2025-07-27 09:10:07.798897+00:00,latest,1.377358,3.05,id_direct
8d5ea3bf3be7cb91,2020-11-21,UFC 255: Figueiredo vs. Perez,Brandon Royval,Brandon Moreno,us,zewnetrzne,2025-07-27 09:10:07.798897+00:00,latest,2.5,1.526316,id_swapped
c93eebe24aa0299d,2020-11-21,UFC 255: Figueiredo vs. Perez,Valentina Shevchenko,Jennifer Maia,us,zewnetrzne,2025-07-27 09:10:07.798897+00:00,latest,1.059988,9.5,id_direct
e22d5aab3d099c7c,2020-11-21,UFC 255: Figueiredo vs. Perez,Daniel Rodriguez,Nicolas Dalby,us,zewnetrzne,2025-07-27 09:10:07.798897+00:00,latest,1.298507,3.5,id_direct
09a29fb09fe07559,2020-11-28,UFC Fight Night: Smith vs. Clark,Devin Clark,Anthony Smith,us,zewnetrzne,2025-07-27 09:10:07.798897+00:00,latest,2.15,1.719424,id_swapped
0c27552ea7bc8c8a,2020-11-28,UFC Fight Night: Smith vs. Clark,Anderson Dos Santos,Martin Day,us,zewnetrzne,2025-07-27 09:10:07.798897+00:00,latest,2.35,1.598802,id_swapped
181c3312f14de5a8,2020-11-28,UFC Fight Night: Smith vs. Clark,Bill Algeo,Spike Carlyle,us,zewnetrzne,2025-07-27 09:10:07.798897+00:00,latest,2.4,1.564972,id_swapped
28b6ee9c3eb8b753,2020-11-28,UFC Fight Night: Smith vs. Clark,Miguel Baeza,Takashi Sato,us,zewnetrzne,2025-07-27 09:10:07.798897+00:00,latest,1.571429,2.4,id_direct
2a7909acde26a240,2020-11-28,UFC Fight Night: Smith vs. Clark,Norma Dumont,Ashlee Evans-Smith,us,zewnetrzne,2025-07-27 09:10:07.798897+00:00,latest,2.1,1.729927,id_swapped
4d56bcd82438e632,2020-11-28,UFC Fight Night: Smith vs. Clark,Jonathan Pearce,Kai Kamaka,us,zewnetrzne,2025-07-27 09:10:07.798897+00:00,latest,3.45,1.298507,id_direct
711f00d287344c77,2020-11-28,UFC Fight Night: Smith vs. Clark,Gina Mazany,Rachael Ostovich,us,zewnetrzne,2025-07-27 09:10:07.798897+00:00,latest,1.5,2.6,id_direct
8868957c1735bcf0,2020-11-28,UFC Fight Night: Smith vs. Clark,Sumudaerji,Malcolm Gordon,us,zewnetrzne,2025-07-27 09:10:07.798897+00:00,latest,1.298507,3.5,id_direct
e64d80dcc6853ea0,2020-11-28,UFC Fight Night: Smith vs. Clark,Nate Maness,Luke Sanders,us,zewnetrzne,2025-07-27 09:10:07.798897+00:00,latest,2.25,1.645161,id_swapped
2723f4d275d3f619,2020-12-05,UFC Fight Night: Hermansson vs. Vettori,Jack Hermansson,Marvin Vettori,us,zewnetrzne,2025-07-27 09:10:07.798897+00:00,latest,2.1,1.746269,id_direct
4478ee77a647ae9d,2020-12-05,UFC Fight Night: Hermansson vs. Vettori,Roman Dolidze,John Allan,us,zewnetrzne,2025-07-27 09:10:07.798897+00:00,latest,1.5,2.6,id_direct
46860358da8b8d82,2020-12-05,UFC Fight Night: Hermansson vs. Vettori,Justin Jaynes,Gabriel Benitez,us,zewnetrzne,2025-07-27 09:10:07.798897+00:00,latest,2.7,1.465116,id_swapped
771d8ce136a12a13,2020-12-05,UFC Fight Night: Hermansson vs. Vettori,Jose Quinonez,Louis Smolka,us,zewnetrzne,2025-07-27 09:10:07.798897+00:00,latest,2.12,1.719424,id_swapped
8d4a475e48722fea,2020-12-05,UFC Fight Night: Hermansson vs. Vettori,Ovince Saint Preux,Jamahal Hill,us,zewnetrzne,2025-07-27 09:10:07.798897+00:00,latest,2.4,1.564972,id_direct
b1be8b41b1a4fd85,2020-12-05,UFC Fight Night: Hermansson vs. Vettori,Damon Jackson,Ilia Topuria,us,zewnetrzne,2025-07-27 09:10:07.798897+00:00,latest,3.1,1.363636,id_swapped
c4d1c4b82cf34afb,2020-12-05,UFC Fight Night: Hermansson vs. Vettori,Jake Collier,Gian Villante,us,zewnetrzne,2025-07-27 09:10:07.798897+00:00,latest,2.6,1.5,id_swapped
022bdd58cc6e571d,2020-12-12,UFC 256: Figueiredo vs. Moreno,Daniel Pineda,Cub Swanson,us,zewnetrzne,2025-07-27 09:10:07.798897+00:00,latest,1.657895,2.32,id_swapped
27200d53ba9020b8,2020-12-12,UFC 256: Figueiredo vs. Moreno,Mackenzie Dern,Virna Jandiroba,us,zewnetrzne,2025-07-27 09:10:07.798897+00:00,latest,1.625,2.4,id_direct
33d52ac2d70b8415,2020-12-12,UFC 256: Figueiredo vs. Moreno,Chase Hooper,Peter Barrett,us,zewnetrzne,2025-07-27 09:10:07.798897+00:00,latest,1.322581,3.55,id_direct
4a172a5191cb8e60,2020-12-12,UFC 256: Figueiredo vs. Moreno,Kevin Holland,Jacare Souza,us,zewnetrzne,2025-07-27 09:10:07.798897+00:00,latest,1.740741,2.15,id_direct
87d0b767742d3239,2020-12-12,UFC 256: Figueiredo vs. Moreno,Billy Quarantillo,Gavin Tucker,us,zewnetrzne,2025-07-27 09:10:07.798897+00:00,latest,1.526316,2.65,id_swapped
b7b867eb3c3cf163,2020-12-12,UFC 256: Figueiredo vs. Moreno,Charles Oliveira,Tony Ferguson,us,zewnetrzne,2025-07-27 09:10:07.798897+00:00,latest,2.6,1.540541,id_swapped
cb7616f92a9a4e5b,2020-12-12,UFC 256: Figueiredo vs. Moreno,Renato Moicano,Rafael Fiziev,us,zewnetrzne,2025-07-27 09:10:07.798897+00:00,latest,2.2,1.714286,id_direct
fe3ff5b1d9135add,2020-12-12,UFC 256: Figueiredo vs. Moreno,Junior Dos Santos,Ciryl Gane,us,zewnetrzne,2025-07-27 09:10:07.798897+00:00,latest,4.25,1.25,id_direct
014f1da2083ca174,2020-12-19,UFC Fight Night: Thompson vs. Neal,Marlon Vera,Jose Aldo,us,zewnetrzne,2025-07-27 09:10:07.798897+00:00,latest,2.2,1.714286,id_swapped
1c4602efe5587902,2020-12-19,UFC Fight Night: Thompson vs. Neal,Anthony Pettis,Alex Morono,us,zewnetrzne,2025-07-27 09:10:07.798897+00:00,latest,1.47619,2.75,id_direct
3d35eb2d46bf74de,2020-12-19,UFC Fight Night: Thompson vs. Neal,Khaos Williams,Michel Pereira,us,zewnetrzne,2025-07-27 09:10:07.798897+00:00,latest,1.8,2.05,id_swapped
4cb249714ff56656,2020-12-19,UFC Fight Night: Thompson vs. Neal,Sijara Eubanks,Pannie Kianzad,us,zewnetrzne,2025-07-27 09:10:07.798897+00:00,latest,1.714286,2.2,id_direct
8955ea3c7c332e6c,2020-12-19,UFC Fight Night: Thompson vs. Neal,Rob Font,Marlon Moraes,us,zewnetrzne,2025-07-27 09:10:07.798897+00:00,latest,2.5,1.588235,id_swapped
8da75fd76a9b8e1d,2020-12-19,UFC Fight Night: Thompson vs. Neal,Carlton Minus,Christos Giagos,us,zewnetrzne,2025-07-27 09:10:07.798897+00:00,latest,3.85,1.289855,id_swapped
c7375d5db21cbaae,2020-12-19,UFC Fight Night: Thompson vs. Neal,Stephen Thompson,Geoff Neal,us,zewnetrzne,2025-07-27 09:10:07.798897+00:00,latest,1.970874,1.854701,id_direct
cd150cd28738a7c5,2020-12-19,UFC Fight Night: Thompson vs. Neal,Greg Hardy,Marcin Tybura,us,zewnetrzne,2025-07-27 09:10:07.798897+00:00,latest,1.909091,1.909091,id_swapped
f004d3d50b78af50,2020-12-19,UFC Fight Night: Thompson vs. Neal,Deron Winn,Antonio Arroyo,us,zewnetrzne,2025-07-27 09:10:07.798897+00:00,latest,2.6,1.540541,id_direct
f2fb049980631302,2020-12-19,UFC Fight Night: Thompson vs. Neal,Gillian Robertson,Taila Santos,us,zewnetrzne,2025-07-27 09:10:07.798897+00:00,latest,1.689655,2.25,id_direct
0165bd3c26f0c076,2021-01-16,UFC Fight Night: Holloway vs. Kattar,Carlos Felipe,Justin Tafa,us,zewnetrzne,2025-07-27 09:10:07.798897+00:00,latest,1.526316,2.55,id_direct
358f816aff469270,2021-01-16,UFC Fight Night: Holloway vs. Kattar,Punahele Soriano,Dusko Todorovic,us,zewnetrzne,2025-07-27 09:10:07.798897+00:00,latest,2.3,1.628931,id_direct
3d903bc35023f50a,2021-01-16,UFC Fight Night: Holloway vs. Kattar,Austin Lingo,Jacob Kilburn,us,zewnetrzne,2025-07-27 09:10:07.798897+00:00,latest,1.434783,2.8,id_swapped
3fcd53eb27945231,2021-01-16,UFC Fight Night: Holloway vs. Kattar,David Zawada,Ramazan Emeev,us,zewnetrzne,2025-07-27 09:10:07.798897+00:00,latest,3.1,1.363636,id_direct
6b0da0b1cda7799f,2021-01-16,UFC Fight Night: Holloway vs. Kattar,Matt Brown,Carlos Condit,us,zewnetrzne,2025-07-27 09:10:07.798897+00:00,latest,2.45,1.564972,id_swapped
775c1f401815bbd8,2021-01-16,UFC Fight Night: Holloway vs. Kattar,Alessio Di Chirico,Joaquin Buckley,us,zewnetrzne,2025-07-27 09:10:07.798897+00:00,latest,3.15,1.359712,id_swapped
97c80f69ac312030,2021-01-16,UFC Fight Night: Holloway vs. Kattar,Sarah Moras,Vanessa Melo,us,zewnetrzne,2025-07-27 09:10:07.798897+00:00,latest,1.434783,2.8,id_direct
a4817b7e46028b4a,2021-01-16,UFC Fight Night: Holloway vs. Kattar,Max Holloway,Calvin Kattar,us,zewnetrzne,2025-07-27 09:10:07.798897+00:00,latest,1.617284,2.38,id_direct
aeb7ff8ce6e1beac,2021-01-16,UFC Fight Night: Holloway vs. Kattar,Santiago Ponzinibbio,Li Jingliang,us,zewnetrzne,2025-07-27 09:10:07.798897+00:00,latest,1.327869,3.4,id_direct
4f6d3cdf2c77fb57,2021-01-20,UFC Fight Night: Chiesa vs. Magny,Vinicius Moreira,Ike Villanueva,us,zewnetrzne,2025-07-27 09:10:07.798897+00:00,latest,2.1,1.746269,id_swapped
57e784028ef2c17d,2021-01-20,UFC Fight Night: Chiesa vs. Magny,Matt Schnell,Tyson Nam,us,zewnetrzne,2025-07-27 09:10:07.798897+00:00,latest,2.05,1.769231,id_direct
61bedad39b15db7a,2021-01-20,UFC Fight Night: Chiesa vs. Magny,Neil Magny,Michael Chiesa,us,zewnetrzne,2025-07-27 09:10:07.798897+00:00,latest,1.675676,2.2,id_swapped
76b61ff4c9760f79,2021-01-20,UFC Fight Night: Chiesa vs. Magny,Markus Perez,Dalcha Lungiambula,us,zewnetrzne,2025-07-27 09:10:07.798897+00:00,latest,2.15,1.699301,id_swapped
a003e8305d4dbdc8,2021-01-20,UFC Fight Night: Chiesa vs. Magny,Viviane Araujo,Roxanne Modafferi,us,zewnetrzne,2025-07-27 09:10:07.798897+00:00,latest,1.298507,3.6,id_swapped
ac475de5a3d0d7e2,2021-01-20,UFC Fight Night: Chiesa vs. Magny,Tom Breese,Omari Akhmedov,us,zewnetrzne,2025-07-27 09:10:07.798897+00:00,latest,1.628931,2.28,id_swapped
d27ac1bc677b89cf,2021-01-20,UFC Fight Night: Chiesa vs. Magny,Lerone Murphy,Douglas Silva de Andrade,us,zewnetrzne,2025-07-27 09:10:07.798897+00:00,latest,1.327869,3.4,id_direct
dd34dd337e637767,2021-01-20,UFC Fight Night: Chiesa vs. Magny,Mounir Lazzez,Warlley Alves,us,zewnetrzne,2025-07-27 09:10:07.798897+00:00,latest,1.434783,2.85,id_swapped
ddbe6fd66d7f9e35,2021-01-20,UFC Fight Night: Chiesa vs. Magny,Sumudaerji,Zarrukh Adashev,us,zewnetrzne,2025-07-27 09:10:07.798897+00:00,latest,1.25,4.0,id_direct
3d3e7dc7b4bf2bc4,2021-01-23,UFC 257: Poirier vs. McGregor,Dustin Poirier,Conor McGregor,us,zewnetrzne,2025-07-27 09:10:07.798897+00:00,latest,3.5,1.327869,id_direct
65352221c0bfe52d,2021-01-23,UFC 257: Poirier vs. McGregor,Makhmud Muradov,Andrew Sanchez,us,zewnetrzne,2025-07-27 09:10:07.798897+00:00,latest,1.699301,2.15,id_swapped
83da743f6dda7dcc,2021-01-23,UFC 257: Poirier vs. McGregor,Julianna Pena,Sara McMann,us,zewnetrzne,2025-07-27 09:10:07.798897+00:00,latest,2.05,1.769231,id_direct
92f569a6d9374b86,2021-01-23,UFC 257: Poirier vs. McGregor,Brad Tavares,Antonio Carlos Junior,us,zewnetrzne,2025-07-27 09:10:07.798897+00:00,latest,1.746269,2.05,id_direct
aaf45b095452be23,2021-01-23,UFC 257: Poirier vs. McGregor,Zhalgas Zhumagulov,Amir Albazi,us,zewnetrzne,2025-07-27 09:10:07.798897+00:00,latest,1.847458,1.943396,id_swapped
c597fd8bb66d54d8,2021-01-23,UFC 257: Poirier vs. McGregor,Marcin Prachnio,Khalil Rountree Jr.,us,zewnetrzne,2025-07-27 09:10:07.798897+00:00,latest,3.5,1.298507,id_swapped
cd08b68f0bafafbf,2021-01-23,UFC 257: Poirier vs. McGregor,Amanda Ribas,Marina Rodriguez,us,zewnetrzne,2025-07-27 09:10:07.798897+00:00,latest,1.298507,3.5,id_swapped
f3ccbfd7036f3cf3,2021-01-23,UFC 257: Poirier vs. McGregor,Nik Lentz,Movsar Evloev,us,zewnetrzne,2025-07-27 09:10:07.798897+00:00,latest,4.9,1.178571,id_direct
86d6e09932c5b551,2021-02-06,UFC Fight Night: Overeem vs. Volkov,Youssef Zalal,SeungWoo Choi,us,zewnetrzne,2025-07-27 09:10:07.798897+00:00,latest,1.434783,2.75,id_swapped
8b9bdacca749ec90,2021-02-06,UFC Fight Night: Overeem vs. Volkov,Alexander Volkov,Alistair Overeem,us,zewnetrzne,2025-07-27 09:10:07.798897+00:00,latest,1.549451,2.5,id_swapped
9ef858837dfc65eb,2021-02-06,UFC Fight Night: Overeem vs. Volkov,Cory Sandhagen,Frankie Edgar,us,zewnetrzne,2025-07-27 09:10:07.798897+00:00,latest,1.25,4.0,id_direct
af8ea6db042674ef,2021-02-06,UFC Fight Night: Overeem vs. Volkov,Mike Rodriguez,Danilo Marques,us,zewnetrzne,2025-07-27 09:10:07.798897+00:00,latest,1.416667,2.88,id_direct
bbade63ca780668f,2021-02-06,UFC Fight Night: Overeem vs. Volkov,Beneil Dariush,Diego Ferreira,us,zewnetrzne,2025-07-27 09:10:07.798897+00:00,latest,2.05,1.8,id_swapped
d65da3a3bc675449,2021-02-06,UFC Fight Night: Overeem vs. Volkov,Molly McCann,Lara Procopio,us,zewnetrzne,2025-07-27 09:10:07.798897+00:00,latest,1.564972,2.4,id_direct
f4fbb11055301e75,2021-02-06,UFC Fight Night: Overeem vs. Volkov,Michael Johnson,Clay Guida,us,zewnetrzne,2025-07-27 09:10:07.798897+00:00,latest,1.444444,2.75,id_direct
17616514e8fdacb9,2021-02-13,UFC 258: Usman vs. Burns,Mallory Martin,Polyana Viana,us,zewnetrzne,2025-07-27 09:10:07.798897+00:00,latest,1.869565,2.0,id_swapped
25b8c932da5e91f4,2021-02-13,UFC 258: Usman vs. Burns,Maycee Barber,Alexa Grasso,us,zewnetrzne,2025-07-27 09:10:07.798897+00:00,latest,1.934579,1.934579,id_direct
26fbf026beb8e9f8,2021-02-13,UFC 258: Usman vs. Burns,Ian Heinisch,Kelvin Gastelum,us,zewnetrzne,2025-07-27 09:10:07.798897+00:00,latest,2.74,1.487805,id_swapped
54e2490959f66dc2,2021-02-13,UFC 258: Usman vs. Burns,Ricky Simon,Brian Kelleher,us,zewnetrzne,2025-07-27 09:10:07.798897+00:00,latest,1.395257,3.1,id_direct
8cf076524cad5a55,2021-02-13,UFC 258: Usman vs. Burns,Belal Muhammad,Dhiego Lima,us,zewnetrzne,2025-07-27 09:10:07.798897+00:00,latest,1.223714,4.4,id_direct
9201312dd860fa5a,2021-02-13,UFC 258: Usman vs. Burns,Maki Pitolo,Julian Marquez,us,zewnetrzne,2025-07-27 09:10:07.798897+00:00,latest,2.45,1.564972,id_direct
96b1430379c0694a,2021-02-13,UFC 258: Usman vs. Burns,Anthony Hernandez,Rodolfo Vieira,us,zewnetrzne,2025-07-27 09:10:07.798897+00:00,latest,4.65,1.205339,id_swapped
be94e5b7a35ce5f2,2021-02-13,UFC 258: Usman vs. Burns,Gilbert Burns,Kamaru Usman,us,zewnetrzne,2025-07-27 09:10:07.798897+00:00,latest,3.28,1.359712,id_swapped
f98e954823bd6e02,2021-02-13,UFC 258: Usman vs. Burns,Chris Gutierrez,Andre Ewell,us,zewnetrzne,2025-07-27 09:10:07.798897+00:00,latest,1.775194,2.12,id_swapped
05ceb8b2f93993a6,2021-02-20,UFC Fight Night: Blaydes vs. Lewis,Phil Hawes,Nassourdine Imavov,us,zewnetrzne,2025-07-27 09:10:07.798897+00:00,latest,1.8,1.952381,id_direct
15b1c7ddc4415fdd,2021-02-20,UFC Fight Night: Blaydes vs. Lewis,Andrei Arlovski,Tom Aspinall,us,zewnetrzne,2025-07-27 09:10:07.798897+00:00,latest,3.0,1.377358,id_direct
82243207b4dfce87,2021-02-20,UFC Fight Night: Blaydes vs. Lewis,Darrick Minner,Charles Rosa,us,zewnetrzne,2025-07-27 09:10:07.798897+00:00,latest,2.5,1.526316,id_swapped
8f7328fe18806fb0,2021-02-20,UFC Fight Night: Blaydes vs. Lewis,Aleksei Oleinik,Chris Daukaus,us,zewnetrzne,2025-07-27 09:10:07.798897+00:00,latest,2.4,1.564972,id_direct
931fd51ab69fb443,2021-02-20,UFC Fight Night: Blaydes vs. Lewis,Danny Chavez,Jared Gordon,us,zewnetrzne,2025-07-27 09:10:07.798897+00:00,latest,1.719424,2.1,id_swapped
990c2378caec68d4,2021-02-20,UFC Fight Night: Blaydes vs. Lewis,John Castaneda,Eddie Wineland,us,zewnetrzne,2025-07-27 09:10:07.798897+00:00,latest,1.8,2.0,id_swapped
a4814d682954e8ab,2021-02-20,UFC Fight Night: Blaydes vs. Lewis,Yana Santos,Ketlen Vieira,us,zewnetrzne,2025-07-27 09:10:07.798897+00:00,latest,3.15,1.359712,id_swapped
b12bc15f384ecc42,2021-02-20,UFC Fight Night: Blaydes vs. Lewis,Derrick Lewis,Curtis Blaydes,us,zewnetrzne,2025-07-27 09:10:07.798897+00:00,latest,4.0,1.25,id_swapped
e175c1a0bff30187,2021-02-20,UFC Fight Night: Blaydes vs. Lewis,Nate Landwehr,Julian Erosa,us,zewnetrzne,2025-07-27 09:10:07.798897+00:00,latest,1.892857,1.892857,id_direct
3a4e2dffcdd1c838,2021-02-27,UFC Fight Night: Rozenstruik vs. Gane,Nikita Krylov,Magomed Ankalaev,us,zewnetrzne,2025-07-27 09:10:07.798897+00:00,latest,3.5,1.333333,id_direct
3eac2d47ac252f4b,2021-02-27,UFC Fight Night: Rozenstruik vs. Gane,Alexander Hernandez,Thiago Moises,us,zewnetrzne,2025-07-27 09:10:07.798897+00:00,latest,1.454545,2.8,id_direct
4a704dae3091adaf,2021-02-27,UFC Fight Night: Rozenstruik vs. Gane,Jairzinho Rozenstruik,Ciryl Gane,us,zewnetrzne,2025-07-27 09:10:07.798897+00:00,latest,2.85,1.444444,id_direct
6a0341234ecc4e87,2021-02-27,UFC Fight Night: Rozenstruik vs. Gane,Kevin Croom,Alex Caceres,us,zewnetrzne,2025-07-27 09:10:07.798897+00:00,latest,2.3,1.666667,id_swapped
a7315147a7022a93,2021-02-27,UFC Fight Night: Rozenstruik vs. Gane,Alexis Davis,Sabina Mazo,us,zewnetrzne,2025-07-27 09:10:07.798897+00:00,latest,2.78,1.465116,id_direct
bc86601cf781a89c,2021-02-27,UFC Fight Night: Rozenstruik vs. Gane,Maxim Grishin,Dustin Jacoby,us,zewnetrzne,2025-07-27 09:10:07.798897+00:00,latest,2.37,1.636943,id_swapped
c2ee423d1f0b4f6f,2021-02-27,UFC Fight Night: Rozenstruik vs. Gane,Pedro Munhoz,Jimmie Rivera,us,zewnetrzne,2025-07-27 09:10:07.798897+00:00,latest,2.15,1.740741,id_direct
04a788abbbd1f256,2021-03-06,UFC 259: Blachowicz vs. Adesanya,Aleksandar Rakic,Thiago Santos,us,zewnetrzne,2025-07-27 09:10:07.798897+00:00,latest,1.540541,2.6,id_swapped
15c9cb5f9320c555,2021-03-06,UFC 259: Blachowicz vs. Adesanya,Aljamain Sterling,Petr Yan,us,zewnetrzne,2025-07-27 09:10:07.798897+00:00,latest,2.02,1.819672,id_swapped
2704d31de2c2f43b,2021-03-06,UFC 259: Blachowicz vs. Adesanya,Jordan Espinosa,Tim Elliott,us,zewnetrzne,2025-07-27 09:10:07.798897+00:00,latest,2.35,1.645161,id_swapped
50ef636148fa6fac,2021-03-06,UFC 259: Blachowicz vs. Adesanya,Amanda Lemos,Livinha Souza,us,zewnetrzne,2025-07-27 09:10:07.798897+00:00,latest,1.416667,3.0,id_swapped
5980ab31e4718a83,2021-03-06,UFC 259: Blachowicz vs. Adesanya,Kyler Phillips,Song Yadong,us,zewnetrzne,2025-07-27 09:10:07.798897+00:00,latest,2.8,1.454545,id_swapped
7ad09f889d2cdb6f,2021-03-06,UFC 259: Blachowicz vs. Adesanya,Sean Brady,Jake Matthews,us,zewnetrzne,2025-07-27 09:10:07.798897+00:00,latest,1.454545,2.8,id_direct
7de9867b7cc2b1b1,2021-03-06,UFC 259: Blachowicz vs. Adesanya,Israel Adesanya,Jan Blachowicz,us,zewnetrzne,2025-07-27 09:10:07.798897+00:00,latest,1.408163,3.05,id_swapped
873306ad79b62f5e,2021-03-06,UFC 259: Blachowicz vs. Adesanya,Rogerio Bontorin,Kai Kara-France,us,zewnetrzne,2025-07-27 09:10:07.798897+00:00,latest,2.17,1.729927,id_direct
ae5d14a9fc1ad19c,2021-03-06,UFC 259: Blachowicz vs. Adesanya,Joseph Benavidez,Askar Askarov,us,zewnetrzne,2025-07-27 09:10:07.798897+00:00,latest,2.25,1.689655,id_direct
c06d7bb29bc24d00,2021-03-06,UFC 259: Blachowicz vs. Adesanya,Islam Makhachev,Drew Dober,us,zewnetrzne,2025-07-27 09:10:07.798897+00:00,latest,1.217391,4.65,id_direct
c096342c57a6f2c4,2021-03-06,UFC 259: Blachowicz vs. Adesanya,Mario Bautista,Trevin Jones,us,zewnetrzne,2025-07-27 09:10:07.798897+00:00,latest,1.416667,3.0,id_direct
f4363f1317b47213,2021-03-06,UFC 259: Blachowicz vs. Adesanya,Dominick Cruz,Casey Kenney,us,zewnetrzne,2025-07-27 09:10:07.798897+00:00,latest,2.2,1.714286,id_direct
fd92fe0c494d0959,2021-03-06,UFC 259: Blachowicz vs. Adesanya,Amanda Nunes,Megan Anderson,us,zewnetrzne,2025-07-27 09:10:07.798897+00:00,latest,1.142857,6.0,id_direct
01f262b68a6a2223,2021-03-13,UFC Fight Night: Edwards vs. Muhammad,Matheus Nicolau,Manel Kape,us,zewnetrzne,2025-07-27 09:10:07.798897+00:00,latest,2.1,1.769231,id_swapped
03bdbf2d18f3025d,2021-03-13,UFC Fight Night: Edwards vs. Muhammad,Ray Rodriguez,Rani Yahya,us,zewnetrzne,2025-07-27 09:10:07.798897+00:00,latest,3.3,1.37037,id_swapped
18c67631b76c18e5,2021-03-13,UFC Fight Night: Edwards vs. Muhammad,Ashley Yoder,Angela Hill,us,zewnetrzne,2025-07-27 09:10:07.798897+00:00,latest,3.7,1.30303,id_swapped
4944437e73071671,2021-03-13,UFC Fight Night: Edwards vs. Muhammad,Misha Cirkunov,Ryan Spann,us,zewnetrzne,2025-07-27 09:10:07.798897+00:00,latest,1.8,2.05,id_direct
70aa6b8f863e6861,2021-03-13,UFC Fight Night: Edwards vs. Muhammad,Davey Grant,Jonathan Martinez,us,zewnetrzne,2025-07-27 09:10:07.798897+00:00,latest,3.5,1.333333,id_swapped
d0ebb0551377a1c1,2021-03-13,UFC Fight Night: Edwards vs. Muhammad,Matthew Semelsberger,Jason Witt,us,zewnetrzne,2025-07-27 09:10:07.798897+00:00,latest,1.769231,2.1,id_direct
d15a87087b6f1452,2021-03-13,UFC Fight Night: Edwards vs. Muhammad,Dan Ige,Gavin Tucker,us,zewnetrzne,2025-07-27 09:10:07.798897+00:00,latest,1.526316,2.65,id_direct
e8adfbbe0053c321,2021-03-13,UFC Fight Night: Edwards vs. Muhammad,Cortney Casey,JJ Aldrich,us,zewnetrzne,2025-07-27 09:10:07.798897+00:00,latest,2.22,1.704225,id_direct
2efbcd870f1f7bc7,2021-03-20,UFC Fight Night: Brunson vs. Holland,Kevin Holland,Derek Brunson,us,zewnetrzne,2025-07-27 09:10:07.798897+00:00,latest,1.47619,2.75,id_swapped
68cf99b6551dc3b3,2021-03-20,UFC Fight Night: Brunson vs. Holland,Roman Dolidze,Trevin Giles,us,zewnetrzne,2025-07-27 09:10:07.798897+00:00,latest,1.952381,1.869565,id_swapped
a043e279434d5c8c,2021-03-20,UFC Fight Night: Brunson vs. Holland,Grant Dawson,Leonardo Santos,us,zewnetrzne,2025-07-27 09:10:07.798897+00:00,latest,1.540541,2.6,id_swapped
afc86d1076c4c3a9,2021-03-20,UFC Fight Night: Brunson vs. Holland,Adrian Yanez,Gustavo Lopez,us,zewnetrzne,2025-07-27 09:10:07.798897+00:00,latest,1.465116,2.78,id_direct
dcfbbebc0aee6ded,2021-03-20,UFC Fight Night: Brunson vs. Holland,Macy Chiasson,Marion Reneau,us,zewnetrzne,2025-07-27 09:10:07.798897+00:00,latest,1.444444,2.85,id_swapped
edac9fd482177a64,2021-03-20,UFC Fight Night: Brunson vs. Holland,Song Kenan,Max Griffin,us,zewnetrzne,2025-07-27 09:10:07.798897+00:00,latest,2.65,1.526316,id_direct
0aa335dbc4cb3473,2021-03-27,UFC 260: Miocic vs. Ngannou,Thomas Almeida,Sean O'Malley,us,zewnetrzne,2025-07-27 09:10:07.798897+00:00,latest,4.1,1.27027,id_swapped
2220b73ece1730c3,2021-03-27,UFC 260: Miocic vs. Ngannou,Shane Young,Omar Morales,us,zewnetrzne,2025-07-27 09:10:07.798897+00:00,latest,2.7,1.5,id_direct
390694c179f05c7f,2021-03-27,UFC 260: Miocic vs. Ngannou,Khama Worthy,Jamie Mullarkey,us,zewnetrzne,2025-07-27 09:10:07.798897+00:00,latest,1.740741,2.15,id_swapped
39d188fa9b95d550,2021-03-27,UFC 260: Miocic vs. Ngannou,Vicente Luque,Tyron Woodley,us,zewnetrzne,2025-07-27 09:10:07.798897+00:00,latest,1.5,2.7,id_swapped
41622791b276ad9e,2021-03-27,UFC 260: Miocic vs. Ngannou,Abu Azaitar,Marc-Andre Barriault,us,zewnetrzne,2025-07-27 09:10:07.798897+00:00,latest,2.07,1.787402,id_swapped
4b3af85b0df51d09,2021-03-27,UFC 260: Miocic vs. Ngannou,Abubakar Nurmagomedov,Jared Gooden,us,zewnetrzne,2025-07-27 09:10:07.798897+00:00,latest,1.47619,2.75,id_swapped
6002c24f0b7f8cc7,2021-03-27,UFC 260: Miocic vs. Ngannou,Michal Oleksiejczuk,Modestas Bukauskas,us,zewnetrzne,2025-07-27 09:10:07.798897+00:00,latest,1.564972,2.57,id_swapped
8317208cfb030ed3,2021-03-27,UFC 260: Miocic vs. Ngannou,Gillian Robertson,Miranda Maverick,us,zewnetrzne,2025-07-27 09:10:07.798897+00:00,latest,2.25,1.689655,id_direct
b1eff235241e719b,2021-03-27,UFC 260: Miocic vs. Ngannou,Francis Ngannou,Stipe Miocic,us,zewnetrzne,2025-07-27 09:10:07.798897+00:00,latest,1.729927,2.17,id_swapped
0992795fd0fa06d0,2021-04-10,UFC Fight Night: Vettori vs. Holland,Mackenzie Dern,Nina Nunes,us,zewnetrzne,2025-07-27 09:10:07.798897+00:00,latest,2.0,1.833333,id_swapped
1fee9eca658d9808,2021-04-10,UFC Fight Night: Vettori vs. Holland,Hunter Azure,Jack Shore,us,zewnetrzne,2025-07-27 09:10:07.798897+00:00,latest,2.6,1.540541,id_direct
3209bcfaf95de90b,2021-04-10,UFC Fight Night: Vettori vs. Holland,Impa Kasanganay,Sasha Palatnikov,us,zewnetrzne,2025-07-27 09:10:07.798897+00:00,latest,1.4,3.1,id_direct
444f0a732695dc81,2021-04-10,UFC Fight Night: Vettori vs. Holland,Yorgan De Castro,Jarjis Danho,us,zewnetrzne,2025-07-27 09:10:07.798897+00:00,latest,1.322581,3.55,id_direct
646eeca9447c6965,2021-04-10,UFC Fight Night: Vettori vs. Holland,Julian Marquez,Sam Alvey,us,zewnetrzne,2025-07-27 09:10:07.798897+00:00,latest,1.689655,2.25,id_swapped
71b81d8199a0fa19,2021-04-10,UFC Fight Night: Vettori vs. Holland,Arnold Allen,Sodiq Yusuff,us,zewnetrzne,2025-07-27 09:10:07.798897+00:00,latest,2.35,1.645161,id_direct
998296216e7171ed,2021-04-10,UFC Fight Night: Vettori vs. Holland,Mateusz Gamrot,Scott Holtzman,us,zewnetrzne,2025-07-27 09:10:07.798897+00:00,latest,1.444444,2.85,id_swapped
ac9a8b73e58f3d71,2021-04-10,UFC Fight Night: Vettori vs. Holland,Daniel Rodriguez,Mike Perry,us,zewnetrzne,2025-07-27 09:10:07.798897+00:00,latest,1.833333,2.0,id_swapped
cd5d9828b278181a,2021-04-10,UFC Fight Night: Vettori vs. Holland,William Knight,Da Woon Jung,us,zewnetrzne,2025-07-27 09:10:07.798897+00:00,latest,2.27,1.680272,id_swapped
ddd63237f1b857a6,2021-04-10,UFC Fight Night: Vettori vs. Holland,Kevin Holland,Marvin Vettori,us,zewnetrzne,2025-07-27 09:10:07.798897+00:00,latest,3.45,1.344828,id_swapped
e27c28928ed4390f,2021-04-10,UFC Fight Night: Vettori vs. Holland,Joe Solecki,Jim Miller,us,zewnetrzne,2025-07-27 09:10:07.798897+00:00,latest,1.408163,3.05,id_swapped
0b2c3c4306620d6d,2021-04-17,UFC Fight Night: Whittaker vs. Gastelum,Tracy Cortez,Justine Kish,us,zewnetrzne,2025-07-27 09:10:07.798897+00:00,latest,1.307692,3.65,id_direct
24ff385ca78c80d3,2021-04-17,UFC Fight Night: Whittaker vs. Gastelum,Tony Gravely,Anthony Birchak,us,zewnetrzne,2025-07-27 09:10:07.798897+00:00,latest,1.25641,4.2,id_direct
627c0a50cff30405,2021-04-17,UFC Fight Night: Whittaker vs. Gastelum,Gerald Meerschaert,Bartosz Fabinski,us,zewnetrzne,2025-07-27 09:10:07.798897+00:00,latest,2.05,1.8,id_swapped
a33ecd2c88154890,2021-04-17,UFC Fight Night: Whittaker vs. Gastelum,Luis Pena,Alexander Munoz,us,zewnetrzne,2025-07-27 09:10:07.798897+00:00,latest,1.645161,2.35,id_direct
a850ba762f3c5334,2021-04-17,UFC Fight Night: Whittaker vs. Gastelum,Jacob Malkoun,Abdul Razak Alhassan,us,zewnetrzne,2025-07-27 09:10:07.798897+00:00,latest,3.5,1.333333,id_swapped
f2c82f027201ba21,2021-04-17,UFC Fight Night: Whittaker vs. Gastelum,Chase Sherman,Andrei Arlovski,us,zewnetrzne,2025-07-27 09:10:07.798897+00:00,latest,1.769231,2.1,id_swapped
f67aa0b16e16a9ea,2021-04-17,UFC Fight Night: Whittaker vs. Gastelum,Kelvin Gastelum,Robert Whittaker,us,zewnetrzne,2025-07-27 09:10:07.798897+00:00,latest,3.05,1.408163,id_swapped
fdfe4e7cb2d0b665,2021-04-17,UFC Fight Night: Whittaker vs. Gastelum,Alexandr Romanov,Juan Espino,us,zewnetrzne,2025-07-27 09:10:07.798897+00:00,latest,1.625,2.4,id_direct
00bbcd4a6d647fdf,2021-04-24,UFC 261: Usman vs. Masvidal 2,Jimmy Crute,Anthony Smith,us,zewnetrzne,2025-07-27 09:10:07.798897+00:00,latest,1.4,3.1,id_swapped
1820fed0fbcf6294,2021-04-24,UFC 261: Usman vs. Masvidal 2,Chris Weidman,Uriah Hall,us,zewnetrzne,2025-07-27 09:10:07.798897+00:00,latest,1.625,2.4,id_swapped
34d2632fd26e7078,2021-04-24,UFC 261: Usman vs. Masvidal 2,Valentina Shevchenko,Jessica Andrade,us,zewnetrzne,2025-07-27 09:10:07.798897+00:00,latest,1.222222,4.6,id_direct
512af32553d9bd70,2021-04-24,UFC 261: Usman vs. Masvidal 2,Alex Oliveira,Randy Brown,us,zewnetrzne,2025-07-27 09:10:07.798897+00:00,latest,2.05,1.8,id_direct
6a5eb525331fa1fc,2021-04-24,UFC 261: Usman vs. Masvidal 2,Jorge Masvidal,Kamaru Usman,us,zewnetrzne,2025-07-27 09:10:07.798897+00:00,latest,3.6,1.3125,id_swapped
6d8da45352344964,2021-04-24,UFC 261: Usman vs. Masvidal 2,Zhang Weili,Rose Namajunas,us,zewnetrzne,2025-07-27 09:10:07.798897+00:00,latest,1.5,2.7,id_direct
c5dfce1eaa2dc169,2021-04-24,UFC 261: Usman vs. Masvidal 2,Stefan Sekulic,Dwight Grant,us,zewnetrzne,2025-07-27 09:10:07.798897+00:00,latest,2.55,1.571429,id_swapped
f5dd0a24a7dba53c,2021-04-24,UFC 261: Usman vs. Masvidal 2,Brendan Allen,Karl Roberson,us,zewnetrzne,2025-07-27 09:10:07.798897+00:00,latest,1.740741,2.15,id_swapped
26202a4bd36d3fd2,2021-05-01,UFC Fight Night: Reyes vs. Prochazka,Cody Stamann,Merab Dvalishvili,us,zewnetrzne,2025-07-27 09:10:07.798897+00:00,latest,3.45,1.344828,id_swapped
2ef09c8fe29251ac,2021-05-01,UFC Fight Night: Reyes vs. Prochazka,Luana Carolina,Poliana Botelho,us,zewnetrzne,2025-07-27 09:10:07.798897+00:00,latest,3.05,1.408163,id_swapped
2f82e8079ba354f4,2021-05-01,UFC Fight Night: Reyes vs. Prochazka,Giga Chikadze,Cub Swanson,us,zewnetrzne,2025-07-27 09:10:07.798897+00:00,latest,1.454545,2.8,id_direct
394802bb096b403e,2021-05-01,UFC Fight Night: Reyes vs. Prochazka,Jiri Prochazka,Dominick Reyes,us,zewnetrzne,2025-07-27 09:10:07.798897+00:00,latest,2.0,1.833333,id_swapped
3d790112d2e6d851,2021-05-01,UFC Fight Night: Reyes vs. Prochazka,Luke Sanders,Felipe Colares,us,zewnetrzne,2025-07-27 09:10:07.798897+00:00,latest,1.787402,2.07,id_direct
78dc032441394331,2021-05-01,UFC Fight Night: Reyes vs. Prochazka,Andreas Michailidis,KB Bhullar,us,zewnetrzne,2025-07-27 09:10:07.798897+00:00,latest,1.526316,2.65,id_direct
d6b5a6ad27a730ae,2021-05-01,UFC Fight Night: Reyes vs. Prochazka,Loma Lookboonmee,Sam Hughes,us,zewnetrzne,2025-07-27 09:10:07.798897+00:00,latest,1.238095,4.35,id_direct
d72f9b3ac742a9e3,2021-05-01,UFC Fight Night: Reyes vs. Prochazka,TJ Brown,Kai Kamaka,us,zewnetrzne,2025-07-27 09:10:07.798897+00:00,latest,2.42,1.617284,id_swapped
ffd8e8575a551875,2021-05-01,UFC Fight Night: Reyes vs. Prochazka,Sean Strickland,Krzysztof Jotko,us,zewnetrzne,2025-07-27 09:10:07.798897+00:00,latest,1.408163,3.05,id_direct
00fbeda449926c13,2021-05-08,UFC Fight Night: Rodriguez vs. Waterson,Phil Hawes,Kyle Daukaus,us,zewnetrzne,2025-07-27 09:10:07.798897+00:00,latest,2.32,1.657895,id_direct
178c4926223dca0c,2021-05-08,UFC Fight Night: Rodriguez vs. Waterson,Neil Magny,Geoff Neal,us,zewnetrzne,2025-07-27 09:10:07.798897+00:00,latest,2.55,1.5,id_direct
295a0bf12a7373c0,2021-05-08,UFC Fight Night: Rodriguez vs. Waterson,Gregor Gillespie,Diego Ferreira,us,zewnetrzne,2025-07-27 09:10:07.798897+00:00,latest,1.704225,2.22,id_swapped
3f71ac21472f994c,2021-05-08,UFC Fight Night: Rodriguez vs. Waterson,Maurice Greene,Marcos Rogerio de Lima,us,zewnetrzne,2025-07-27 09:10:07.798897+00:00,latest,2.57,1.564972,id_direct
4ffbadfb86284af5,2021-05-08,UFC Fight Night: Rodriguez vs. Waterson,Ludovit Klein,Michael Trizano,us,zewnetrzne,2025-07-27 09:10:07.798897+00:00,latest,1.4,3.1,id_direct
8a95f0e3f9111f0c,2021-05-08,UFC Fight Night: Rodriguez vs. Waterson,JunYong Park,Tafon Nchukwi,us,zewnetrzne,2025-07-27 09:10:07.798897+00:00,latest,2.35,1.645161,id_direct
b948102c6205af63,2021-05-08,UFC Fight Night: Rodriguez vs. Waterson,Marina Rodriguez,Michelle Waterson-Gomez,us,zewnetrzne,2025-07-27 09:10:07.798897+00:00,latest,1.425532,2.95,id_direct
db2c805201a3116e,2021-05-08,UFC Fight Night: Rodriguez vs. Waterson,Donald Cerrone,Alex Morono,us,zewnetrzne,2025-07-27 09:10:07.798897+00:00,latest,1.666667,2.3,id_direct
2b894d87ad9aae05,2021-05-15,UFC 262: Oliveira vs. Chandler,Andrea Lee,Antonina Shevchenko,us,zewnetrzne,2025-07-27 09:10:07.798897+00:00,latest,2.0,1.833333,id_direct
5573d46130d6b967,2021-05-15,UFC 262: Oliveira vs. Chandler,Jamie Pickett,Jordan Wright,us,zewnetrzne,2025-07-27 09:10:07.798897+00:00,latest,1.892857,1.925926,id_swapped
6655a8da2655f2d0,2021-05-15,UFC 262: Oliveira vs. Chandler,Edson Barboza,Shane Burgos,us,zewnetrzne,2025-07-27 09:10:07.798897+00:00,latest,2.27,1.680272,id_swapped
8cb4e3f056a84b0d,2021-05-15,UFC 262: Oliveira vs. Chandler,Viviane Araujo,Katlyn Cerminara,us,zewnetrzne,2025-07-27 09:10:07.798897+00:00,latest,2.07,1.787402,id_swapped
be2e28ba3bdeb400,2021-05-15,UFC 262: Oliveira vs. Chandler,Mike Grundy,Lando Vannata,us,zewnetrzne,2025-07-27 09:10:07.798897+00:00,latest,1.8,2.05,id_swapped
bfd672cac0726a9a,2021-05-15,UFC 262: Oliveira vs. Chandler,Gina Mazany,Priscila Cachoeira,us,zewnetrzne,2025-07-27 09:10:07.798897+00:00,latest,1.425532,2.95,id_direct
ca22bafab913aae7,2021-05-15,UFC 262: Oliveira vs. Chandler,Jacare Souza,Andre Muniz,us,zewnetrzne,2025-07-27 09:10:07.798897+00:00,latest,1.854701,1.970874,id_direct
cfbaeb80b5ff7c00,2021-05-15,UFC 262: Oliveira vs. Chandler,Beneil Dariush,Tony Ferguson,us,zewnetrzne,2025-07-27 09:10:07.798897+00:00,latest,1.680272,2.27,id_swapped
de332779baa1b103,2021-05-15,UFC 262: Oliveira vs. Chandler,Sean Soriano,Christos Giagos,us,zewnetrzne,2025-07-27 09:10:07.798897+00:00,latest,2.85,1.444444,id_swapped
fef29aa73bd5b907,2021-05-15,UFC 262: Oliveira vs. Chandler,Charles Oliveira,Michael Chandler,us,zewnetrzne,2025-07-27 09:10:07.798897+00:00,latest,1.769231,2.1,id_direct
138f719d370e8ba0,2021-05-22,UFC Fight Night: Font vs. Garbrandt,Felicia Spencer,Norma Dumont,us,zewnetrzne,2025-07-27 09:10:07.798897+00:00,latest,1.561798,2.57,id_direct
16369fa06392f6a0,2021-05-22,UFC Fight Night: Font vs. Garbrandt,Yan Xiaonan,Carla Esparza,us,zewnetrzne,2025-07-27 09:10:07.798897+00:00,latest,1.729927,2.17,id_direct
559c0c3d752f327a,2021-05-22,UFC Fight Night: Font vs. Garbrandt,Jared Vanderaa,Justin Tafa,us,zewnetrzne,2025-07-27 09:10:07.798897+00:00,latest,2.57,1.561798,id_swapped
7f8340dfe4220c3e,2021-05-22,UFC Fight Night: Font vs. Garbrandt,Jack Hermansson,Edmen Shahbazyan,us,zewnetrzne,2025-07-27 09:10:07.798897+00:00,latest,1.757576,2.12,id_direct
ae0afbff5ba07a34,2021-05-22,UFC Fight Night: Font vs. Garbrandt,Ricardo Ramos,Bill Algeo,us,zewnetrzne,2025-07-27 09:10:07.798897+00:00,latest,2.25,1.689655,id_direct
b381dc272b32ce03,2021-05-22,UFC Fight Night: Font vs. Garbrandt,Bruno Silva,Victor Rodriguez,us,zewnetrzne,2025-07-27 09:10:07.798897+00:00,latest,1.28169,3.95,id_direct
d16f7ab4e28171ea,2021-05-22,UFC Fight Night: Font vs. Garbrandt,Rob Font,Cody Garbrandt,us,zewnetrzne,2025-07-27 09:10:07.798897+00:00,latest,1.769231,2.1,id_direct
e624d85a0d718578,2021-05-22,UFC Fight Night: Font vs. Garbrandt,Court McGee,Claudio Silva,us,zewnetrzne,2025-07-27 09:10:07.798897+00:00,latest,2.05,1.8,id_direct
0716a38768a34789,2021-06-05,UFC Fight Night: Rozenstruik vs. Sakai,Tanner Boser,Ilir Latifi,us,zewnetrzne,2025-07-27 09:10:07.798897+00:00,latest,1.5,2.6,id_direct
23b943e9ce495f0b,2021-06-05,UFC Fight Night: Rozenstruik vs. Sakai,Muslim Salikhov,Francisco Trinaldo,us,zewnetrzne,2025-07-27 09:10:07.798897+00:00,latest,1.434783,2.8,id_swapped
2c0cddd12deb7450,2021-06-05,UFC Fight Night: Rozenstruik vs. Sakai,Jairzinho Rozenstruik,Augusto Sakai,us,zewnetrzne,2025-07-27 09:10:07.798897+00:00,latest,1.847458,1.943396,id_direct
58c5d506181812fa,2021-06-05,UFC Fight Night: Rozenstruik vs. Sakai,Jordan Leavitt,Claudio Puelles,us,zewnetrzne,2025-07-27 09:10:07.798897+00:00,latest,1.465116,2.65,id_swapped
5c0e5d850d8e661f,2021-06-05,UFC Fight Night: Rozenstruik vs. Sakai,Santiago Ponzinibbio,Miguel Baeza,us,zewnetrzne,2025-07-27 09:10:07.798897+00:00,latest,2.05,1.746269,id_direct
73a83b2595416f0a,2021-06-05,UFC Fight Night: Rozenstruik vs. Sakai,Sean Woodson,Youssef Zalal,us,zewnetrzne,2025-07-27 09:10:07.798897+00:00,latest,1.5,2.6,id_direct
bb6438338bb8aebf,2021-06-05,UFC Fight Night: Rozenstruik vs. Sakai,Roman Dolidze,Laureano Staropoli,us,zewnetrzne,2025-07-27 09:10:07.798897+00:00,latest,1.666667,2.2,id_direct
f187c7ec92f43828,2021-06-05,UFC Fight Night: Rozenstruik vs. Sakai,Walt Harris,Marcin Tybura,us,zewnetrzne,2025-07-27 09:10:07.798897+00:00,latest,2.4,1.564972,id_direct
0f51869f98afa6c0,2021-06-12,UFC 263: Adesanya vs. Vettori 2,Brandon Moreno,Deiveson Figueiredo,us,zewnetrzne,2025-07-27 09:10:07.798897+00:00,latest,2.5,1.512821,id_swapped
1b4d5dbf5f663a97,2021-06-12,UFC 263: Adesanya vs. Vettori 2,Jake Collier,Carlos Felipe,us,zewnetrzne,2025-07-27 09:10:07.798897+00:00,latest,2.3,1.606061,id_swapped
34d38d77c1d3f00e,2021-06-12,UFC 263: Adesanya vs. Vettori 2,Alexis Davis,Pannie Kianzad,us,zewnetrzne,2025-07-27 09:10:07.798897+00:00,latest,2.87,1.416667,id_swapped
43dfb2c1e5fecac9,2021-06-12,UFC 263: Adesanya vs. Vettori 2,Demian Maia,Belal Muhammad,us,zewnetrzne,2025-07-27 09:10:07.798897+00:00,latest,2.7,1.454545,id_direct
4560734220b96851,2021-06-12,UFC 263: Adesanya vs. Vettori 2,Jamahal Hill,Paul Craig,us,zewnetrzne,2025-07-27 09:10:07.798897+00:00,latest,1.363636,3.1,id_swapped
6cd44e1b2d093ea4,2021-06-12,UFC 263: Adesanya vs. Vettori 2,Israel Adesanya,Marvin Vettori,us,zewnetrzne,2025-07-27 09:10:07.798897+00:00,latest,1.425532,2.85,id_direct
7d2051c6bae907cb,2021-06-12,UFC 263: Adesanya vs. Vettori 2,Brad Riddell,Drew Dober,us,zewnetrzne,2025-07-27 09:10:07.798897+00:00,latest,2.2,1.657895,id_swapped
84cde29aebf6c00c,2021-06-12,UFC 263: Adesanya vs. Vettori 2,Chase Hooper,Steven Peterson,us,zewnetrzne,2025-07-27 09:10:07.798897+00:00,latest,1.925926,1.877193,id_direct
9127a6430e46292c,2021-06-12,UFC 263: Adesanya vs. Vettori 2,Darren Stewart,Eryk Anders,us,zewnetrzne,2025-07-27 09:10:07.798897+00:00,latest,2.2,1.666667,id_swapped
b070b8c2c489d838,2021-06-12,UFC 263: Adesanya vs. Vettori 2,Nate Diaz,Leon Edwards,us,zewnetrzne,2025-07-27 09:10:07.798897+00:00,latest,4.55,1.2,id_swapped
d66164d2c770da68,2021-06-12,UFC 263: Adesanya vs. Vettori 2,Hakeem Dawodu,Movsar Evloev,us,zewnetrzne,2025-07-27 09:10:07.798897+00:00,latest,2.88,1.416667,id_swapped
dedb74ee9d84deab,2021-06-12,UFC 263: Adesanya vs. Vettori 2,Fares Ziam,Luigi Vendramini,us,zewnetrzne,2025-07-27 09:10:07.798897+00:00,latest,1.8,2.02,id_direct
1e9f081a84e7ec18,2021-06-19,UFC Fight Night: Jung vs. Ige,Ricky Glenn,Joaquim Silva,us,zewnetrzne,2025-07-27 09:10:07.798897+00:00,latest,2.05,1.746269,id_swapped
2bdf774dc8b17504,2021-06-19,UFC Fight Night: Jung vs. Ige,Matt Brown,Dhiego Lima,us,zewnetrzne,2025-07-27 09:10:07.798897+00:00,latest,2.45,1.537634,id_direct
50cae63d530ede7c,2021-06-19,UFC Fight Night: Jung vs. Ige,Dan Ige,Chan Sung Jung,us,zewnetrzne,2025-07-27 09:10:07.798897+00:00,latest,1.617284,2.3,id_swapped
53ed3f8f653b37b2,2021-06-19,UFC Fight Night: Jung vs. Ige,Virna Jandiroba,Kanako Murata,us,zewnetrzne,2025-07-27 09:10:07.798897+00:00,latest,1.719424,2.12,id_swapped
6fd9a013cea5a403,2021-06-19,UFC Fight Night: Jung vs. Ige,Aleksei Oleinik,Serghei Spivac,us,zewnetrzne,2025-07-27 09:10:07.798897+00:00,latest,3.0,1.377358,id_direct
744627aec853874e,2021-06-19,UFC Fight Night: Jung vs. Ige,Nicolae Negumereanu,Aleksa Camur,us,zewnetrzne,2025-07-27 09:10:07.798897+00:00,latest,3.0,1.377358,id_swapped
87c8e086c29ae543,2021-06-19,UFC Fight Night: Jung vs. Ige,Khaos Williams,Matthew Semelsberger,us,zewnetrzne,2025-07-27 09:10:07.798897+00:00,latest,1.617284,2.3,id_direct
a83ebbf013905949,2021-06-19,UFC Fight Night: Jung vs. Ige,Davey Grant,Marlon Vera,us,zewnetrzne,2025-07-27 09:10:07.798897+00:00,latest,2.8,1.434783,id_swapped
d3c0dfa57950aefd,2021-06-19,UFC Fight Night: Jung vs. Ige,Julian Erosa,SeungWoo Choi,us,zewnetrzne,2025-07-27 09:10:07.798897+00:00,latest,2.2,1.666667,id_direct
d684d8b02ab53031,2021-06-19,UFC Fight Night: Jung vs. Ige,Casey O'Neill,Lara Procopio,us,zewnetrzne,2025-07-27 09:10:07.798897+00:00,latest,2.35,1.598802,id_direct
e8fd128286788a6d,2021-06-19,UFC Fight Night: Jung vs. Ige,Roque Martinez,Josh Parisian,us,zewnetrzne,2025-07-27 09:10:07.798897+00:00,latest,2.2,1.645161,id_swapped
086c2a0cae0835c4,2021-06-26,UFC Fight Night: Gane vs. Volkov,Shavkat Rakhmonov,Michel Prazeres,us,zewnetrzne,2025-07-27 09:10:07.798897+00:00,latest,1.327869,3.35,id_direct
0eac7075bf3d7ab7,2021-06-26,UFC Fight Night: Gane vs. Volkov,Julia Avila,Julija Stoliarenko,us,zewnetrzne,2025-07-27 09:10:07.798897+00:00,latest,1.266667,3.75,id_direct
23c7c6ceee34585f,2021-06-26,UFC Fight Night: Gane vs. Volkov,Damir Hadzovic,Yancy Medeiros,us,zewnetrzne,2025-07-27 09:10:07.798897+00:00,latest,1.666667,2.2,id_swapped
4341ebb5a56e6943,2021-06-26,UFC Fight Night: Gane vs. Volkov,Jai Herbert,Renato Moicano,us,zewnetrzne,2025-07-27 09:10:07.798897+00:00,latest,2.95,1.4,id_swapped
5357dab4d331eb18,2021-06-26,UFC Fight Night: Gane vs. Volkov,Justin Jaynes,Charles Rosa,us,zewnetrzne,2025-07-27 09:10:07.798897+00:00,latest,2.4,1.564972,id_swapped
78afed76d0e9a639,2021-06-26,UFC Fight Night: Gane vs. Volkov,Alexander Volkov,Ciryl Gane,us,zewnetrzne,2025-07-27 09:10:07.798897+00:00,latest,2.25,1.645161,id_swapped
85099c6378ff87c5,2021-06-26,UFC Fight Night: Gane vs. Volkov,Danilo Marques,Kennedy Nzechukwu,us,zewnetrzne,2025-07-27 09:10:07.798897+00:00,latest,2.1,1.735294,id_swapped
c9283da5f4d7aaf4,2021-06-26,UFC Fight Night: Gane vs. Volkov,Tim Means,Nicolas Dalby,us,zewnetrzne,2025-07-27 09:10:07.798897+00:00,latest,1.699301,2.13,id_direct
ce0fda34122f3d48,2021-06-26,UFC Fight Night: Gane vs. Volkov,Timur Valiev,Raoni Barcelos,us,zewnetrzne,2025-07-27 09:10:07.798897+00:00,latest,2.8,1.434783,id_swapped
d40eae4425092219,2021-06-26,UFC Fight Night: Gane vs. Volkov,Tanner Boser,Ovince Saint Preux,us,zewnetrzne,2025-07-27 09:10:07.798897+00:00,latest,1.512821,2.53,id_direct
d988760df61f027c,2021-06-26,UFC Fight Night: Gane vs. Volkov,Marcin Prachnio,Ike Villanueva,us,zewnetrzne,2025-07-27 09:10:07.798897+00:00,latest,1.444444,2.8,id_direct
07468b6347ac5e3d,2021-07-10,UFC 264: Poirier vs. McGregor 3,Ilia Topuria,Ryan Hall,us,zewnetrzne,2025-07-27 09:10:07.798897+00:00,latest,1.425532,2.85,id_swapped
1aba46988c9b58f9,2021-07-10,UFC 264: Poirier vs. McGregor 3,Brad Tavares,Omari Akhmedov,us,zewnetrzne,2025-07-27 09:10:07.798897+00:00,latest,1.617284,2.3,id_swapped
3740c8033e31c90d,2021-07-10,UFC 264: Poirier vs. McGregor 3,Yana Santos,Irene Aldana,us,zewnetrzne,2025-07-27 09:10:07.798897+00:00,latest,1.869565,1.934579,id_swapped
53b480b44b0b51f1,2021-07-10,UFC 264: Poirier vs. McGregor 3,Greg Hardy,Tai Tuivasa,us,zewnetrzne,2025-07-27 09:10:07.798897+00:00,latest,2.05,1.769231,id_swapped
5d5bf07dbfada0e3,2021-07-10,UFC 264: Poirier vs. McGregor 3,Jennifer Maia,Jessica Eye,us,zewnetrzne,2025-07-27 09:10:07.798897+00:00,latest,1.5,2.62,id_direct
7070abfa26c079b8,2021-07-10,UFC 264: Poirier vs. McGregor 3,Max Griffin,Carlos Condit,us,zewnetrzne,2025-07-27 09:10:07.798897+00:00,latest,1.526316,2.5,id_swapped
7d0ce28ce8a77eb1,2021-07-10,UFC 264: Poirier vs. McGregor 3,Dustin Poirier,Conor McGregor,us,zewnetrzne,2025-07-27 09:10:07.798897+00:00,latest,1.775194,2.0,id_direct
8245791a3d3403c6,2021-07-10,UFC 264: Poirier vs. McGregor 3,Gilbert Burns,Stephen Thompson,us,zewnetrzne,2025-07-27 09:10:07.798897+00:00,latest,2.3,1.617284,id_direct
858feabaf429a963,2021-07-10,UFC 264: Poirier vs. McGregor 3,Dricus Du Plessis,Trevin Giles,us,zewnetrzne,2025-07-27 09:10:07.798897+00:00,latest,1.847458,1.943396,id_swapped
96bbb6c573dac27a,2021-07-10,UFC 264: Poirier vs. McGregor 3,Michel Pereira,Niko Price,us,zewnetrzne,2025-07-27 09:10:07.798897+00:00,latest,1.537634,2.5,id_swapped
ac0a1d87e9ff4085,2021-07-10,UFC 264: Poirier vs. McGregor 3,Zhalgas Zhumagulov,Jerome Rivera,us,zewnetrzne,2025-07-27 09:10:07.798897+00:00,latest,1.31746,3.4,id_direct
49876b12d440af40,2021-07-17,UFC Fight Night: Makhachev vs. Moises,Francisco Figueiredo,Malcolm Gordon,us,zewnetrzne,2025-07-27 09:10:07.798897+00:00,latest,1.322581,3.45,id_direct
72105dd82d964e7a,2021-07-17,UFC Fight Night: Makhachev vs. Moises,Jeremy Stephens,Mateusz Gamrot,us,zewnetrzne,2025-07-27 09:10:07.798897+00:00,latest,3.2,1.363636,id_direct
7d4c160dab6eae73,2021-07-17,UFC Fight Night: Makhachev vs. Moises,Islam Makhachev,Thiago Moises,us,zewnetrzne,2025-07-27 09:10:07.798897+00:00,latest,1.111111,7.0,id_direct
813444e109995c97,2021-07-17,UFC Fight Night: Makhachev vs. Moises,Rodolfo Vieira,Dustin Stoltzfus,us,zewnetrzne,2025-07-27 09:10:07.798897+00:00,latest,1.47619,2.75,id_direct
93d5452726f5f364,2021-07-17,UFC Fight Night: Makhachev vs. Moises,Sergey Morozov,Khalid Taha,us,zewnetrzne,2025-07-27 09:10:07.798897+00:00,latest,2.2,1.714286,id_swapped
940701effe1d2b6c,2021-07-17,UFC Fight Night: Makhachev vs. Moises,Gabriel Benitez,Billy Quarantillo,us,zewnetrzne,2025-07-27 09:10:07.798897+00:00,latest,1.666667,2.3,id_direct
c5e71fbf22f669f7,2021-07-17,UFC Fight Night: Makhachev vs. Moises,Montserrat Conejo Ruiz,Amanda Lemos,us,zewnetrzne,2025-07-27 09:10:07.798897+00:00,latest,5.35,1.166667,id_swapped
f0b83b05f3dd9580,2021-07-17,UFC Fight Night: Makhachev vs. Moises,Miesha Tate,Marion Reneau,us,zewnetrzne,2025-07-27 09:10:07.798897+00:00,latest,1.555556,2.55,id_swapped
1bde9cb65d31cc76,2021-07-24,UFC Fight Night: Sandhagen vs. Dillashaw,Darrick Minner,Darren Elkins,us,zewnetrzne,2025-07-27 09:10:07.798897+00:00,latest,1.645161,2.3,id_swapped
1be65a0d2c1383f6,2021-07-24,UFC Fight Night: Sandhagen vs. Dillashaw,Mickey Gall,Jordan Williams,us,zewnetrzne,2025-07-27 09:10:07.798897+00:00,latest,2.5,1.588235,id_direct
214b268e4a92f950,2021-07-24,UFC Fight Night: Sandhagen vs. Dillashaw,Cory Sandhagen,TJ Dillashaw,us,zewnetrzne,2025-07-27 09:10:07.798897+00:00,latest,1.47619,2.75,id_direct
40ce202eaa78860c,2021-07-24,UFC Fight Night: Sandhagen vs. Dillashaw,Hannah Goldy,Diana Belbita,us,zewnetrzne,2025-07-27 09:10:07.798897+00:00,latest,2.0,1.833333,id_swapped
43c391b251337c9b,2021-07-24,UFC Fight Night: Sandhagen vs. Dillashaw,Adrian Yanez,Randy Costa,us,zewnetrzne,2025-07-27 09:10:07.798897+00:00,latest,1.416667,2.95,id_direct
4911094a4ee26868,2021-07-24,UFC Fight Night: Sandhagen vs. Dillashaw,Brendan Allen,Punahele Soriano,us,zewnetrzne,2025-07-27 09:10:07.798897+00:00,latest,1.909091,1.909091,id_swapped
4bb77b1d8efc53a9,2021-07-24,UFC Fight Night: Sandhagen vs. Dillashaw,Kyler Phillips,Raulian Paiva,us,zewnetrzne,2025-07-27 09:10:07.798897+00:00,latest,1.3125,3.5,id_direct
7c3ad06a520b8716,2021-07-24,UFC Fight Night: Sandhagen vs. Dillashaw,Maycee Barber,Miranda Maverick,us,zewnetrzne,2025-07-27 09:10:07.798897+00:00,latest,2.35,1.645161,id_swapped
cade0268dec56f3d,2021-07-24,UFC Fight Night: Sandhagen vs. Dillashaw,Julio Arce,Andre Ewell,us,zewnetrzne,2025-07-27 09:10:07.798897+00:00,latest,1.454545,2.8,id_direct
dff1dbb8fe1f31cb,2021-07-24,UFC Fight Night: Sandhagen vs. Dillashaw,Ian Heinisch,Nassourdine Imavov,us,zewnetrzne,2025-07-27 09:10:07.798897+00:00,latest,1.645161,2.35,id_swapped
12ceec9431fb0827,2021-07-31,UFC Fight Night: Hall vs. Strickland,Rafa Garcia,Chris Gruetzemacher,us,zewnetrzne,2025-07-27 09:10:07.798897+00:00,latest,1.285714,3.7,id_swapped
1978b44503c3d9ff,2021-07-31,UFC Fight Night: Hall vs. Strickland,Ryan Benoit,Zarrukh Adashev,us,zewnetrzne,2025-07-27 09:10:07.798897+00:00,latest,1.714286,2.2,id_direct
8522bc62e8d942ab,2021-07-31,UFC Fight Night: Hall vs. Strickland,Sean Strickland,Uriah Hall,us,zewnetrzne,2025-07-27 09:10:07.798897+00:00,latest,1.47619,2.75,id_swapped
96c51bc6316a4b47,2021-07-31,UFC Fight Night: Hall vs. Strickland,Ashley Yoder,Jinh Yu Frey,us,zewnetrzne,2025-07-27 09:10:07.798897+00:00,latest,1.625,2.4,id_swapped
9eef9b7967991296,2021-07-31,UFC Fight Night: Hall vs. Strickland,Jason Witt,Bryan Barberena,us,zewnetrzne,2025-07-27 09:10:07.798897+00:00,latest,3.15,1.377358,id_swapped
e3ecb94228c2739f,2021-07-31,UFC Fight Night: Hall vs. Strickland,Niklas Stolze,Jared Gooden,us,zewnetrzne,2025-07-27 09:10:07.798897+00:00,latest,1.555556,2.55,id_direct
3d75081ce43774ca,2021-08-07,UFC 265: Lewis vs. Gane,Vince Morales,Drako Rodriguez,us,zewnetrzne,2025-07-27 09:10:07.798897+00:00,latest,1.909091,1.909091,id_direct
85c5dd604d5b3634,2021-08-07,UFC 265: Lewis vs. Gane,Manel Kape,Ode Osbourne,us,zewnetrzne,2025-07-27 09:10:07.798897+00:00,latest,1.5,2.7,id_direct
962aab0abdd34173,2021-08-07,UFC 265: Lewis vs. Gane,Casey Kenney,Song Yadong,us,zewnetrzne,2025-07-27 09:10:07.798897+00:00,latest,1.8,2.05,id_swapped
980927e7dcc131c0,2021-08-07,UFC 265: Lewis vs. Gane,Pedro Munhoz,Jose Aldo,us,zewnetrzne,2025-07-27 09:10:07.798897+00:00,latest,1.869565,1.952381,id_swapped
9a678f346946b6a4,2021-08-07,UFC 265: Lewis vs. Gane,Miles Johns,Anderson Dos Santos,us,zewnetrzne,2025-07-27 09:10:07.798897+00:00,latest,1.425532,2.9,id_direct
af9927b5589e708b,2021-08-07,UFC 265: Lewis vs. Gane,Jamey Simmons,Johnny Munoz,us,zewnetrzne,2025-07-27 09:10:07.798897+00:00,latest,3.7,1.285714,id_swapped
bf732e22055e8634,2021-08-07,UFC 265: Lewis vs. Gane,Ciryl Gane,Derrick Lewis,us,zewnetrzne,2025-07-27 09:10:07.798897+00:00,latest,1.3125,3.5,id_swapped
dcd0793ff1a43b68,2021-08-07,UFC 265: Lewis vs. Gane,Ed Herman,Alonzo Menifield,us,zewnetrzne,2025-07-27 09:10:07.798897+00:00,latest,3.3,1.344828,id_swapped
efe985e626a0d8c0,2021-08-07,UFC 265: Lewis vs. Gane,Vicente Luque,Michael Chiesa,us,zewnetrzne,2025-07-27 09:10:07.798897+00:00,latest,1.952381,1.869565,id_swapped
f2336b7545f5f442,2021-08-07,UFC 265: Lewis vs. Gane,Jessica Penne,Karolina Kowalkiewicz,us,zewnetrzne,2025-07-27 09:10:07.798897+00:00,latest,2.25,1.689655,id_swapped
0b47788da6de735e,2021-08-21,UFC Fight Night: Cannonier vs. Gastelum,Brandon Royval,Alexandre Pantoja,us,zewnetrzne,2025-07-27 09:10:07.798897+00:00,latest,2.5,1.588235,id_swapped
12d2b282561b5e5f,2021-08-21,UFC Fight Night: Cannonier vs. Gastelum,Luis Saldana,Austin Lingo,us,zewnetrzne,2025-07-27 09:10:07.798897+00:00,latest,1.833333,2.0,id_swapped
3a9e0fed344fd07d,2021-08-21,UFC Fight Night: Cannonier vs. Gastelum,Clay Guida,Mark Madsen,us,zewnetrzne,2025-07-27 09:10:07.798897+00:00,latest,2.5,1.588235,id_direct
47230f9b5d7ae037,2021-08-21,UFC Fight Night: Cannonier vs. Gastelum,Chase Sherman,Parker Porter,us,zewnetrzne,2025-07-27 09:10:07.798897+00:00,latest,1.5,2.7,id_swapped
47a157222b2c9092,2021-08-21,UFC Fight Night: Cannonier vs. Gastelum,Ramiz Brahimaj,Sasha Palatnikov,us,zewnetrzne,2025-07-27 09:10:07.798897+00:00,latest,1.606061,2.45,id_swapped
5e2ce5aa3a92c2df,2021-08-21,UFC Fight Night: Cannonier vs. Gastelum,William Knight,Fabio Cherant,us,zewnetrzne,2025-07-27 09:10:07.798897+00:00,latest,1.588235,2.5,id_direct
755d84d5f4aa4dbf,2021-08-21,UFC Fight Night: Cannonier vs. Gastelum,Vinc Pichel,Austin Hubbard,us,zewnetrzne,2025-07-27 09:10:07.798897+00:00,latest,1.714286,2.2,id_direct
8badcb2134c1cdaf,2021-08-21,UFC Fight Night: Cannonier vs. Gastelum,Roosevelt Roberts,Ignacio Bahamondes,us,zewnetrzne,2025-07-27 09:10:07.798897+00:00,latest,1.645161,2.35,id_direct
bfacb44c24bfe0e9,2021-08-21,UFC Fight Night: Cannonier vs. Gastelum,Domingo Pilarte,Brian Kelleher,us,zewnetrzne,2025-07-27 09:10:07.798897+00:00,latest,2.5,1.588235,id_swapped
f536ba47f006474a,2021-08-21,UFC Fight Night: Cannonier vs. Gastelum,Jared Cannonier,Kelvin Gastelum,us,zewnetrzne,2025-07-27 09:10:07.798897+00:00,latest,1.689655,2.25,id_direct
089a17e450cc98aa,2021-08-28,UFC Fight Night: Barboza vs. Chikadze,Daniel Rodriguez,Kevin Lee,us,zewnetrzne,2025-07-27 09:10:07.798897+00:00,latest,2.25,1.689655,id_swapped
0f3a91caeaa55094,2021-08-28,UFC Fight Night: Barboza vs. Chikadze,Darren Stewart,Dustin Jacoby,us,zewnetrzne,2025-07-27 09:10:07.798897+00:00,latest,2.7,1.5,id_swapped
1de342e9309c5f0f,2021-08-28,UFC Fight Night: Barboza vs. Chikadze,Gerald Meerschaert,Makhmud Muradov,us,zewnetrzne,2025-07-27 09:10:07.798897+00:00,latest,5.1,1.173913,id_swapped
58d5e4afc2dd35d1,2021-08-28,UFC Fight Night: Barboza vs. Chikadze,Wellington Turman,Sam Alvey,us,zewnetrzne,2025-07-27 09:10:07.798897+00:00,latest,1.869565,1.952381,id_swapped
5cd1869013741767,2021-08-28,UFC Fight Night: Barboza vs. Chikadze,Edson Barboza,Giga Chikadze,us,zewnetrzne,2025-07-27 09:10:07.798897+00:00,latest,1.8,2.05,id_direct
e24c8aab497b4fe1,2021-08-28,UFC Fight Night: Barboza vs. Chikadze,Alessio Di Chirico,Abdul Razak Alhassan,us,zewnetrzne,2025-07-27 09:10:07.798897+00:00,latest,1.377358,3.15,id_direct
ef4484943b1c68a9,2021-08-28,UFC Fight Night: Barboza vs. Chikadze,Pat Sabatini,Jamall Emmers,us,zewnetrzne,2025-07-27 09:10:07.798897+00:00,latest,2.3,1.666667,id_swapped
06c0c7dda5a5909d,2021-09-04,UFC Fight Night: Brunson vs. Till,Molly McCann,Ji Yeon Kim,us,zewnetrzne,2025-07-27 09:10:07.798897+00:00,latest,1.833333,2.0,id_direct
14f2bb86fd888e91,2021-09-04,UFC Fight Night: Brunson vs. Till,Darren Till,Derek Brunson,us,zewnetrzne,2025-07-27 09:10:07.798897+00:00,latest,1.666667,2.3,id_swapped
3f76035e52e8819b,2021-09-04,UFC Fight Night: Brunson vs. Till,Julian Erosa,Charles Jourdain,us,zewnetrzne,2025-07-27 09:10:07.798897+00:00,latest,2.7,1.5,id_direct
a7c38d4d66abf923,2021-09-04,UFC Fight Night: Brunson vs. Till,Marc-Andre Barriault,Dalcha Lungiambula,us,zewnetrzne,2025-07-27 09:10:07.798897+00:00,latest,1.625,2.4,id_swapped
ad81be01a461c936,2021-09-04,UFC Fight Night: Brunson vs. Till,Modestas Bukauskas,Khalil Rountree Jr.,us,zewnetrzne,2025-07-27 09:10:07.798897+00:00,latest,1.625,2.4,id_direct
b977ffcc6428046f,2021-09-04,UFC Fight Night: Brunson vs. Till,Tom Aspinall,Serghei Spivac,us,zewnetrzne,2025-07-27 09:10:07.798897+00:00,latest,1.416667,2.95,id_direct
f09912e9d8eaa968,2021-09-04,UFC Fight Night: Brunson vs. Till,David Zawada,Alex Morono,us,zewnetrzne,2025-07-27 09:10:07.798897+00:00,latest,2.05,1.8,id_swapped
06b3226c34c17001,2021-09-18,UFC Fight Night: Smith vs. Spann,Impa Kasanganay,Carlston Harris,us,zewnetrzne,2025-07-27 09:10:07.798897+00:00,latest,1.952381,1.869565,id_direct
13a8ddb1c3f55ed4,2021-09-18,UFC Fight Night: Smith vs. Spann,Christos Giagos,Arman Tsarukyan,us,zewnetrzne,2025-07-27 09:10:07.798897+00:00,latest,6.75,1.117647,id_swapped
2d42742aade53799,2021-09-18,UFC Fight Night: Smith vs. Spann,Pannie Kianzad,Raquel Pennington,us,zewnetrzne,2025-07-27 09:10:07.798897+00:00,latest,2.15,1.740741,id_direct
401f5f4714132d50,2021-09-18,UFC Fight Night: Smith vs. Spann,Antonio Arroyo,Joaquin Buckley,us,zewnetrzne,2025-07-27 09:10:07.798897+00:00,latest,2.55,1.555556,id_swapped
4b5f9b7c31d1205d,2021-09-18,UFC Fight Night: Smith vs. Spann,Devin Clark,Ion Cutelaba,us,zewnetrzne,2025-07-27 09:10:07.798897+00:00,latest,2.5,1.588235,id_swapped
576b795e33ddd62d,2021-09-18,UFC Fight Night: Smith vs. Spann,Tony Gravely,Nate Maness,us,zewnetrzne,2025-07-27 09:10:07.798897+00:00,latest,1.5,2.7,id_swapped
d06495deb1ff1750,2021-09-18,UFC Fight Night: Smith vs. Spann,Mike Rodriguez,Tafon Nchukwi,us,zewnetrzne,2025-07-27 09:10:07.798897+00:00,latest,2.05,1.8,id_direct
d1621b3da377f34b,2021-09-18,UFC Fight Night: Smith vs. Spann,Ryan Spann,Anthony Smith,us,zewnetrzne,2025-07-27 09:10:07.798897+00:00,latest,2.3,1.666667,id_swapped
dc870fab1e0f15e1,2021-09-18,UFC Fight Night: Smith vs. Spann,JP Buys,Montel Jackson,us,zewnetrzne,2025-07-27 09:10:07.798897+00:00,latest,5.5,1.15873,id_swapped
eb10feae98ea7d36,2021-09-18,UFC Fight Night: Smith vs. Spann,Hannah Goldy,Emily Whitmire,us,zewnetrzne,2025-07-27 09:10:07.798897+00:00,latest,2.05,1.8,id_swapped
18f1b88d8977c216,2021-09-25,UFC 266: Volkanovski vs. Ortega,Brian Ortega,Alexander Volkanovski,us,zewnetrzne,2025-07-27 09:10:07.798897+00:00,latest,2.55,1.555556,id_swapped
7233b2a56438d77a,2021-09-25,UFC 266: Volkanovski vs. Ortega,Valentina Shevchenko,Lauren Murphy,us,zewnetrzne,2025-07-27 09:10:07.798897+00:00,latest,1.072727,9.0,id_direct
7484298ad57099be,2021-09-25,UFC 266: Volkanovski vs. Ortega,Jonathan Pearce,Omar Morales,us,zewnetrzne,2025-07-27 09:10:07.798897+00:00,latest,2.4,1.625,id_direct
7abc4520f63f2c06,2021-09-25,UFC 266: Volkanovski vs. Ortega,Jalin Turner,Uros Medic,us,zewnetrzne,2025-07-27 09:10:07.798897+00:00,latest,1.952381,1.869565,id_swapped
92e006a93f983fb5,2021-09-25,UFC 266: Volkanovski vs. Ortega,Robbie Lawler,Nick Diaz,us,zewnetrzne,2025-07-27 09:10:07.798897+00:00,latest,1.625,2.4,id_swapped
b3c23fb2d71bba51,2021-09-25,UFC 266: Volkanovski vs. Ortega,Dan Hooker,Nasrat Haqparast,us,zewnetrzne,2025-07-27 09:10:07.798897+00:00,latest,1.666667,2.3,id_direct
bc276e0f07e30a54,2021-09-25,UFC 266: Volkanovski vs. Ortega,Merab Dvalishvili,Marlon Moraes,us,zewnetrzne,2025-07-27 09:10:07.798897+00:00,latest,1.322581,3.45,id_swapped
e7bb37681652c2c2,2021-09-25,UFC 266: Volkanovski vs. Ortega,Roxanne Modafferi,Taila Santos,us,zewnetrzne,2025-07-27 09:10:07.798897+00:00,latest,4.0,1.25,id_direct
f085f32bbb3220e1,2021-09-25,UFC 266: Volkanovski vs. Ortega,Shamil Abdurakhimov,Chris Daukaus,us,zewnetrzne,2025-07-27 09:10:07.798897+00:00,latest,2.8,1.454545,id_direct
f4a2806f77ac1cdc,2021-09-25,UFC 266: Volkanovski vs. Ortega,Jessica Andrade,Cynthia Calvillo,us,zewnetrzne,2025-07-27 09:10:07.798897+00:00,latest,1.454545,2.8,id_direct
f4df74046a1c4364,2021-09-25,UFC 266: Volkanovski vs. Ortega,Jairzinho Rozenstruik,Curtis Blaydes,us,zewnetrzne,2025-07-27 09:10:07.798897+00:00,latest,3.9,1.263158,id_swapped
16d31775a8dcb31d,2021-10-02,UFC Fight Night: Santos vs. Walker,Karol Rosa,Bethe Correia,us,zewnetrzne,2025-07-27 09:10:07.798897+00:00,latest,1.138889,6.0,id_swapped
37c484012ef24a5b,2021-10-02,UFC Fight Night: Santos vs. Walker,Johnny Walker,Thiago Santos,us,zewnetrzne,2025-07-27 09:10:07.798897+00:00,latest,2.3,1.666667,id_swapped
3b7eb8e56052a2af,2021-10-02,UFC Fight Night: Santos vs. Walker,Jared Gordon,Joe Solecki,us,zewnetrzne,2025-07-27 09:10:07.798897+00:00,latest,2.15,1.740741,id_swapped
5f444eac11e55161,2021-10-02,UFC Fight Night: Santos vs. Walker,Douglas Silva de Andrade,Gaetano Pirrello,us,zewnetrzne,2025-07-27 09:10:07.798897+00:00,latest,1.357143,3.25,id_direct
6832e9e62da0f9d3,2021-10-02,UFC Fight Night: Santos vs. Walker,Casey O'Neill,Antonina Shevchenko,us,zewnetrzne,2025-07-27 09:10:07.798897+00:00,latest,1.377358,3.15,id_swapped
9c33c8d4a381ba70,2021-10-02,UFC Fight Night: Santos vs. Walker,Alex Oliveira,Niko Price,us,zewnetrzne,2025-07-27 09:10:07.798897+00:00,latest,2.7,1.5,id_direct
c1e5859053263811,2021-10-02,UFC Fight Night: Santos vs. Walker,Shanna Young,Stephanie Egger,us,zewnetrzne,2025-07-27 09:10:07.798897+00:00,latest,2.35,1.645161,id_swapped
dba710edbc3c29ff,2021-10-02,UFC Fight Night: Santos vs. Walker,Krzysztof Jotko,Misha Cirkunov,us,zewnetrzne,2025-07-27 09:10:07.798897+00:00,latest,1.769231,2.1,id_swapped
dfa2f5c821a52c63,2021-10-02,UFC Fight Night: Santos vs. Walker,Devonte Smith,Jamie Mullarkey,us,zewnetrzne,2025-07-27 09:10:07.798897+00:00,latest,1.645161,2.35,id_direct
e7423a91a253b416,2021-10-02,UFC Fight Night: Santos vs. Walker,Johnny Eduardo,Alejandro Perez,us,zewnetrzne,2025-07-27 09:10:07.798897+00:00,latest,3.35,1.333333,id_swapped
149d6b90f33634a4,2021-10-09,UFC Fight Night: Dern vs. Rodriguez,Mackenzie Dern,Marina Rodriguez,us,zewnetrzne,2025-07-27 09:10:07.798897+00:00,latest,1.5,2.7,id_direct
20f19439e9b100b0,2021-10-09,UFC Fight Night: Dern vs. Rodriguez,Matheus Nicolau,Tim Elliott,us,zewnetrzne,2025-07-27 09:10:07.798897+00:00,latest,1.526316,2.6,id_swapped
38957d8eb185391c,2021-10-09,UFC Fight Night: Dern vs. Rodriguez,Sabina Mazo,Mariya Agapova,us,zewnetrzne,2025-07-27 09:10:07.798897+00:00,latest,1.5,2.7,id_direct
6101249c2cdd1493,2021-10-09,UFC Fight Night: Dern vs. Rodriguez,Chris Gutierrez,Felipe Colares,us,zewnetrzne,2025-07-27 09:10:07.798897+00:00,latest,1.37037,3.2,id_direct
777c65184aa63894,2021-10-09,UFC Fight Night: Dern vs. Rodriguez,Jared Vanderaa,Alexandr Romanov,us,zewnetrzne,2025-07-27 09:10:07.798897+00:00,latest,5.25,1.173913,id_swapped
d5ffdb5388ffabc6,2021-10-09,UFC Fight Night: Dern vs. Rodriguez,Randy Brown,Jared Gooden,us,zewnetrzne,2025-07-27 09:10:07.798897+00:00,latest,1.322581,3.5,id_direct
ddb927b0dfcfac2a,2021-10-09,UFC Fight Night: Dern vs. Rodriguez,Charlie Ontiveros,Steve Garcia,us,zewnetrzne,2025-07-27 09:10:07.798897+00:00,latest,3.5,1.322581,id_swapped
df16b9c2fc9722e9,2021-10-09,UFC Fight Night: Dern vs. Rodriguez,Damon Jackson,Charles Rosa,us,zewnetrzne,2025-07-27 09:10:07.798897+00:00,latest,1.5,2.7,id_swapped
188b63ec6ee1c1c9,2021-10-16,UFC Fight Night: Ladd vs. Dumont,Andrei Arlovski,Carlos Felipe,us,zewnetrzne,2025-07-27 09:10:07.798897+00:00,latest,2.05,1.8,id_direct
330e67abac6e5ce7,2021-10-16,UFC Fight Night: Ladd vs. Dumont,Norma Dumont,Aspen Ladd,us,zewnetrzne,2025-07-27 09:10:07.798897+00:00,latest,2.2,1.714286,id_swapped
a2e1116a9fe84aa9,2021-10-16,UFC Fight Night: Ladd vs. Dumont,Nate Landwehr,Ludovit Klein,us,zewnetrzne,2025-07-27 09:10:07.798897+00:00,latest,3.8,1.273973,id_direct
b193e2317b21125c,2021-10-16,UFC Fight Night: Ladd vs. Dumont,Manon Fiorot,Mayra Bueno Silva,us,zewnetrzne,2025-07-27 09:10:07.798897+00:00,latest,1.3125,3.5,id_direct
be8bee783d22bee2,2021-10-16,UFC Fight Night: Ladd vs. Dumont,Luana Carolina,Loopy Godinez,us,zewnetrzne,2025-07-27 09:10:07.798897+00:00,latest,2.8,1.454545,id_swapped
cf020c71f1dbfa0b,2021-10-16,UFC Fight Night: Ladd vs. Dumont,Batgerel Danaa,Brandon Davis,us,zewnetrzne,2025-07-27 09:10:07.798897+00:00,latest,1.714286,2.2,id_direct
e3881a6895be3e9e,2021-10-16,UFC Fight Night: Ladd vs. Dumont,Danny Roberts,Ramazan Emeev,us,zewnetrzne,2025-07-27 09:10:07.798897+00:00,latest,3.5,1.3125,id_direct
fefa96b6d939ffea,2021-10-16,UFC Fight Night: Ladd vs. Dumont,Bruno Silva,Andrew Sanchez,us,zewnetrzne,2025-07-27 09:10:07.798897+00:00,latest,1.645161,2.35,id_swapped
587d373f18f6c8c0,2021-10-23,UFC Fight Night: Costa vs. Vettori,Dwight Grant,Francisco Trinaldo,us,zewnetrzne,2025-07-27 09:10:07.798897+00:00,latest,2.05,1.8,id_swapped
61d9eff5fa4c8578,2021-10-23,UFC Fight Night: Costa vs. Vettori,Randa Markos,Livinha Souza,us,zewnetrzne,2025-07-27 09:10:07.798897+00:00,latest,2.15,1.740741,id_swapped
69167b996ce7a7e4,2021-10-23,UFC Fight Night: Costa vs. Vettori,Jessica-Rose Clark,Joselyne Edwards,us,zewnetrzne,2025-07-27 09:10:07.798897+00:00,latest,1.689655,2.25,id_direct
6d7eecf4acecda2a,2021-10-23,UFC Fight Night: Costa vs. Vettori,Jai Herbert,Khama Worthy,us,zewnetrzne,2025-07-27 09:10:07.798897+00:00,latest,1.588235,2.5,id_swapped
85f920746c58d0a6,2021-10-23,UFC Fight Night: Costa vs. Vettori,Jamie Pickett,Laureano Staropoli,us,zewnetrzne,2025-07-27 09:10:07.798897+00:00,latest,2.75,1.47619,id_direct
860be3cc82895177,2021-10-23,UFC Fight Night: Costa vs. Vettori,Paulo Costa,Marvin Vettori,us,zewnetrzne,2025-07-27 09:10:07.798897+00:00,latest,2.7,1.5,id_direct
88256dd5a9aef1cc,2021-10-23,UFC Fight Night: Costa vs. Vettori,JunYong Park,Gregory Rodrigues,us,zewnetrzne,2025-07-27 09:10:07.798897+00:00,latest,2.15,1.740741,id_direct
98842f17dfe4b4ef,2021-10-23,UFC Fight Night: Costa vs. Vettori,Alex Caceres,SeungWoo Choi,us,zewnetrzne,2025-07-27 09:10:07.798897+00:00,latest,3.05,1.392157,id_direct
e078d18fa9ed100d,2021-10-23,UFC Fight Night: Costa vs. Vettori,Nicolae Negumereanu,Ike Villanueva,us,zewnetrzne,2025-07-27 09:10:07.798897+00:00,latest,1.416667,2.95,id_direct
13e3e41e0c6f4e04,2021-10-30,UFC 267: Blachowicz vs. Teixeira,Alexander Volkov,Marcin Tybura,us,zewnetrzne,2025-07-27 09:10:07.798897+00:00,latest,1.384615,3.1,id_direct
156f2425a937b22f,2021-10-30,UFC 267: Blachowicz vs. Teixeira,Lerone Murphy,Makwan Amirkhani,us,zewnetrzne,2025-07-27 09:10:07.798897+00:00,latest,1.377358,3.15,id_swapped
18edff5447989b3f,2021-10-30,UFC 267: Blachowicz vs. Teixeira,Cory Sandhagen,Petr Yan,us,zewnetrzne,2025-07-27 09:10:07.798897+00:00,latest,3.4,1.327869,id_swapped
41cdfea7df63003f,2021-10-30,UFC 267: Blachowicz vs. Teixeira,Ricardo Ramos,Zubaira Tukhugov,us,zewnetrzne,2025-07-27 09:10:07.798897+00:00,latest,2.4,1.625,id_direct
4a5e5232346993c7,2021-10-30,UFC 267: Blachowicz vs. Teixeira,Andre Petroski,Hu Yaozong,us,zewnetrzne,2025-07-27 09:10:07.798897+00:00,latest,1.454545,2.8,id_swapped
58b19ba734fe93a3,2021-10-30,UFC 267: Blachowicz vs. Teixeira,Volkan Oezdemir,Magomed Ankalaev,us,zewnetrzne,2025-07-27 09:10:07.798897+00:00,latest,3.8,1.273973,id_swapped
5ad4c0eae7512878,2021-10-30,UFC 267: Blachowicz vs. Teixeira,Dan Hooker,Islam Makhachev,us,zewnetrzne,2025-07-27 09:10:07.798897+00:00,latest,5.25,1.169492,id_swapped
919fb76d2f3e5827,2021-10-30,UFC 267: Blachowicz vs. Teixeira,Glover Teixeira,Jan Blachowicz,us,zewnetrzne,2025-07-27 09:10:07.798897+00:00,latest,3.15,1.377358,id_swapped
92c49cb075f612d7,2021-10-30,UFC 267: Blachowicz vs. Teixeira,Michal Oleksiejczuk,Shamil Gamzatov,us,zewnetrzne,2025-07-27 09:10:07.798897+00:00,latest,1.869565,1.952381,id_swapped
987cdcbc809e210d,2021-10-30,UFC 267: Blachowicz vs. Teixeira,Khamzat Chimaev,Li Jingliang,us,zewnetrzne,2025-07-27 09:10:07.798897+00:00,latest,1.229885,4.3,id_swapped
d84968d7e9fcb4f3,2021-10-30,UFC 267: Blachowicz vs. Teixeira,Virna Jandiroba,Amanda Ribas,us,zewnetrzne,2025-07-27 09:10:07.798897+00:00,latest,2.45,1.606061,id_swapped
095a351dd6f09f7e,2021-11-06,UFC 268: Usman vs. Covington 2,Edmen Shahbazyan,Nassourdine Imavov,us,zewnetrzne,2025-07-27 09:10:07.798897+00:00,latest,2.0,1.833333,id_direct
19722043e7eb4e39,2021-11-06,UFC 268: Usman vs. Covington 2,Zhang Weili,Rose Namajunas,us,zewnetrzne,2025-07-27 09:10:07.798897+00:00,latest,1.833333,2.0,id_swapped
31b3ae9352d9389b,2021-11-06,UFC 268: Usman vs. Covington 2,Colby Covington,Kamaru Usman,us,zewnetrzne,2025-07-27 09:10:07.798897+00:00,latest,3.5,1.3125,id_swapped
88cc78d2d5d6bcaa,2021-11-06,UFC 268: Usman vs. Covington 2,John Allan,Dustin Jacoby,us,zewnetrzne,2025-07-27 09:10:07.798897+00:00,latest,4.0,1.25,id_swapped
999a0fad4c82148d,2021-11-06,UFC 268: Usman vs. Covington 2,Michael Chandler,Justin Gaethje,us,zewnetrzne,2025-07-27 09:10:07.798897+00:00,latest,2.75,1.47619,id_swapped
a260238fdb9c47cf,2021-11-06,UFC 268: Usman vs. Covington 2,Shane Burgos,Billy Quarantillo,us,zewnetrzne,2025-07-27 09:10:07.798897+00:00,latest,1.588235,2.5,id_direct
c634ed84212723ca,2021-11-06,UFC 268: Usman vs. Covington 2,Marlon Vera,Frankie Edgar,us,zewnetrzne,2025-07-27 09:10:07.798897+00:00,latest,1.526316,2.6,id_swapped
e25875165648162b,2021-11-06,UFC 268: Usman vs. Covington 2,Chris Barnett,Gian Villante,us,zewnetrzne,2025-07-27 09:10:07.798897+00:00,latest,2.05,1.8,id_swapped
0273dbd5dedbdbe0,2021-11-13,UFC Fight Night: Holloway vs. Rodriguez,Joel Alvarez,Thiago Moises,us,zewnetrzne,2025-07-27 09:10:07.798897+00:00,latest,2.95,1.416667,id_swapped
1013cdbb6c9a4a2e,2021-11-13,UFC Fight Night: Holloway vs. Rodriguez,Marcos Rogerio de Lima,Ben Rothwell,us,zewnetrzne,2025-07-27 09:10:07.798897+00:00,latest,2.45,1.606061,id_swapped
147e984aa34e3028,2021-11-13,UFC Fight Night: Holloway vs. Rodriguez,Max Holloway,Yair Rodriguez,us,zewnetrzne,2025-07-27 09:10:07.798897+00:00,latest,1.148148,5.75,id_direct
2c21abbc28e3876a,2021-11-13,UFC Fight Night: Holloway vs. Rodriguez,Rafael Alves,Marc Diakiese,us,zewnetrzne,2025-07-27 09:10:07.798897+00:00,latest,3.0,1.4,id_swapped
66eee2320e900a8a,2021-11-13,UFC Fight Night: Holloway vs. Rodriguez,Cortney Casey,Liana Jojua,us,zewnetrzne,2025-07-27 09:10:07.798897+00:00,latest,1.273973,3.8,id_direct
73c97d5c314f1270,2021-11-13,UFC Fight Night: Holloway vs. Rodriguez,Julio Arce,Song Yadong,us,zewnetrzne,2025-07-27 09:10:07.798897+00:00,latest,2.25,1.689655,id_swapped
81bb4d9b214adf4b,2021-11-13,UFC Fight Night: Holloway vs. Rodriguez,Da Woon Jung,Kennedy Nzechukwu,us,zewnetrzne,2025-07-27 09:10:07.798897+00:00,latest,1.8,2.05,id_swapped
8636b67096df4b27,2021-11-13,UFC Fight Night: Holloway vs. Rodriguez,Khaos Williams,Miguel Baeza,us,zewnetrzne,2025-07-27 09:10:07.798897+00:00,latest,2.4,1.625,id_swapped
a27a355f52883f3e,2021-11-13,UFC Fight Night: Holloway vs. Rodriguez,Collin Anglin,Sean Woodson,us,zewnetrzne,2025-07-27 09:10:07.798897+00:00,latest,4.0,1.25,id_swapped
c0518d213b67e754,2021-11-13,UFC Fight Night: Holloway vs. Rodriguez,Andrea Lee,Cynthia Calvillo,us,zewnetrzne,2025-07-27 09:10:07.798897+00:00,latest,2.0,1.833333,id_swapped
e6ce8360ef43891c,2021-11-13,UFC Fight Night: Holloway vs. Rodriguez,Felicia Spencer,Leah Letson,us,zewnetrzne,2025-07-27 09:10:07.798897+00:00,latest,1.273973,3.8,id_direct
18f19b1422e8154b,2021-11-20,UFC Fight Night: Vieira vs. Tate,Miesha Tate,Ketlen Vieira,us,zewnetrzne,2025-07-27 09:10:07.798897+00:00,latest,1.833333,2.0,id_swapped
1cd8f5a107f64e39,2021-11-20,UFC Fight Night: Vieira vs. Tate,Rani Yahya,Kyung Ho Kang,us,zewnetrzne,2025-07-27 09:10:07.798897+00:00,latest,2.05,1.8,id_direct
1ff89e2a9cc2f2d2,2021-11-20,UFC Fight Night: Vieira vs. Tate,Shayilan Nuerdanbieke,Sean Soriano,us,zewnetrzne,2025-07-27 09:10:07.798897+00:00,latest,3.3,1.344828,id_direct
450534f9fb9b13cd,2021-11-20,UFC Fight Night: Vieira vs. Tate,Loma Lookboonmee,Loopy Godinez,us,zewnetrzne,2025-07-27 09:10:07.798897+00:00,latest,2.3,1.666667,id_direct
50bf4bb2f8d9aba4,2021-11-20,UFC Fight Night: Vieira vs. Tate,Sean Brady,Michael Chiesa,us,zewnetrzne,2025-07-27 09:10:07.798897+00:00,latest,1.526316,2.6,id_swapped
84c68c4c387d2e32,2021-11-20,UFC Fight Night: Vieira vs. Tate,Aoriqileng,Cody Durden,us,zewnetrzne,2025-07-27 09:10:07.798897+00:00,latest,2.45,1.606061,id_swapped
8dd086e2e70144fd,2021-11-20,UFC Fight Night: Vieira vs. Tate,Luana Pinheiro,Sam Hughes,us,zewnetrzne,2025-07-27 09:10:07.798897+00:00,latest,1.263158,3.9,id_direct
9b9ef12603e820ec,2021-11-20,UFC Fight Night: Vieira vs. Tate,Adrian Yanez,Davey Grant,us,zewnetrzne,2025-07-27 09:10:07.798897+00:00,latest,1.357143,3.25,id_swapped
bb15c0a2911043bd,2021-11-20,UFC Fight Night: Vieira vs. Tate,Joanne Wood,Taila Santos,us,zewnetrzne,2025-07-27 09:10:07.798897+00:00,latest,4.2,1.235294,id_direct
f592f168f3b8b807,2021-11-20,UFC Fight Night: Vieira vs. Tate,Tucker Lutz,Pat Sabatini,us,zewnetrzne,2025-07-27 09:10:07.798897+00:00,latest,1.769231,2.1,id_swapped
1ce1a43ef68ffc7d,2021-12-04,UFC Fight Night: Font vs. Aldo,Vince Morales,Louis Smolka,us,zewnetrzne,2025-07-27 09:10:07.798897+00:00,latest,2.45,1.606061,id_swapped
3109d1151f149aaf,2021-12-04,UFC Fight Night: Font vs. Aldo,Rob Font,Jose Aldo,us,zewnetrzne,2025-07-27 09:10:07.798897+00:00,latest,1.769231,2.1,id_direct
376dddfa82debbf4,2021-12-04,UFC Fight Night: Font vs. Aldo,Zhalgas Zhumagulov,Manel Kape,us,zewnetrzne,2025-07-27 09:10:07.798897+00:00,latest,3.5,1.3125,id_swapped
3fc8afbb23b9ac16,2021-12-04,UFC Fight Night: Font vs. Aldo,Mallory Martin,Cheyanne Vlismas,us,zewnetrzne,2025-07-27 09:10:07.798897+00:00,latest,2.6,1.526316,id_swapped
42b28adbed6966b7,2021-12-04,UFC Fight Night: Font vs. Aldo,William Knight,Alonzo Menifield,us,zewnetrzne,2025-07-27 09:10:07.798897+00:00,latest,2.5,1.588235,id_swapped
5d64044b985004e7,2021-12-04,UFC Fight Night: Font vs. Aldo,Leonardo Santos,Clay Guida,us,zewnetrzne,2025-07-27 09:10:07.798897+00:00,latest,1.454545,2.8,id_swapped
657b7da9c89352fe,2021-12-04,UFC Fight Night: Font vs. Aldo,Mickey Gall,Alex Morono,us,zewnetrzne,2025-07-27 09:10:07.798897+00:00,latest,3.0,1.4,id_swapped
723a8a8c82cab1c8,2021-12-04,UFC Fight Night: Font vs. Aldo,Dusko Todorovic,Maki Pitolo,us,zewnetrzne,2025-07-27 09:10:07.798897+00:00,latest,1.555556,2.55,id_swapped
9e5bbbacf1d92cb4,2021-12-04,UFC Fight Night: Font vs. Aldo,Brendan Allen,Chris Curtis,us,zewnetrzne,2025-07-27 09:10:07.798897+00:00,latest,1.273973,3.8,id_direct
a38648a1c190f9be,2021-12-04,UFC Fight Night: Font vs. Aldo,Brad Riddell,Rafael Fiziev,us,zewnetrzne,2025-07-27 09:10:07.798897+00:00,latest,2.05,1.8,id_direct
b3847772199e2639,2021-12-04,UFC Fight Night: Font vs. Aldo,Jamahal Hill,Jimmy Crute,us,zewnetrzne,2025-07-27 09:10:07.798897+00:00,latest,2.65,1.512821,id_swapped
c74b03337a8441ed,2021-12-04,UFC Fight Night: Font vs. Aldo,Claudio Puelles,Chris Gruetzemacher,us,zewnetrzne,2025-07-27 09:10:07.798897+00:00,latest,1.8,2.05,id_direct
0b633295d9e017a3,2021-12-11,UFC 269: Oliveira vs. Poirier,Julianna Pena,Amanda Nunes,us,zewnetrzne,2025-07-27 09:10:07.798897+00:00,latest,8.0,1.088889,id_swapped
16243b1470887cb6,2021-12-11,UFC 269: Oliveira vs. Poirier,Andre Muniz,Eryk Anders,us,zewnetrzne,2025-07-27 09:10:07.798897+00:00,latest,1.5,2.7,id_direct
2d0d13dfc6c37ba8,2021-12-11,UFC 269: Oliveira vs. Poirier,Santiago Ponzinibbio,Geoff Neal,us,zewnetrzne,2025-07-27 09:10:07.798897+00:00,latest,1.769231,2.1,id_swapped
505397f405e40206,2021-12-11,UFC 269: Oliveira vs. Poirier,Gillian Robertson,Priscila Cachoeira,us,zewnetrzne,2025-07-27 09:10:07.798897+00:00,latest,1.285714,3.7,id_direct
50f2539c73b98eec,2021-12-11,UFC 269: Oliveira vs. Poirier,Augusto Sakai,Tai Tuivasa,us,zewnetrzne,2025-07-27 09:10:07.798897+00:00,latest,2.05,1.8,id_direct
537a5aa4c248830e,2021-12-11,UFC 269: Oliveira vs. Poirier,Darrick Minner,Ryan Hall,us,zewnetrzne,2025-07-27 09:10:07.798897+00:00,latest,2.45,1.606061,id_swapped
6537a32e7af905b0,2021-12-11,UFC 269: Oliveira vs. Poirier,Dan Ige,Josh Emmett,us,zewnetrzne,2025-07-27 09:10:07.798897+00:00,latest,2.1,1.769231,id_swapped
795aa42785a46643,2021-12-11,UFC 269: Oliveira vs. Poirier,Kai Kara-France,Cody Garbrandt,us,zewnetrzne,2025-07-27 09:10:07.798897+00:00,latest,2.25,1.689655,id_direct
8bcdcfb0f93f1409,2021-12-11,UFC 269: Oliveira vs. Poirier,Tony Kelley,Randy Costa,us,zewnetrzne,2025-07-27 09:10:07.798897+00:00,latest,2.7,1.5,id_swapped
8c01b7dccc4d0926,2021-12-11,UFC 269: Oliveira vs. Poirier,Raulian Paiva,Sean O'Malley,us,zewnetrzne,2025-07-27 09:10:07.798897+00:00,latest,3.4,1.327869,id_direct
9039762cb9f4abdb,2021-12-11,UFC 269: Oliveira vs. Poirier,Bruno Silva,Jordan Wright,us,zewnetrzne,2025-07-27 09:10:07.798897+00:00,latest,1.322581,3.45,id_swapped
abb8c6c0a057184e,2021-12-11,UFC 269: Oliveira vs. Poirier,Dominick Cruz,Pedro Munhoz,us,zewnetrzne,2025-07-27 09:10:07.798897+00:00,latest,1.909091,1.909091,id_swapped
b22eab3aa1522f40,2021-12-11,UFC 269: Oliveira vs. Poirier,Dustin Poirier,Charles Oliveira,us,zewnetrzne,2025-07-27 09:10:07.798897+00:00,latest,1.769231,2.1,id_swapped
fc2a30bfb760bdf8,2021-12-11,UFC 269: Oliveira vs. Poirier,Erin Blanchfield,Miranda Maverick,us,zewnetrzne,2025-07-27 09:10:07.798897+00:00,latest,2.3,1.666667,id_swapped
2a5484a6d5e7a2da,2021-12-18,UFC Fight Night: Lewis vs. Daukaus,Darren Elkins,Cub Swanson,us,zewnetrzne,2025-07-27 09:10:07.798897+00:00,latest,2.4,1.625,id_swapped
2e200563dd7c4922,2021-12-18,UFC Fight Night: Lewis vs. Daukaus,Amanda Lemos,Angela Hill,us,zewnetrzne,2025-07-27 09:10:07.798897+00:00,latest,1.344828,3.3,id_direct
4b7ec02b39fc6f70,2021-12-18,UFC Fight Night: Lewis vs. Daukaus,Chris Daukaus,Derrick Lewis,us,zewnetrzne,2025-07-27 09:10:07.798897+00:00,latest,1.714286,2.2,id_swapped
730f14ccff80f3b0,2021-12-18,UFC Fight Night: Lewis vs. Daukaus,Mateusz Gamrot,Diego Ferreira,us,zewnetrzne,2025-07-27 09:10:07.798897+00:00,latest,1.4,3.0,id_swapped
85d9a516c3c6c205,2021-12-18,UFC Fight Night: Lewis vs. Daukaus,Macy Chiasson,Raquel Pennington,us,zewnetrzne,2025-07-27 09:10:07.798897+00:00,latest,2.15,1.740741,id_swapped
8b3b38167060b1d7,2021-12-18,UFC Fight Night: Lewis vs. Daukaus,Stephen Thompson,Belal Muhammad,us,zewnetrzne,2025-07-27 09:10:07.798897+00:00,latest,1.425532,2.9,id_direct
a43dcd04788d95c7,2021-12-18,UFC Fight Night: Lewis vs. Daukaus,Raphael Assuncao,Ricky Simon,us,zewnetrzne,2025-07-27 09:10:07.798897+00:00,latest,3.35,1.333333,id_direct
a760d0f5de2e1aaa,2021-12-18,UFC Fight Night: Lewis vs. Daukaus,Don'Tale Mayes,Josh Parisian,us,zewnetrzne,2025-07-27 09:10:07.798897+00:00,latest,1.606061,2.45,id_direct
b4f88d65b47c2a39,2021-12-18,UFC Fight Night: Lewis vs. Daukaus,Andre Ewell,Charles Jourdain,us,zewnetrzne,2025-07-27 09:10:07.798897+00:00,latest,2.9,1.425532,id_swapped
bdaca0a96d44438a,2021-12-18,UFC Fight Night: Lewis vs. Daukaus,Gerald Meerschaert,Dustin Stoltzfus,us,zewnetrzne,2025-07-27 09:10:07.798897+00:00,latest,1.425532,2.9,id_swapped
dd552b389152636a,2021-12-18,UFC Fight Night: Lewis vs. Daukaus,Sijara Eubanks,Melissa Gatto,us,zewnetrzne,2025-07-27 09:10:07.798897+00:00,latest,1.606061,2.45,id_direct
ea76a3af8c5ecc55,2021-12-18,UFC Fight Night: Lewis vs. Daukaus,Matt Sayles,Jordan Leavitt,us,zewnetrzne,2025-07-27 09:10:07.798897+00:00,latest,2.2,1.714286,id_swapped
fc0927c657c51622,2021-12-18,UFC Fight Night: Lewis vs. Daukaus,Justin Tafa,Harry Hunsucker,us,zewnetrzne,2025-07-27 09:10:07.798897+00:00,latest,1.3125,3.5,id_direct
3738135e4c9d8273,2022-01-15,UFC Fight Night: Kattar vs. Chikadze,Ramiz Brahimaj,Court McGee,us,zewnetrzne,2025-07-27 09:10:07.798897+00:00,latest,1.8,2.05,id_swapped
3a8c0158d910546d,2022-01-15,UFC Fight Night: Kattar vs. Chikadze,Charles Rosa,TJ Brown,us,zewnetrzne,2025-07-27 09:10:07.798897+00:00,latest,2.8,1.454545,id_swapped
3bcbb0e039f4f5d8,2022-01-15,UFC Fight Night: Kattar vs. Chikadze,Chase Sherman,Jake Collier,us,zewnetrzne,2025-07-27 09:10:07.798897+00:00,latest,2.2,1.714286,id_swapped
7c2a02b5ea169b54,2022-01-15,UFC Fight Night: Kattar vs. Chikadze,Kevin Croom,Brian Kelleher,us,zewnetrzne,2025-07-27 09:10:07.798897+00:00,latest,3.9,1.263158,id_swapped
8d89f3b8798f444d,2022-01-15,UFC Fight Night: Kattar vs. Chikadze,Rogerio Bontorin,Brandon Royval,us,zewnetrzne,2025-07-27 09:10:07.798897+00:00,latest,2.35,1.645161,id_swapped
9dfcf675cf2c1575,2022-01-15,UFC Fight Night: Kattar vs. Chikadze,Calvin Kattar,Giga Chikadze,us,zewnetrzne,2025-07-27 09:10:07.798897+00:00,latest,2.85,1.444444,id_direct
f9a4e625dffc30d4,2022-01-15,UFC Fight Night: Kattar vs. Chikadze,Jennifer Maia,Katlyn Cerminara,us,zewnetrzne,2025-07-27 09:10:07.798897+00:00,latest,2.75,1.47619,id_swapped
4047c2e259529179,2022-01-22,UFC 270: Ngannou vs. Gane,Vanessa Demopoulos,Silvana Gomez Juarez,us,zewnetrzne,2025-07-27 09:10:07.798897+00:00,latest,1.666667,2.25,id_swapped
80f65ee9b6f8d63b,2022-01-22,UFC 270: Ngannou vs. Gane,Said Nurmagomedov,Cody Stamann,us,zewnetrzne,2025-07-27 09:10:07.798897+00:00,latest,1.555556,2.55,id_swapped
cddd3d4febe097f8,2022-01-22,UFC 270: Ngannou vs. Gane,Brandon Moreno,Deiveson Figueiredo,us,zewnetrzne,2025-07-27 09:10:07.798897+00:00,latest,1.512821,2.65,id_direct
e786542667fdecf0,2022-01-22,UFC 270: Ngannou vs. Gane,Ciryl Gane,Francis Ngannou,us,zewnetrzne,2025-07-27 09:10:07.798897+00:00,latest,1.625,2.35,id_swapped
0730c4e6fb247fa1,2022-02-05,UFC Fight Night: Hermansson vs. Strickland,Brendan Allen,Sam Alvey,us,zewnetrzne,2025-07-27 09:10:07.798897+00:00,latest,1.25,4.0,id_swapped
208c5dc52ccfd47a,2022-02-05,UFC Fight Night: Hermansson vs. Strickland,Julian Erosa,Steven Peterson,us,zewnetrzne,2025-07-27 09:10:07.798897+00:00,latest,1.322581,3.45,id_direct
4b67a1875390e7ad,2022-02-05,UFC Fight Night: Hermansson vs. Strickland,Jack Hermansson,Sean Strickland,us,zewnetrzne,2025-07-27 09:10:07.798897+00:00,latest,3.0,1.4,id_direct
6b4c2cc27855506a,2022-02-05,UFC Fight Night: Hermansson vs. Strickland,Shavkat Rakhmonov,Carlston Harris,us,zewnetrzne,2025-07-27 09:10:07.798897+00:00,latest,1.357143,3.25,id_direct
ace166f26c2ac2e8,2022-02-05,UFC Fight Night: Hermansson vs. Strickland,Nick Maximov,Punahele Soriano,us,zewnetrzne,2025-07-27 09:10:07.798897+00:00,latest,2.6,1.526316,id_swapped
18a1617ee7356352,2022-02-12,UFC 271: Adesanya vs. Whittaker 2,Jared Cannonier,Derek Brunson,us,zewnetrzne,2025-07-27 09:10:07.798897+00:00,latest,1.625,2.4,id_direct
19e742ccaa09cf08,2022-02-12,UFC 271: Adesanya vs. Whittaker 2,Mana Martinez,Ronnie Lawrence,us,zewnetrzne,2025-07-27 09:10:07.798897+00:00,latest,3.6,1.298507,id_direct
238832b58a66ae07,2022-02-12,UFC 271: Adesanya vs. Whittaker 2,Alexander Hernandez,Renato Moicano,us,zewnetrzne,2025-07-27 09:10:07.798897+00:00,latest,2.3,1.666667,id_direct
3bebd99d5f94bec7,2022-02-12,UFC 271: Adesanya vs. Whittaker 2,Fabio Cherant,Carlos Ulberg,us,zewnetrzne,2025-07-27 09:10:07.798897+00:00,latest,3.15,1.377358,id_swapped
6708f3a32861038a,2022-02-12,UFC 271: Adesanya vs. Whittaker 2,William Knight,Maxim Grishin,us,zewnetrzne,2025-07-27 09:10:07.798897+00:00,latest,2.4,1.625,id_direct
81c22cfa22002ea4,2022-02-12,UFC 271: Adesanya vs. Whittaker 2,Jared Vanderaa,Andrei Arlovski,us,zewnetrzne,2025-07-27 09:10:07.798897+00:00,latest,1.625,1.689655,id_swapped
821bef3a3394dd96,2022-02-12,UFC 271: Adesanya vs. Whittaker 2,Sergey Morozov,Douglas Silva de Andrade,us,zewnetrzne,2025-07-27 09:10:07.798897+00:00,latest,1.47619,2.75,id_swapped
a0ba726da4a50458,2022-02-12,UFC 271: Adesanya vs. Whittaker 2,Marcelo Rojo,Kyler Phillips,us,zewnetrzne,2025-07-27 09:10:07.798897+00:00,latest,4.3,1.229885,id_swapped
b1e048825b5bbe1c,2022-02-12,UFC 271: Adesanya vs. Whittaker 2,Casey O'Neill,Roxanne Modafferi,us,zewnetrzne,2025-07-27 09:10:07.798897+00:00,latest,1.285714,3.7,id_swapped
bb42336d6417914c,2022-02-12,UFC 271: Adesanya vs. Whittaker 2,Tai Tuivasa,Derrick Lewis,us,zewnetrzne,2025-07-27 09:10:07.798897+00:00,latest,2.45,1.606061,id_swapped
ca8f73d038c4d6e7,2022-02-12,UFC 271: Adesanya vs. Whittaker 2,Israel Adesanya,Robert Whittaker,us,zewnetrzne,2025-07-27 09:10:07.798897+00:00,latest,1.322581,3.45,id_direct
04e2d50c24a88dbd,2022-02-19,UFC Fight Night: Walker vs. Hill,Joaquin Buckley,Abdul Razak Alhassan,us,zewnetrzne,2025-07-27 09:10:07.798897+00:00,latest,1.645161,2.35,id_direct
25da52bc590ef664,2022-02-19,UFC Fight Night: Walker vs. Hill,Gabriel Benitez,David Onama,us,zewnetrzne,2025-07-27 09:10:07.798897+00:00,latest,2.65,1.512821,id_direct
2d8db91f91f68069,2022-02-19,UFC Fight Night: Walker vs. Hill,Chas Skelly,Mark Striegl,us,zewnetrzne,2025-07-27 09:10:07.798897+00:00,latest,1.47619,2.75,id_direct
33cc40fc1da409d3,2022-02-19,UFC Fight Night: Walker vs. Hill,Gloria de Paula,Diana Belbita,us,zewnetrzne,2025-07-27 09:10:07.798897+00:00,latest,2.05,1.8,id_swapped
93026443e5140415,2022-02-19,UFC Fight Night: Walker vs. Hill,Parker Porter,Alan Baudot,us,zewnetrzne,2025-07-27 09:10:07.798897+00:00,latest,1.357143,3.25,id_direct
99fd8396cbe1df03,2022-02-19,UFC Fight Night: Walker vs. Hill,Jamie Pickett,Kyle Daukaus,us,zewnetrzne,2025-07-27 09:10:07.798897+00:00,latest,3.6,1.298507,id_swapped
e36a5d4d53b97d4e,2022-02-19,UFC Fight Night: Walker vs. Hill,Stephanie Egger,Jessica-Rose Clark,us,zewnetrzne,2025-07-27 09:10:07.798897+00:00,latest,2.45,1.606061,id_swapped
f7865e5a6d009a87,2022-02-19,UFC Fight Night: Walker vs. Hill,Jamahal Hill,Johnny Walker,us,zewnetrzne,2025-07-27 09:10:07.798897+00:00,latest,1.444444,2.85,id_swapped
01468f766dd7385c,2022-02-26,UFC Fight Night: Makhachev vs. Green,Wellington Turman,Misha Cirkunov,us,zewnetrzne,2025-07-27 09:10:07.798897+00:00,latest,2.3,1.666667,id_swapped
8515f07911765f89,2022-02-26,UFC Fight Night: Makhachev vs. Green,Joel Alvarez,Arman Tsarukyan,us,zewnetrzne,2025-07-27 09:10:07.798897+00:00,latest,3.15,1.377358,id_swapped
901e62b7af57f559,2022-02-26,UFC Fight Night: Makhachev vs. Green,Alejandro Perez,Jonathan Martinez,us,zewnetrzne,2025-07-27 09:10:07.798897+00:00,latest,3.45,1.322581,id_direct
c4eb14c3de579842,2022-02-26,UFC Fight Night: Makhachev vs. Green,Ji Yeon Kim,Priscila Cachoeira,us,zewnetrzne,2025-07-27 09:10:07.798897+00:00,latest,1.555556,2.55,id_direct
c5d5fcf290cc029e,2022-02-26,UFC Fight Night: Makhachev vs. Green,Ramiz Brahimaj,Micheal Gillmore,us,zewnetrzne,2025-07-27 09:10:07.798897+00:00,latest,1.235294,4.2,id_direct
cb1f27818d46af0e,2022-02-26,UFC Fight Night: Makhachev vs. Green,Fares Ziam,Terrance McKinney,us,zewnetrzne,2025-07-27 09:10:07.798897+00:00,latest,1.869565,1.952381,id_swapped
36d9337a27b71ba9,2022-03-05,UFC 272: Covington vs. Masvidal,Devonte Smith,Ludovit Klein,us,zewnetrzne,2025-07-27 09:10:07.798897+00:00,latest,1.689655,2.25,id_direct
43b43c5d439b2f98,2022-03-05,UFC 272: Covington vs. Masvidal,Kevin Holland,Alex Oliveira,us,zewnetrzne,2025-07-27 09:10:07.798897+00:00,latest,1.229885,4.3,id_direct
59d44b6888885500,2022-03-05,UFC 272: Covington vs. Masvidal,Umar Nurmagomedov,Brian Kelleher,us,zewnetrzne,2025-07-27 09:10:07.798897+00:00,latest,1.1,7.5,id_swapped
838bb84a5a976a9c,2022-03-05,UFC 272: Covington vs. Masvidal,Rafael Dos Anjos,Renato Moicano,us,zewnetrzne,2025-07-27 09:10:07.798897+00:00,latest,1.526316,2.6,id_direct
9321b3c90ea5ca6c,2022-03-05,UFC 272: Covington vs. Masvidal,Yan Xiaonan,Marina Rodriguez,us,zewnetrzne,2025-07-27 09:10:07.798897+00:00,latest,3.4,1.327869,id_swapped
abd45edc07a8d9e3,2022-03-05,UFC 272: Covington vs. Masvidal,Edson Barboza,Bryce Mitchell,us,zewnetrzne,2025-07-27 09:10:07.798897+00:00,latest,2.5,1.588235,id_direct
c420c376cc1d149c,2022-03-05,UFC 272: Covington vs. Masvidal,Tim Elliott,Tagir Ulanbekov,us,zewnetrzne,2025-07-27 09:10:07.798897+00:00,latest,2.9,1.425532,id_direct
c6fc43c351b08bda,2022-03-05,UFC 272: Covington vs. Masvidal,Mariya Agapova,Maryna Moroz,us,zewnetrzne,2025-07-27 09:10:07.798897+00:00,latest,1.606061,2.45,id_swapped
cda06ff86cfe4f5f,2022-03-05,UFC 272: Covington vs. Masvidal,Greg Hardy,Serghei Spivac,us,zewnetrzne,2025-07-27 09:10:07.798897+00:00,latest,2.55,1.555556,id_swapped
d03d0abf331df751,2022-03-05,UFC 272: Covington vs. Masvidal,Jorge Masvidal,Colby Covington,us,zewnetrzne,2025-07-27 09:10:07.798897+00:00,latest,3.45,1.322581,id_swapped
d5323490163dde0e,2022-03-05,UFC 272: Covington vs. Masvidal,Michal Oleksiejczuk,Dustin Jacoby,us,zewnetrzne,2025-07-27 09:10:07.798897+00:00,latest,2.65,1.512821,id_swapped
ee278a5a25744cac,2022-03-05,UFC 272: Covington vs. Masvidal,Kennedy Nzechukwu,Nicolae Negumereanu,us,zewnetrzne,2025-07-27 09:10:07.798897+00:00,latest,1.740741,2.15,id_swapped
fce6ab43b7d09aa4,2022-03-05,UFC 272: Covington vs. Masvidal,Jalin Turner,Jamie Mullarkey,us,zewnetrzne,2025-07-27 09:10:07.798897+00:00,latest,1.625,2.4,id_direct
226884e46a10865d,2022-03-12,UFC Fight Night: Santos vs. Ankalaev,Bruno Silva,Alex Pereira,us,zewnetrzne,2025-07-27 09:10:07.798897+00:00,latest,2.8,1.454545,id_swapped
23eec2d9cb2d78cd,2022-03-12,UFC Fight Night: Santos vs. Ankalaev,Karl Roberson,Khalil Rountree Jr.,us,zewnetrzne,2025-07-27 09:10:07.798897+00:00,latest,1.689655,2.25,id_swapped
26fbee4ed13ff35d,2022-03-12,UFC Fight Night: Santos vs. Ankalaev,Gillian Robertson,JJ Aldrich,us,zewnetrzne,2025-07-27 09:10:07.798897+00:00,latest,1.833333,2.0,id_swapped
463fac0e48505b62,2022-03-12,UFC Fight Night: Santos vs. Ankalaev,Drew Dober,Terrance McKinney,us,zewnetrzne,2025-07-27 09:10:07.798897+00:00,latest,1.645161,2.35,id_direct
5cad3ab6553e9ec9,2022-03-12,UFC Fight Night: Santos vs. Ankalaev,Damon Jackson,Kamuela Kirk,us,zewnetrzne,2025-07-27 09:10:07.798897+00:00,latest,1.769231,2.1,id_direct
70b8d357e89383bd,2022-03-12,UFC Fight Night: Santos vs. Ankalaev,Alex Caceres,Sodiq Yusuff,us,zewnetrzne,2025-07-27 09:10:07.798897+00:00,latest,3.3,1.344828,id_swapped
8aa16cc1ba99aac1,2022-03-12,UFC Fight Night: Santos vs. Ankalaev,Magomed Ankalaev,Thiago Santos,us,zewnetrzne,2025-07-27 09:10:07.798897+00:00,latest,1.15873,5.5,id_swapped
9cb78122a23e6a7d,2022-03-12,UFC Fight Night: Santos vs. Ankalaev,Dalcha Lungiambula,Cody Brundage,us,zewnetrzne,2025-07-27 09:10:07.798897+00:00,latest,1.689655,2.25,id_direct
b400c29fbeee0206,2022-03-12,UFC Fight Night: Santos vs. Ankalaev,Kris Moutinho,Guido Cannetti,us,zewnetrzne,2025-07-27 09:10:07.798897+00:00,latest,1.625,2.4,id_direct
b55de7d791b9f62d,2022-03-12,UFC Fight Night: Santos vs. Ankalaev,Sabina Mazo,Miranda Maverick,us,zewnetrzne,2025-07-27 09:10:07.798897+00:00,latest,3.8,1.273973,id_direct
06641a8c62e45661,2022-03-19,UFC Fight Night: Volkov vs. Aspinall,Alexander Volkov,Tom Aspinall,us,zewnetrzne,2025-07-27 09:10:07.798897+00:00,latest,2.15,1.740741,id_direct
53d0df57a917c6a0,2022-03-19,UFC Fight Night: Volkov vs. Aspinall,Timur Valiev,Jack Shore,us,zewnetrzne,2025-07-27 09:10:07.798897+00:00,latest,2.1,1.769231,id_swapped
5a878a6bebc973d7,2022-03-19,UFC Fight Night: Volkov vs. Aspinall,Molly McCann,Luana Carolina,us,zewnetrzne,2025-07-27 09:10:07.798897+00:00,latest,1.714286,2.2,id_direct
5e378c52f26935d6,2022-03-19,UFC Fight Night: Volkov vs. Aspinall,Cory McKenna,Elise Reed,us,zewnetrzne,2025-07-27 09:10:07.798897+00:00,latest,1.333333,3.35,id_direct
6e705b2365bc03fa,2022-03-19,UFC Fight Night: Volkov vs. Aspinall,Mike Grundy,Makwan Amirkhani,us,zewnetrzne,2025-07-27 09:10:07.798897+00:00,latest,1.416667,2.95,id_direct
766b4f5e77ab0860,2022-03-19,UFC Fight Night: Volkov vs. Aspinall,Nikita Krylov,Paul Craig,us,zewnetrzne,2025-07-27 09:10:07.798897+00:00,latest,1.5,2.7,id_direct
a200b5dcbdd2506e,2022-03-19,UFC Fight Night: Volkov vs. Aspinall,Jai Herbert,Ilia Topuria,us,zewnetrzne,2025-07-27 09:10:07.798897+00:00,latest,5.35,1.166667,id_direct
ae989e21c3839b49,2022-03-19,UFC Fight Night: Volkov vs. Aspinall,Shamil Abdurakhimov,Sergei Pavlovich,us,zewnetrzne,2025-07-27 09:10:07.798897+00:00,latest,3.7,1.285714,id_direct
bcd1e1d71a172d53,2022-03-19,UFC Fight Night: Volkov vs. Aspinall,Takashi Sato,Gunnar Nelson,us,zewnetrzne,2025-07-27 09:10:07.798897+00:00,latest,4.85,1.190476,id_swapped
ce3d94186567a684,2022-03-19,UFC Fight Night: Volkov vs. Aspinall,Arnold Allen,Dan Hooker,us,zewnetrzne,2025-07-27 09:10:07.798897+00:00,latest,1.909091,1.909091,id_direct
1b650c76387c0f4b,2022-03-26,UFC Fight Night: Blaydes vs. Daukaus,Joanne Wood,Alexa Grasso,us,zewnetrzne,2025-07-27 09:10:07.798897+00:00,latest,3.4,1.327869,id_direct
3ecccdab76baa59c,2022-03-26,UFC Fight Night: Blaydes vs. Daukaus,Manon Fiorot,Jennifer Maia,us,zewnetrzne,2025-07-27 09:10:07.798897+00:00,latest,1.196078,4.75,id_swapped
3f92025b29e06bfd,2022-03-26,UFC Fight Night: Blaydes vs. Daukaus,Neil Magny,Max Griffin,us,zewnetrzne,2025-07-27 09:10:07.798897+00:00,latest,1.357143,3.25,id_direct
410e65e4d1782bfc,2022-03-26,UFC Fight Night: Blaydes vs. Daukaus,Kai Kara-France,Askar Askarov,us,zewnetrzne,2025-07-27 09:10:07.798897+00:00,latest,4.4,1.222222,id_swapped
82b2b97b85c7225c,2022-03-26,UFC Fight Night: Blaydes vs. Daukaus,Matheus Nicolau,David Dvorak,us,zewnetrzne,2025-07-27 09:10:07.798897+00:00,latest,2.05,1.8,id_direct
97e522591ac7eb29,2022-03-26,UFC Fight Night: Blaydes vs. Daukaus,Bruno Souza,Luis Saldana,us,zewnetrzne,2025-07-27 09:10:07.798897+00:00,latest,1.666667,2.3,id_swapped
bb31c77bddd1317e,2022-03-26,UFC Fight Night: Blaydes vs. Daukaus,Karol Rosa,Sara McMann,us,zewnetrzne,2025-07-27 09:10:07.798897+00:00,latest,1.363636,3.2,id_swapped
c4e866d9dd606faa,2022-03-26,UFC Fight Night: Blaydes vs. Daukaus,Chris Daukaus,Curtis Blaydes,us,zewnetrzne,2025-07-27 09:10:07.798897+00:00,latest,5.35,1.166667,id_swapped
d0b7a79d3e7f3362,2022-03-26,UFC Fight Night: Blaydes vs. Daukaus,Batgerel Danaa,Chris Gutierrez,us,zewnetrzne,2025-07-27 09:10:07.798897+00:00,latest,1.645161,2.35,id_swapped
f3c37e23ca30c87d,2022-03-26,UFC Fight Night: Blaydes vs. Daukaus,Matt Brown,Bryan Barberena,us,zewnetrzne,2025-07-27 09:10:07.798897+00:00,latest,1.952381,1.869565,id_direct
f6afaf2a39fa441c,2022-03-26,UFC Fight Night: Blaydes vs. Daukaus,Viacheslav Borshchev,Marc Diakiese,us,zewnetrzne,2025-07-27 09:10:07.798897+00:00,latest,1.740741,2.15,id_swapped
15311d4b33d93004,2022-04-09,UFC 273: Volkanovski vs. The Korean Zombie,Vinc Pichel,Mark Madsen,us,zewnetrzne,2025-07-27 09:10:07.798897+00:00,latest,1.8,2.05,id_direct
278b965694e563b2,2022-04-09,UFC 273: Volkanovski vs. The Korean Zombie,Jared Vanderaa,Aleksei Oleinik,us,zewnetrzne,2025-07-27 09:10:07.798897+00:00,latest,1.666667,2.3,id_swapped
394b0347b0438622,2022-04-09,UFC 273: Volkanovski vs. The Korean Zombie,Gilbert Burns,Khamzat Chimaev,us,zewnetrzne,2025-07-27 09:10:07.798897+00:00,latest,4.75,1.196078,id_direct
88c6e7f71b79fd65,2022-04-09,UFC 273: Volkanovski vs. The Korean Zombie,Aspen Ladd,Raquel Pennington,us,zewnetrzne,2025-07-27 09:10:07.798897+00:00,latest,2.35,1.645161,id_direct
9a8964b148cb5923,2022-04-09,UFC 273: Volkanovski vs. The Korean Zombie,Aljamain Sterling,Petr Yan,us,zewnetrzne,2025-07-27 09:10:07.798897+00:00,latest,4.1,1.243902,id_direct
dc0ab34f1952cb48,2022-04-09,UFC 273: Volkanovski vs. The Korean Zombie,Chan Sung Jung,Alexander Volkanovski,us,zewnetrzne,2025-07-27 09:10:07.798897+00:00,latest,5.35,1.166667,id_swapped
0987b3f785e26d1c,2022-04-16,UFC Fight Night: Luque vs. Muhammad,Jesse Ronson,Rafa Garcia,us,zewnetrzne,2025-07-27 09:10:07.798897+00:00,latest,1.740741,2.15,id_swapped
0daf776bd222daad,2022-04-16,UFC Fight Night: Luque vs. Muhammad,Sam Hughes,Istela Nunes,us,zewnetrzne,2025-07-27 09:10:07.798897+00:00,latest,2.95,1.416667,id_swapped
4f6e7159e77d4215,2022-04-16,UFC Fight Night: Luque vs. Muhammad,Pat Sabatini,TJ Laramie,us,zewnetrzne,2025-07-27 09:10:07.798897+00:00,latest,1.15873,5.5,id_direct
6d4b6224f26572f9,2022-04-16,UFC Fight Night: Luque vs. Muhammad,Vicente Luque,Belal Muhammad,us,zewnetrzne,2025-07-27 09:10:07.798897+00:00,latest,1.555556,2.55,id_direct
74c58b9d638c5eaa,2022-04-16,UFC Fight Night: Luque vs. Muhammad,Brandon Jenkins,Drakkar Klose,us,zewnetrzne,2025-07-27 09:10:07.798897+00:00,latest,5.25,1.169492,id_swapped
7c5fc3fc7be4a997,2022-04-16,UFC Fight Night: Luque vs. Muhammad,Andre Fialho,Miguel Baeza,us,zewnetrzne,2025-07-27 09:10:07.798897+00:00,latest,2.55,1.555556,id_swapped
b09f8cd4cbd7ba56,2022-04-16,UFC Fight Night: Luque vs. Muhammad,William Knight,Devin Clark,us,zewnetrzne,2025-07-27 09:10:07.798897+00:00,latest,2.6,1.526316,id_swapped
c20e6697335c3b3d,2022-04-16,UFC Fight Night: Luque vs. Muhammad,Lina Lansberg,Pannie Kianzad,us,zewnetrzne,2025-07-27 09:10:07.798897+00:00,latest,4.85,1.190476,id_direct
173d576e6247a88a,2022-04-23,UFC Fight Night: Lemos vs. Andrade,Charles Jourdain,Lando Vannata,us,zewnetrzne,2025-07-27 09:10:07.798897+00:00,latest,1.869565,1.952381,id_swapped
3a3ac7b3987f6799,2022-04-23,UFC Fight Night: Lemos vs. Andrade,Amanda Lemos,Jessica Andrade,us,zewnetrzne,2025-07-27 09:10:07.798897+00:00,latest,2.9,1.425532,id_direct
6017351e164dbca3,2022-04-23,UFC Fight Night: Lemos vs. Andrade,Clay Guida,Claudio Puelles,us,zewnetrzne,2025-07-27 09:10:07.798897+00:00,latest,2.05,1.8,id_direct
6a4ba72b084193b5,2022-04-23,UFC Fight Night: Lemos vs. Andrade,Philipe Lins,Marcin Prachnio,us,zewnetrzne,2025-07-27 09:10:07.798897+00:00,latest,2.05,1.8,id_swapped
926977ec3ed0ebe1,2022-04-23,UFC Fight Night: Lemos vs. Andrade,Cameron Else,Aoriqileng,us,zewnetrzne,2025-07-27 09:10:07.798897+00:00,latest,2.85,1.444444,id_swapped
992e84bf59837e21,2022-04-23,UFC Fight Night: Lemos vs. Andrade,Marc-Andre Barriault,Jordan Wright,us,zewnetrzne,2025-07-27 09:10:07.798897+00:00,latest,1.454545,2.8,id_swapped
9b8a82276f06829f,2022-04-23,UFC Fight Night: Lemos vs. Andrade,Dwight Grant,Sergey Khandozhko,us,zewnetrzne,2025-07-27 09:10:07.798897+00:00,latest,2.05,1.8,id_direct
a45d4327bc82bc28,2022-04-23,UFC Fight Night: Lemos vs. Andrade,Maycee Barber,Montana De La Rosa,us,zewnetrzne,2025-07-27 09:10:07.798897+00:00,latest,1.555556,2.55,id_direct
e8c57c6259193466,2022-04-23,UFC Fight Night: Lemos vs. Andrade,Tyson Pedro,Ike Villanueva,us,zewnetrzne,2025-07-27 09:10:07.798897+00:00,latest,1.15873,5.5,id_direct
5ae5eb729c6bb169,2022-04-30,UFC Fight Night: Font vs. Vera,Rob Font,Marlon Vera,us,zewnetrzne,2025-07-27 09:10:07.798897+00:00,latest,1.952381,1.869565,id_direct
632c2d4ed12f2bdf,2022-04-30,UFC Fight Night: Font vs. Vera,Joanderson Brito,Andre Fili,us,zewnetrzne,2025-07-27 09:10:07.798897+00:00,latest,3.1,1.384615,id_swapped
6b956992204ec040,2022-04-30,UFC Fight Night: Font vs. Vera,Krzysztof Jotko,Gerald Meerschaert,us,zewnetrzne,2025-07-27 09:10:07.798897+00:00,latest,1.5,2.7,id_direct
760e3f292b834637,2022-04-30,UFC Fight Night: Font vs. Vera,Tristan Connelly,Darren Elkins,us,zewnetrzne,2025-07-27 09:10:07.798897+00:00,latest,2.45,1.606061,id_swapped
7c8701bb78cb4de8,2022-04-30,UFC Fight Night: Font vs. Vera,Jared Gordon,Grant Dawson,us,zewnetrzne,2025-07-27 09:10:07.798897+00:00,latest,2.8,1.454545,id_direct
7e4b7a70838e5ba4,2022-04-30,UFC Fight Night: Font vs. Vera,Daniel Lacerda,Francisco Figueiredo,us,zewnetrzne,2025-07-27 09:10:07.798897+00:00,latest,1.8,2.05,id_direct
80cf37627a129145,2022-04-30,UFC Fight Night: Font vs. Vera,Gina Mazany,Shanna Young,us,zewnetrzne,2025-07-27 09:10:07.798897+00:00,latest,1.5,2.7,id_direct
9217ecc287ac482d,2022-04-30,UFC Fight Night: Font vs. Vera,Natan Levy,Mike Breeden,us,zewnetrzne,2025-07-27 09:10:07.798897+00:00,latest,1.425532,2.9,id_direct
d2484d74f819d813,2022-04-30,UFC Fight Night: Font vs. Vera,Chase Sherman,Alexandr Romanov,us,zewnetrzne,2025-07-27 09:10:07.798897+00:00,latest,11.0,1.05,id_swapped
eb277b5ea2a19124,2022-04-30,UFC Fight Night: Font vs. Vera,Andrei Arlovski,Jake Collier,us,zewnetrzne,2025-07-27 09:10:07.798897+00:00,latest,1.909091,1.909091,id_direct
60d9d50b763adc62,2022-05-07,UFC 274: Oliveira vs. Gaethje,Tracy Cortez,Melissa Gatto,us,zewnetrzne,2025-07-27 09:10:07.798897+00:00,latest,1.8,2.05,id_direct
6a902b97ac98c283,2022-05-07,UFC 274: Oliveira vs. Gaethje,Danny Roberts,Francisco Trinaldo,us,zewnetrzne,2025-07-27 09:10:07.798897+00:00,latest,1.769231,2.1,id_swapped
7d4e49d8a6678157,2022-05-07,UFC 274: Oliveira vs. Gaethje,Charles Oliveira,Justin Gaethje,us,zewnetrzne,2025-07-27 09:10:07.798897+00:00,latest,1.769231,2.1,id_direct
80ac36a9dbc4b1a1,2022-05-07,UFC 274: Oliveira vs. Gaethje,Matt Schnell,Brandon Royval,us,zewnetrzne,2025-07-27 09:10:07.798897+00:00,latest,3.1,1.384615,id_swapped
8390441d93736719,2022-05-07,UFC 274: Oliveira vs. Gaethje,Khaos Williams,Randy Brown,us,zewnetrzne,2025-07-27 09:10:07.798897+00:00,latest,1.952381,1.869565,id_swapped
88455c967a7ef6fc,2022-05-07,UFC 274: Oliveira vs. Gaethje,Loopy Godinez,Ariane Carnelossi,us,zewnetrzne,2025-07-27 09:10:07.798897+00:00,latest,1.512821,2.65,id_swapped
9d61012a6020516e,2022-05-07,UFC 274: Oliveira vs. Gaethje,Rose Namajunas,Carla Esparza,us,zewnetrzne,2025-07-27 09:10:07.798897+00:00,latest,1.425532,2.9,id_direct
a2ebb5f86eb64f22,2022-05-07,UFC 274: Oliveira vs. Gaethje,Tony Ferguson,Michael Chandler,us,zewnetrzne,2025-07-27 09:10:07.798897+00:00,latest,3.7,1.285714,id_swapped
c020ccbd7cdefb6e,2022-05-07,UFC 274: Oliveira vs. Gaethje,Mauricio Rua,Ovince Saint Preux,us,zewnetrzne,2025-07-27 09:10:07.798897+00:00,latest,3.1,1.384615,id_direct
fc4939b3c9071e66,2022-05-07,UFC 274: Oliveira vs. Gaethje,Macy Chiasson,Norma Dumont,us,zewnetrzne,2025-07-27 09:10:07.798897+00:00,latest,2.8,1.454545,id_direct
ff6c8dab41efcc09,2022-05-07,UFC 274: Oliveira vs. Gaethje,Blagoy Ivanov,Marcos Rogerio de Lima,us,zewnetrzne,2025-07-27 09:10:07.798897+00:00,latest,1.645161,2.35,id_direct
2fa88b72973478b6,2022-05-14,UFC Fight Night: Blachowicz vs. Rakic,Ryan Spann,Ion Cutelaba,us,zewnetrzne,2025-07-27 09:10:07.798897+00:00,latest,2.95,1.416667,id_direct
43543a2c1c7a7135,2022-05-14,UFC Fight Night: Blachowicz vs. Rakic,Davey Grant,Louis Smolka,us,zewnetrzne,2025-07-27 09:10:07.798897+00:00,latest,1.344828,3.3,id_direct
5c281439d20184f1,2022-05-14,UFC Fight Night: Blachowicz vs. Rakic,Aleksandar Rakic,Jan Blachowicz,us,zewnetrzne,2025-07-27 09:10:07.798897+00:00,latest,1.5,2.7,id_swapped
7e047b195135ef06,2022-05-14,UFC Fight Night: Blachowicz vs. Rakic,Andrea Lee,Viviane Araujo,us,zewnetrzne,2025-07-27 09:10:07.798897+00:00,latest,1.740741,2.15,id_swapped
8a1aa64eb1f17913,2022-05-14,UFC Fight Night: Blachowicz vs. Rakic,Michael Johnson,Alan Patrick,us,zewnetrzne,2025-07-27 09:10:07.798897+00:00,latest,1.666667,2.3,id_direct
afed0bac5ce5a2f3,2022-05-14,UFC Fight Night: Blachowicz vs. Rakic,Nick Maximov,Andre Petroski,us,zewnetrzne,2025-07-27 09:10:07.798897+00:00,latest,1.263158,3.9,id_direct
f549164690d723bb,2022-05-14,UFC Fight Night: Blachowicz vs. Rakic,Virna Jandiroba,Angela Hill,us,zewnetrzne,2025-07-27 09:10:07.798897+00:00,latest,1.444444,2.85,id_direct
fad150a0288efbd7,2022-05-14,UFC Fight Night: Blachowicz vs. Rakic,Amanda Ribas,Katlyn Cerminara,us,zewnetrzne,2025-07-27 09:10:07.798897+00:00,latest,2.55,1.555556,id_swapped
1b4d0c9e3c59b33b,2022-05-21,UFC Fight Night: Holm vs. Vieira,Jailton Almeida,Parker Porter,us,zewnetrzne,2025-07-27 09:10:07.798897+00:00,latest,1.166667,5.35,id_direct
3542f9f30926f364,2022-05-21,UFC Fight Night: Holm vs. Vieira,Vince Morales,Jonathan Martinez,us,zewnetrzne,2025-07-27 09:10:07.798897+00:00,latest,3.25,1.357143,id_swapped
4a789cdd5aaf4439,2022-05-21,UFC Fight Night: Holm vs. Vieira,JunYong Park,Eryk Anders,us,zewnetrzne,2025-07-27 09:10:07.798897+00:00,latest,1.487805,2.6,id_swapped
5136dc566f46daf6,2022-05-21,UFC Fight Night: Holm vs. Vieira,Chase Hooper,Felipe Colares,us,zewnetrzne,2025-07-27 09:10:07.798897+00:00,latest,2.2,1.714286,id_direct
534c07488396e124,2022-05-21,UFC Fight Night: Holm vs. Vieira,Uros Medic,Omar Morales,us,zewnetrzne,2025-07-27 09:10:07.798897+00:00,latest,2.15,1.740741,id_swapped
5d4fb748ad246269,2022-05-21,UFC Fight Night: Holm vs. Vieira,Michel Pereira,Santiago Ponzinibbio,us,zewnetrzne,2025-07-27 09:10:07.798897+00:00,latest,1.689655,2.25,id_swapped
5eaff5c832430378,2022-05-21,UFC Fight Night: Holm vs. Vieira,Polyana Viana,Tabatha Ricci,us,zewnetrzne,2025-07-27 09:10:07.798897+00:00,latest,2.1,1.769231,id_direct
7a2c841693b54dd7,2022-05-21,UFC Fight Night: Holm vs. Vieira,Holly Holm,Ketlen Vieira,us,zewnetrzne,2025-07-27 09:10:07.798897+00:00,latest,1.454545,2.8,id_direct
bc7228d30ff5be46,2022-05-21,UFC Fight Night: Holm vs. Vieira,Elise Reed,Sam Hughes,us,zewnetrzne,2025-07-27 09:10:07.798897+00:00,latest,1.714286,2.2,id_direct
cbdfb3c648d7bada,2022-05-21,UFC Fight Night: Holm vs. Vieira,Alen Amedovski,Joseph Holmes,us,zewnetrzne,2025-07-27 09:10:07.798897+00:00,latest,2.7,1.5,id_swapped
f682118709b4143e,2022-05-21,UFC Fight Night: Holm vs. Vieira,Dusko Todorovic,Chidi Njokuani,us,zewnetrzne,2025-07-27 09:10:07.798897+00:00,latest,3.0,1.4,id_swapped
43d7d4b67be48553,2022-06-04,UFC Fight Night: Volkov vs. Rozenstruik,Tony Gravely,Johnny Munoz,us,zewnetrzne,2025-07-27 09:10:07.798897+00:00,latest,1.8,2.05,id_swapped
4f2501e804c84abe,2022-06-04,UFC Fight Night: Volkov vs. Rozenstruik,Felice Herrig,Karolina Kowalkiewicz,us,zewnetrzne,2025-07-27 09:10:07.798897+00:00,latest,1.869565,1.952381,id_direct
59b2bbb251968ca9,2022-06-04,UFC Fight Night: Volkov vs. Rozenstruik,Erin Blanchfield,JJ Aldrich,us,zewnetrzne,2025-07-27 09:10:07.798897+00:00,latest,1.210526,4.5,id_direct
7a635063e5f1699b,2022-06-04,UFC Fight Night: Volkov vs. Rozenstruik,Alexander Volkov,Jairzinho Rozenstruik,us,zewnetrzne,2025-07-27 09:10:07.798897+00:00,latest,1.588235,2.5,id_direct
7e20b0536fbbd560,2022-06-04,UFC Fight Night: Volkov vs. Rozenstruik,Jeff Molina,Zhalgas Zhumagulov,us,zewnetrzne,2025-07-27 09:10:07.798897+00:00,latest,1.555556,2.55,id_direct
a679800d2e7c3be2,2022-06-04,UFC Fight Night: Volkov vs. Rozenstruik,Ode Osbourne,Zarrukh Adashev,us,zewnetrzne,2025-07-27 09:10:07.798897+00:00,latest,1.5,2.7,id_direct
aacb47949a572f25,2022-06-04,UFC Fight Night: Volkov vs. Rozenstruik,Movsar Evloev,Dan Ige,us,zewnetrzne,2025-07-27 09:10:07.798897+00:00,latest,1.243902,4.1,id_swapped
e5e75d831670b401,2022-06-04,UFC Fight Night: Volkov vs. Rozenstruik,Joe Solecki,Alex Da Silva,us,zewnetrzne,2025-07-27 09:10:07.798897+00:00,latest,1.588235,2.5,id_direct
ed32da52aff68944,2022-06-04,UFC Fight Night: Volkov vs. Rozenstruik,Niklas Stolze,Benoit Saint Denis,us,zewnetrzne,2025-07-27 09:10:07.798897+00:00,latest,2.4,1.625,id_direct
029f5c36820fdc09,2022-06-11,UFC 275: Teixeira vs. Prochazka,Batgerel Danaa,Kyung Ho Kang,us,zewnetrzne,2025-07-27 09:10:07.798897+00:00,latest,2.0,1.833333,id_swapped
049ad6d87b42eba8,2022-06-11,UFC 275: Teixeira vs. Prochazka,Valentina Shevchenko,Taila Santos,us,zewnetrzne,2025-07-27 09:10:07.798897+00:00,latest,1.15873,5.5,id_direct
4305cb30533dac77,2022-06-11,UFC 275: Teixeira vs. Prochazka,Zhang Weili,Joanna Jedrzejczyk,us,zewnetrzne,2025-07-27 09:10:07.798897+00:00,latest,1.625,2.4,id_direct
50eed57ea1390e16,2022-06-11,UFC 275: Teixeira vs. Prochazka,Brendan Allen,Jacob Malkoun,us,zewnetrzne,2025-07-27 09:10:07.798897+00:00,latest,1.344828,3.3,id_direct
c94b153951be7590,2022-06-11,UFC 275: Teixeira vs. Prochazka,Josh Culibao,SeungWoo Choi,us,zewnetrzne,2025-07-27 09:10:07.798897+00:00,latest,2.85,1.444444,id_swapped
d7a7ba46c4f075d7,2022-06-11,UFC 275: Teixeira vs. Prochazka,Andre Fialho,Jake Matthews,us,zewnetrzne,2025-07-27 09:10:07.798897+00:00,latest,2.0,1.833333,id_direct
f115a91066a77ee7,2022-06-11,UFC 275: Teixeira vs. Prochazka,Jack Della Maddalena,Ramazan Emeev,us,zewnetrzne,2025-07-27 09:10:07.798897+00:00,latest,1.526316,2.6,id_direct
fd49f89b9d97566b,2022-06-11,UFC 275: Teixeira vs. Prochazka,Jiri Prochazka,Glover Teixeira,us,zewnetrzne,2025-07-27 09:10:07.798897+00:00,latest,1.444444,2.85,id_swapped
11e83902f5b8ff63,2022-06-18,UFC Fight Night: Kattar vs. Emmett,Albert Duraev,Joaquin Buckley,us,zewnetrzne,2025-07-27 09:10:07.798897+00:00,latest,1.434783,2.95,id_swapped
1378fc2be3819b2b,2022-06-18,UFC Fight Night: Kattar vs. Emmett,Danny Chavez,Ricardo Ramos,us,zewnetrzne,2025-07-27 09:10:07.798897+00:00,latest,3.75,1.30303,id_swapped
1bc662949337a8c4,2022-06-18,UFC Fight Night: Kattar vs. Emmett,Kevin Holland,Tim Means,us,zewnetrzne,2025-07-27 09:10:07.798897+00:00,latest,1.294118,3.8,id_swapped
20cefe64f4b28be8,2022-06-18,UFC Fight Night: Kattar vs. Emmett,Adrian Yanez,Tony Kelley,us,zewnetrzne,2025-07-27 09:10:07.798897+00:00,latest,1.307692,3.7,id_direct
4e6218b6b892b017,2022-06-18,UFC Fight Night: Kattar vs. Emmett,Damir Ismagulov,Guram Kutateladze,us,zewnetrzne,2025-07-27 09:10:07.798897+00:00,latest,1.434783,2.95,id_direct
5095f6290670009d,2022-06-18,UFC Fight Night: Kattar vs. Emmett,Julian Marquez,Gregory Rodrigues,us,zewnetrzne,2025-07-27 09:10:07.798897+00:00,latest,2.45,1.588235,id_direct
5b5d7f7ae712c6d8,2022-06-18,UFC Fight Night: Kattar vs. Emmett,Maria Oliveira,Gloria de Paula,us,zewnetrzne,2025-07-27 09:10:07.798897+00:00,latest,3.35,1.357143,id_direct
6e559181bfbc77e1,2022-06-18,UFC Fight Night: Kattar vs. Emmett,Calvin Kattar,Josh Emmett,us,zewnetrzne,2025-07-27 09:10:07.798897+00:00,latest,1.357143,3.35,id_direct
897d9e21c59d0633,2022-06-18,UFC Fight Night: Kattar vs. Emmett,Deron Winn,Phil Hawes,us,zewnetrzne,2025-07-27 09:10:07.798897+00:00,latest,3.1,1.4,id_swapped
8b5c760f34daafe0,2022-06-18,UFC Fight Night: Kattar vs. Emmett,Cody Stamann,Eddie Wineland,us,zewnetrzne,2025-07-27 09:10:07.798897+00:00,latest,1.125,6.75,id_swapped
9a92d376fba2379d,2022-06-18,UFC Fight Night: Kattar vs. Emmett,Court McGee,Jeremiah Wells,us,zewnetrzne,2025-07-27 09:10:07.798897+00:00,latest,2.05,1.8,id_direct
e8a5e53ffd33c0f9,2022-06-18,UFC Fight Night: Kattar vs. Emmett,Roman Dolidze,Kyle Daukaus,us,zewnetrzne,2025-07-27 09:10:07.798897+00:00,latest,3.05,1.408163,id_direct
029a12d36a4687e1,2022-06-25,UFC Fight Night: Tsarukyan vs. Gamrot,Thiago Moises,Christos Giagos,us,zewnetrzne,2025-07-27 09:10:07.798897+00:00,latest,1.416667,3.0,id_direct
1f5f59924b59408b,2022-06-25,UFC Fight Night: Tsarukyan vs. Gamrot,Mateusz Gamrot,Arman Tsarukyan,us,zewnetrzne,2025-07-27 09:10:07.798897+00:00,latest,3.0,1.416667,id_swapped
21f79cd40513d075,2022-06-25,UFC Fight Night: Tsarukyan vs. Gamrot,Shayilan Nuerdanbieke,TJ Brown,us,zewnetrzne,2025-07-27 09:10:07.798897+00:00,latest,2.75,1.487805,id_direct
24a9fc95a3112f51,2022-06-25,UFC Fight Night: Tsarukyan vs. Gamrot,Brian Kelleher,Mario Bautista,us,zewnetrzne,2025-07-27 09:10:07.798897+00:00,latest,2.7,1.5,id_direct
28bd070f7ab0a0b9,2022-06-25,UFC Fight Night: Tsarukyan vs. Gamrot,Umar Nurmagomedov,Nate Maness,us,zewnetrzne,2025-07-27 09:10:07.798897+00:00,latest,1.105263,7.5,id_swapped
28be3fbe5c377380,2022-06-25,UFC Fight Night: Tsarukyan vs. Gamrot,Tafon Nchukwi,Carlos Ulberg,us,zewnetrzne,2025-07-27 09:10:07.798897+00:00,latest,1.645161,2.35,id_swapped
2c73bf152247f25a,2022-06-25,UFC Fight Night: Tsarukyan vs. Gamrot,Vanessa Demopoulos,Jinh Yu Frey,us,zewnetrzne,2025-07-27 09:10:07.798897+00:00,latest,3.0,1.416667,id_direct
3c98739eb42f96bf,2022-06-25,UFC Fight Night: Tsarukyan vs. Gamrot,Shavkat Rakhmonov,Neil Magny,us,zewnetrzne,2025-07-27 09:10:07.798897+00:00,latest,1.229885,4.5,id_swapped
3f38100fd8dae286,2022-06-25,UFC Fight Night: Tsarukyan vs. Gamrot,Rodolfo Vieira,Chris Curtis,us,zewnetrzne,2025-07-27 09:10:07.798897+00:00,latest,1.952381,1.869565,id_swapped
8cc43d79b61efc25,2022-06-25,UFC Fight Night: Tsarukyan vs. Gamrot,JP Buys,Cody Durden,us,zewnetrzne,2025-07-27 09:10:07.798897+00:00,latest,1.8,2.05,id_direct
a457331c27bce6d5,2022-06-25,UFC Fight Night: Tsarukyan vs. Gamrot,Sergey Morozov,Raulian Paiva,us,zewnetrzne,2025-07-27 09:10:07.798897+00:00,latest,1.588235,2.45,id_swapped
c57c8e22a3e8dde2,2022-06-25,UFC Fight Night: Tsarukyan vs. Gamrot,Josh Parisian,Alan Baudot,us,zewnetrzne,2025-07-27 09:10:07.798897+00:00,latest,1.740741,2.15,id_direct
0308bcdd00cc72e2,2022-07-02,UFC 276: Adesanya vs. Cannonier,Sean Strickland,Alex Pereira,us,zewnetrzne,2025-07-27 09:10:07.798897+00:00,latest,1.8,2.05,id_direct
0e2c7ec02a095813,2022-07-02,UFC 276: Adesanya vs. Cannonier,Jessica-Rose Clark,Julija Stoliarenko,us,zewnetrzne,2025-07-27 09:10:07.798897+00:00,latest,1.645161,2.35,id_direct
12a33d16e1d4e2d9,2022-07-02,UFC 276: Adesanya vs. Cannonier,Bryan Barberena,Robbie Lawler,us,zewnetrzne,2025-07-27 09:10:07.798897+00:00,latest,1.833333,2.0,id_swapped
1c85003f6ec59c9d,2022-07-02,UFC 276: Adesanya vs. Cannonier,Maycee Barber,Jessica Eye,us,zewnetrzne,2025-07-27 09:10:07.798897+00:00,latest,1.31746,3.6,id_swapped
4047e98132306cd5,2022-07-02,UFC 276: Adesanya vs. Cannonier,Max Holloway,Alexander Volkanovski,us,zewnetrzne,2025-07-27 09:10:07.798897+00:00,latest,2.55,1.555556,id_swapped
459bc7c0b47719c3,2022-07-02,UFC 276: Adesanya vs. Cannonier,Donald Cerrone,Jim Miller,us,zewnetrzne,2025-07-27 09:10:07.798897+00:00,latest,2.6,1.526316,id_swapped
57775c8af89007c7,2022-07-02,UFC 276: Adesanya vs. Cannonier,Brad Tavares,Dricus Du Plessis,us,zewnetrzne,2025-07-27 09:10:07.798897+00:00,latest,2.45,1.588235,id_direct
98411542ca0e847d,2022-07-02,UFC 276: Adesanya vs. Cannonier,Brad Riddell,Jalin Turner,us,zewnetrzne,2025-07-27 09:10:07.798897+00:00,latest,2.3,1.666667,id_direct
99ac96bb67e5c5e4,2022-07-02,UFC 276: Adesanya vs. Cannonier,Uriah Hall,Andre Muniz,us,zewnetrzne,2025-07-27 09:10:07.798897+00:00,latest,3.85,1.289855,id_direct
a7eaf7b101166d3e,2022-07-02,UFC 276: Adesanya vs. Cannonier,Israel Adesanya,Jared Cannonier,us,zewnetrzne,2025-07-27 09:10:07.798897+00:00,latest,1.185185,5.2,id_direct
04e1ff7aeda2a018,2022-07-09,UFC Fight Night: Dos Anjos vs. Fiziev,Tresean Gore,Cody Brundage,us,zewnetrzne,2025-07-27 09:10:07.798897+00:00,latest,1.645161,2.35,id_swapped
478bc7d1288e043e,2022-07-09,UFC Fight Night: Dos Anjos vs. Fiziev,Karl Roberson,Kennedy Nzechukwu,us,zewnetrzne,2025-07-27 09:10:07.798897+00:00,latest,2.35,1.645161,id_swapped
6c60e58f8e9e7a4c,2022-07-09,UFC Fight Night: Dos Anjos vs. Fiziev,Armen Petrosyan,Caio Borralho,us,zewnetrzne,2025-07-27 09:10:07.798897+00:00,latest,3.1,1.4,id_swapped
81cbb709dedc914d,2022-07-09,UFC Fight Night: Dos Anjos vs. Fiziev,Cortney Casey,Antonina Shevchenko,us,zewnetrzne,2025-07-27 09:10:07.798897+00:00,latest,2.55,1.555556,id_swapped
a103b30f6898de7e,2022-07-09,UFC Fight Night: Dos Anjos vs. Fiziev,Michael Johnson,Jamie Mullarkey,us,zewnetrzne,2025-07-27 09:10:07.798897+00:00,latest,2.95,1.434783,id_direct
bba6cc8760da34ab,2022-07-09,UFC Fight Night: Dos Anjos vs. Fiziev,Said Nurmagomedov,Douglas Silva de Andrade,us,zewnetrzne,2025-07-27 09:10:07.798897+00:00,latest,1.210526,4.8,id_swapped
be69cbf1f1671c8e,2022-07-09,UFC Fight Night: Dos Anjos vs. Fiziev,Rafael Dos Anjos,Rafael Fiziev,us,zewnetrzne,2025-07-27 09:10:07.798897+00:00,latest,2.8,1.47619,id_direct
c58b3223b5caa18a,2022-07-09,UFC Fight Night: Dos Anjos vs. Fiziev,Aiemann Zahabi,Ricky Turcios,us,zewnetrzne,2025-07-27 09:10:07.798897+00:00,latest,2.95,1.434783,id_direct
cd63b4144a45b611,2022-07-09,UFC Fight Night: Dos Anjos vs. Fiziev,Chase Sherman,Jared Vanderaa,us,zewnetrzne,2025-07-27 09:10:07.798897+00:00,latest,2.95,1.434783,id_swapped
fb3f5a65da9f2ac7,2022-07-09,UFC Fight Night: Dos Anjos vs. Fiziev,Saidyokub Kakhramonov,Ronnie Lawrence,us,zewnetrzne,2025-07-27 09:10:07.798897+00:00,latest,2.0,1.833333,id_swapped
4965d8eab468b839,2022-07-16,UFC Fight Night: Ortega vs. Rodriguez,Lauren Murphy,Miesha Tate,us,zewnetrzne,2025-07-27 09:10:07.798897+00:00,latest,2.75,1.487805,id_direct
4dd2bcd2b025204e,2022-07-16,UFC Fight Night: Ortega vs. Rodriguez,Herbert Burns,Bill Algeo,us,zewnetrzne,2025-07-27 09:10:07.798897+00:00,latest,2.8,1.47619,id_swapped
74b8a36293758342,2022-07-16,UFC Fight Night: Ortega vs. Rodriguez,Ricky Simon,Jack Shore,us,zewnetrzne,2025-07-27 09:10:07.798897+00:00,latest,2.45,1.588235,id_direct
7503d5c892f238fb,2022-07-16,UFC Fight Night: Ortega vs. Rodriguez,Yair Rodriguez,Brian Ortega,us,zewnetrzne,2025-07-27 09:10:07.798897+00:00,latest,2.65,1.512821,id_swapped
8e4024cb49c963f2,2022-07-16,UFC Fight Night: Ortega vs. Rodriguez,Sumudaerji,Matt Schnell,us,zewnetrzne,2025-07-27 09:10:07.798897+00:00,latest,1.384615,3.2,id_swapped
9f3326195672c2b9,2022-07-16,UFC Fight Night: Ortega vs. Rodriguez,Dustin Stoltzfus,Dwight Grant,us,zewnetrzne,2025-07-27 09:10:07.798897+00:00,latest,1.740741,2.15,id_swapped
a5d2f0fed3ce2899,2022-07-16,UFC Fight Night: Ortega vs. Rodriguez,Da Woon Jung,Dustin Jacoby,us,zewnetrzne,2025-07-27 09:10:07.798897+00:00,latest,1.8,2.05,id_swapped
d439374c1fc95581,2022-07-16,UFC Fight Night: Ortega vs. Rodriguez,Shane Burgos,Charles Jourdain,us,zewnetrzne,2025-07-27 09:10:07.798897+00:00,latest,1.571429,2.5,id_direct
dd456668731bd52a,2022-07-16,UFC Fight Night: Ortega vs. Rodriguez,Muslim Salikhov,Li Jingliang,us,zewnetrzne,2025-07-27 09:10:07.798897+00:00,latest,1.645161,2.35,id_swapped
e57bfadb506e4f51,2022-07-16,UFC Fight Night: Ortega vs. Rodriguez,Amanda Lemos,Michelle Waterson-Gomez,us,zewnetrzne,2025-07-27 09:10:07.798897+00:00,latest,1.31746,3.6,id_swapped
ebefe958473b3843,2022-07-16,UFC Fight Night: Ortega vs. Rodriguez,Punahele Soriano,Dalcha Lungiambula,us,zewnetrzne,2025-07-27 09:10:07.798897+00:00,latest,1.4,3.1,id_direct
1c84dafe38694c05,2022-07-23,UFC Fight Night: Blaydes vs. Aspinall,Claudio Silva,Nicolas Dalby,us,zewnetrzne,2025-07-27 09:10:07.798897+00:00,latest,2.85,1.465116,id_direct
1ff520024da5b3b2,2022-07-23,UFC Fight Night: Blaydes vs. Aspinall,Nikita Krylov,Alexander Gustafsson,us,zewnetrzne,2025-07-27 09:10:07.798897+00:00,latest,1.5,2.7,id_direct
3d35f25d9792a69a,2022-07-23,UFC Fight Night: Blaydes vs. Aspinall,Makwan Amirkhani,Jonathan Pearce,us,zewnetrzne,2025-07-27 09:10:07.798897+00:00,latest,2.3,1.666667,id_direct
47b1cd4e3e2595f8,2022-07-23,UFC Fight Night: Blaydes vs. Aspinall,Volkan Oezdemir,Paul Craig,us,zewnetrzne,2025-07-27 09:10:07.798897+00:00,latest,1.689655,2.25,id_swapped
8e02bdaac8ed50e5,2022-07-23,UFC Fight Night: Blaydes vs. Aspinall,Paddy Pimblett,Jordan Leavitt,us,zewnetrzne,2025-07-27 09:10:07.798897+00:00,latest,1.363636,3.3,id_direct
925a36a4af600291,2022-07-23,UFC Fight Night: Blaydes vs. Aspinall,Jack Hermansson,Chris Curtis,us,zewnetrzne,2025-07-27 09:10:07.798897+00:00,latest,1.909091,1.909091,id_direct
a1029686c3f1bead,2022-07-23,UFC Fight Night: Blaydes vs. Aspinall,Kyle Nelson,Jai Herbert,us,zewnetrzne,2025-07-27 09:10:07.798897+00:00,latest,3.4,1.350877,id_swapped
a57969d4ba7d4a79,2022-07-23,UFC Fight Night: Blaydes vs. Aspinall,Hannah Goldy,Molly McCann,us,zewnetrzne,2025-07-27 09:10:07.798897+00:00,latest,4.7,1.217391,id_swapped
b0d06858fb725654,2022-07-23,UFC Fight Night: Blaydes vs. Aspinall,Ludovit Klein,Mason Jones,us,zewnetrzne,2025-07-27 09:10:07.798897+00:00,latest,4.4,1.235294,id_swapped
d0fb381cacbb0446,2022-07-23,UFC Fight Night: Blaydes vs. Aspinall,Tom Aspinall,Curtis Blaydes,us,zewnetrzne,2025-07-27 09:10:07.798897+00:00,latest,1.645161,2.35,id_swapped
dd6dbe644f599795,2022-07-23,UFC Fight Night: Blaydes vs. Aspinall,Marc Diakiese,Damir Hadzovic,us,zewnetrzne,2025-07-27 09:10:07.798897+00:00,latest,1.229885,4.5,id_direct
e600b78e5a652dc0,2022-07-23,UFC Fight Night: Blaydes vs. Aspinall,Mandy Bohm,Victoria Leonardo,us,zewnetrzne,2025-07-27 09:10:07.798897+00:00,latest,1.909091,1.909091,id_direct
f6fd50bf69bb59e6,2022-07-23,UFC Fight Night: Blaydes vs. Aspinall,Nathaniel Wood,Charles Rosa,us,zewnetrzne,2025-07-27 09:10:07.798897+00:00,latest,1.178571,5.3,id_direct
0366e183296fea07,2022-07-30,UFC 277: Pena vs. Nunes 2,Ji Yeon Kim,Joselyne Edwards,us,zewnetrzne,2025-07-27 09:10:07.798897+00:00,latest,2.0,1.833333,id_swapped
058c2724dec1add1,2022-07-30,UFC 277: Pena vs. Nunes 2,Anthony Smith,Magomed Ankalaev,us,zewnetrzne,2025-07-27 09:10:07.798897+00:00,latest,5.6,1.163934,id_swapped
189b9af881b96de6,2022-07-30,UFC 277: Pena vs. Nunes 2,Drakkar Klose,Rafa Garcia,us,zewnetrzne,2025-07-27 09:10:07.798897+00:00,latest,1.5,2.7,id_direct
52f87252af59e23b,2022-07-30,UFC 277: Pena vs. Nunes 2,Derrick Lewis,Sergei Pavlovich,us,zewnetrzne,2025-07-27 09:10:07.798897+00:00,latest,2.35,1.645161,id_direct
579b5770129b328a,2022-07-30,UFC 277: Pena vs. Nunes 2,Matthew Semelsberger,Alex Morono,us,zewnetrzne,2025-07-27 09:10:07.798897+00:00,latest,1.526316,2.6,id_swapped
5a1ce88ec1f75160,2022-07-30,UFC 277: Pena vs. Nunes 2,Brandon Moreno,Kai Kara-France,us,zewnetrzne,2025-07-27 09:10:07.798897+00:00,latest,1.47619,2.8,id_direct
66f7bb31d24b3b36,2022-07-30,UFC 277: Pena vs. Nunes 2,Orion Cosce,Blood Diamond,us,zewnetrzne,2025-07-27 09:10:07.798897+00:00,latest,1.487805,2.75,id_direct
72c3e5eacde4f0e5,2022-07-30,UFC 277: Pena vs. Nunes 2,Julianna Pena,Amanda Nunes,us,zewnetrzne,2025-07-27 09:10:07.798897+00:00,latest,3.05,1.408163,id_direct
81a18de517a3336a,2022-07-30,UFC 277: Pena vs. Nunes 2,Rafael Alves,Drew Dober,us,zewnetrzne,2025-07-27 09:10:07.798897+00:00,latest,2.4,1.606061,id_swapped
96b62bd56b252bab,2022-07-30,UFC 277: Pena vs. Nunes 2,Alexandre Pantoja,Alex Perez,us,zewnetrzne,2025-07-27 09:10:07.798897+00:00,latest,1.512821,2.65,id_direct
044d210d7b1eb519,2022-08-06,UFC Fight Night: Santos vs. Hill,Augusto Sakai,Serghei Spivac,us,zewnetrzne,2025-07-27 09:10:07.798897+00:00,latest,3.6,1.31746,id_direct
4adef20ce69217be,2022-08-06,UFC Fight Night: Santos vs. Hill,Takashi Sato,Bryan Battle,us,zewnetrzne,2025-07-27 09:10:07.798897+00:00,latest,3.7,1.307692,id_swapped
a274ed04c36d40d4,2022-08-06,UFC Fight Night: Santos vs. Hill,Stephanie Egger,Mayra Bueno Silva,us,zewnetrzne,2025-07-27 09:10:07.798897+00:00,latest,1.833333,2.0,id_swapped
a6b328733d610e2b,2022-08-06,UFC Fight Night: Santos vs. Hill,Vicente Luque,Geoff Neal,us,zewnetrzne,2025-07-27 09:10:07.798897+00:00,latest,1.47619,2.8,id_direct
a8bc6e005077bb0b,2022-08-06,UFC Fight Night: Santos vs. Hill,Jamahal Hill,Thiago Santos,us,zewnetrzne,2025-07-27 09:10:07.798897+00:00,latest,1.3125,3.65,id_swapped
b5274277ef6707c9,2022-08-06,UFC Fight Night: Santos vs. Hill,Cory McKenna,Miranda Granger,us,zewnetrzne,2025-07-27 09:10:07.798897+00:00,latest,1.512821,2.65,id_direct
b530bb13aac1e48b,2022-08-06,UFC Fight Night: Santos vs. Hill,Terrance McKinney,Erick Gonzalez,us,zewnetrzne,2025-07-27 09:10:07.798897+00:00,latest,1.105263,7.5,id_direct
eda397c27787afa4,2022-08-06,UFC Fight Night: Santos vs. Hill,Michal Oleksiejczuk,Sam Alvey,us,zewnetrzne,2025-07-27 09:10:07.798897+00:00,latest,1.138889,6.2,id_swapped
0823f97be9c3a62e,2022-08-13,UFC Fight Night: Vera vs. Cruz,Ode Osbourne,Tyson Nam,us,zewnetrzne,2025-07-27 09:10:07.798897+00:00,latest,1.217391,4.7,id_direct
11cc331fa40ede63,2022-08-13,UFC Fight Night: Vera vs. Cruz,Dominick Cruz,Marlon Vera,us,zewnetrzne,2025-07-27 09:10:07.798897+00:00,latest,2.9,1.444444,id_swapped
38b6ef176439c39b,2022-08-13,UFC Fight Night: Vera vs. Cruz,Bruno Silva,Gerald Meerschaert,us,zewnetrzne,2025-07-27 09:10:07.798897+00:00,latest,1.338983,3.45,id_direct
5f31f3e32669f5b9,2022-08-13,UFC Fight Night: Vera vs. Cruz,Loopy Godinez,Angela Hill,us,zewnetrzne,2025-07-27 09:10:07.798897+00:00,latest,1.30303,3.75,id_swapped
8986373b4a6e90b6,2022-08-13,UFC Fight Night: Vera vs. Cruz,Cynthia Calvillo,Nina Nunes,us,zewnetrzne,2025-07-27 09:10:07.798897+00:00,latest,1.526316,2.6,id_direct
d19e010f071a4b45,2022-08-13,UFC Fight Night: Vera vs. Cruz,Devin Clark,Azamat Murzakanov,us,zewnetrzne,2025-07-27 09:10:07.798897+00:00,latest,2.3,1.666667,id_direct
efd7efba85092c6f,2022-08-13,UFC Fight Night: Vera vs. Cruz,Nate Landwehr,David Onama,us,zewnetrzne,2025-07-27 09:10:07.798897+00:00,latest,3.8,1.294118,id_direct
f858f91453555291,2022-08-13,UFC Fight Night: Vera vs. Cruz,Charlie Ontiveros,Gabriel Benitez,us,zewnetrzne,2025-07-27 09:10:07.798897+00:00,latest,3.95,1.277778,id_swapped
0cf7a4593fd44e59,2022-08-20,UFC 278: Usman vs. Edwards,Jared Gordon,Leonardo Santos,us,zewnetrzne,2025-07-27 09:10:07.798897+00:00,latest,1.363636,3.3,id_swapped
2ac3ce1f62b3c4b9,2022-08-20,UFC 278: Usman vs. Edwards,Merab Dvalishvili,Jose Aldo,us,zewnetrzne,2025-07-27 09:10:07.798897+00:00,latest,1.645161,2.35,id_swapped
2cd9e3796be57a79,2022-08-20,UFC 278: Usman vs. Edwards,Lucie Pudilova,Wu Yanan,us,zewnetrzne,2025-07-27 09:10:07.798897+00:00,latest,1.689655,2.25,id_swapped
2de6652160cc7b9f,2022-08-20,UFC 278: Usman vs. Edwards,Luke Rockhold,Paulo Costa,us,zewnetrzne,2025-07-27 09:10:07.798897+00:00,latest,3.75,1.30303,id_swapped
4dac5258f22be059,2022-08-20,UFC 278: Usman vs. Edwards,Ange Loosa,AJ Fletcher,us,zewnetrzne,2025-07-27 09:10:07.798897+00:00,latest,2.4,1.606061,id_swapped
5abcf9f282983acc,2022-08-20,UFC 278: Usman vs. Edwards,Tyson Pedro,Harry Hunsucker,us,zewnetrzne,2025-07-27 09:10:07.798897+00:00,latest,1.117647,7.0,id_direct
6b9f82291930bfec,2022-08-20,UFC 278: Usman vs. Edwards,Amir Albazi,Francisco Figueiredo,us,zewnetrzne,2025-07-27 09:10:07.798897+00:00,latest,1.2,5.0,id_direct
d497d74a0df9e35e,2022-08-20,UFC 278: Usman vs. Edwards,Jay Perrin,Aoriqileng,us,zewnetrzne,2025-07-27 09:10:07.798897+00:00,latest,2.05,1.8,id_swapped
e0b98f3cf4a7cc3b,2022-08-20,UFC 278: Usman vs. Edwards,Alexandr Romanov,Marcin Tybura,us,zewnetrzne,2025-07-27 09:10:07.798897+00:00,latest,1.3125,3.65,id_swapped
f70c817388602681,2022-08-20,UFC 278: Usman vs. Edwards,Kamaru Usman,Leon Edwards,us,zewnetrzne,2025-07-27 09:10:07.798897+00:00,latest,1.31746,3.6,id_direct
1a191251620a84ca,2022-09-03,UFC Fight Night: Gane vs. Tuivasa,Alessio Di Chirico,Roman Kopylov,us,zewnetrzne,2025-07-27 09:10:07.798897+00:00,latest,1.952381,1.869565,id_direct
20f316f96c9e4458,2022-09-03,UFC Fight Night: Gane vs. Tuivasa,Nassourdine Imavov,Joaquin Buckley,us,zewnetrzne,2025-07-27 09:10:07.798897+00:00,latest,1.4,3.1,id_direct
7bced112f3229b1b,2022-09-03,UFC Fight Night: Gane vs. Tuivasa,Nasrat Haqparast,John Makdessi,us,zewnetrzne,2025-07-27 09:10:07.798897+00:00,latest,1.434783,2.95,id_swapped
810c9da07970c4a6,2022-09-03,UFC Fight Night: Gane vs. Tuivasa,Ciryl Gane,Tai Tuivasa,us,zewnetrzne,2025-07-27 09:10:07.798897+00:00,latest,1.210526,4.8,id_direct
acc9a109b00a99e1,2022-09-03,UFC Fight Night: Gane vs. Tuivasa,Nathaniel Wood,Charles Jourdain,us,zewnetrzne,2025-07-27 09:10:07.798897+00:00,latest,2.3,1.666667,id_swapped
b8ca1acdf3dc2f58,2022-09-03,UFC Fight Night: Gane vs. Tuivasa,Marvin Vettori,Robert Whittaker,us,zewnetrzne,2025-07-27 09:10:07.798897+00:00,latest,2.8,1.47619,id_swapped
0111e6a64b5184c6,2022-09-10,UFC 279: Diaz vs. Ferguson,Kevin Holland,Khamzat Chimaev,us,zewnetrzne,2025-07-27 09:10:07.798897+00:00,latest,5.4,1.172414,id_swapped
0e6d624086f7952e,2022-09-10,UFC 279: Diaz vs. Ferguson,Hakeem Dawodu,Julian Erosa,us,zewnetrzne,2025-07-27 09:10:07.798897+00:00,latest,1.465116,2.85,id_direct
6010f681e54ba2cd,2022-09-10,UFC 279: Diaz vs. Ferguson,Alatengheili,Chad Anheliger,us,zewnetrzne,2025-07-27 09:10:07.798897+00:00,latest,1.555556,2.55,id_swapped
77acb96700e89c92,2022-09-10,UFC 279: Diaz vs. Ferguson,Denis Tiuliulin,Jamie Pickett,us,zewnetrzne,2025-07-27 09:10:07.798897+00:00,latest,2.1,1.769231,id_direct
7e8fd03e070d0c25,2022-09-10,UFC 279: Diaz vs. Ferguson,Tony Ferguson,Nate Diaz,us,zewnetrzne,2025-07-27 09:10:07.798897+00:00,latest,1.666667,2.3,id_swapped
86d57e8ef2191316,2022-09-10,UFC 279: Diaz vs. Ferguson,Darian Weeks,Yohan Lainesse,us,zewnetrzne,2025-07-27 09:10:07.798897+00:00,latest,1.833333,2.0,id_direct
989b8d362742f40b,2022-09-10,UFC 279: Diaz vs. Ferguson,Irene Aldana,Macy Chiasson,us,zewnetrzne,2025-07-27 09:10:07.798897+00:00,latest,1.512821,2.65,id_direct
bf334cb4e63f3430,2022-09-10,UFC 279: Diaz vs. Ferguson,Chris Barnett,Jake Collier,us,zewnetrzne,2025-07-27 09:10:07.798897+00:00,latest,5.2,1.185185,id_swapped
d3e23d7d207d3ccf,2022-09-10,UFC 279: Diaz vs. Ferguson,Daniel Rodriguez,Li Jingliang,us,zewnetrzne,2025-07-27 09:10:07.798897+00:00,latest,1.588235,2.45,id_swapped
d869eaea38426f06,2022-09-10,UFC 279: Diaz vs. Ferguson,Johnny Walker,Ion Cutelaba,us,zewnetrzne,2025-07-27 09:10:07.798897+00:00,latest,2.55,1.555556,id_direct
3cbd3565dd631cc4,2022-09-17,UFC Fight Night: Sandhagen vs. Song,Tanner Boser,Rodrigo Nascimento,us,zewnetrzne,2025-07-27 09:10:07.798897+00:00,latest,1.555556,2.55,id_direct
46b9acec12a35d37,2022-09-17,UFC Fight Night: Sandhagen vs. Song,Louis Cosce,Trevin Giles,us,zewnetrzne,2025-07-27 09:10:07.798897+00:00,latest,2.75,1.487805,id_swapped
8a044e5400b4318f,2022-09-17,UFC Fight Night: Sandhagen vs. Song,Nikolas Motta,Cameron VanCamp,us,zewnetrzne,2025-07-27 09:10:07.798897+00:00,latest,1.666667,2.3,id_direct
adb78db5ba8ccc0f,2022-09-17,UFC Fight Night: Sandhagen vs. Song,Andre Fili,Bill Algeo,us,zewnetrzne,2025-07-27 09:10:07.798897+00:00,latest,1.740741,2.15,id_direct
bd06f1c2d7e6c4a0,2022-09-17,UFC Fight Night: Sandhagen vs. Song,Chidi Njokuani,Gregory Rodrigues,us,zewnetrzne,2025-07-27 09:10:07.798897+00:00,latest,1.769231,2.1,id_direct
be73f75b52b06f14,2022-09-17,UFC Fight Night: Sandhagen vs. Song,Tony Gravely,Javid Basharat,us,zewnetrzne,2025-07-27 09:10:07.798897+00:00,latest,2.4,1.606061,id_direct
ce5ebaf8caf8c4a7,2022-09-17,UFC Fight Night: Sandhagen vs. Song,Anthony Hernandez,Marc-Andre Barriault,us,zewnetrzne,2025-07-27 09:10:07.798897+00:00,latest,1.465116,2.85,id_direct
d9f5d05b07bae09e,2022-09-17,UFC Fight Night: Sandhagen vs. Song,Gillian Robertson,Mariya Agapova,us,zewnetrzne,2025-07-27 09:10:07.798897+00:00,latest,1.645161,2.35,id_swapped
df370b97ea49e6b4,2022-09-17,UFC Fight Night: Sandhagen vs. Song,Cory Sandhagen,Song Yadong,us,zewnetrzne,2025-07-27 09:10:07.798897+00:00,latest,1.487805,2.75,id_direct
f521ecde1e96a1bd,2022-09-17,UFC Fight Night: Sandhagen vs. Song,Damon Jackson,Pat Sabatini,us,zewnetrzne,2025-07-27 09:10:07.798897+00:00,latest,2.85,1.465116,id_direct
330506571d2778b1,2022-10-01,UFC Fight Night: Dern vs. Yan,Viacheslav Borshchev,Mike Davis,us,zewnetrzne,2025-07-27 09:10:07.798897+00:00,latest,2.6,1.526316,id_swapped
63f6af6d5f7b82ad,2022-10-01,UFC Fight Night: Dern vs. Yan,John Castaneda,Daniel Santos,us,zewnetrzne,2025-07-27 09:10:07.798897+00:00,latest,1.555556,2.55,id_direct
6c79db79da9ae874,2022-10-01,UFC Fight Night: Dern vs. Yan,Randy Costa,Guido Cannetti,us,zewnetrzne,2025-07-27 09:10:07.798897+00:00,latest,1.357143,3.35,id_swapped
7d0d2cecab358ba1,2022-10-01,UFC Fight Night: Dern vs. Yan,Francisco Trinaldo,Randy Brown,us,zewnetrzne,2025-07-27 09:10:07.798897+00:00,latest,3.7,1.307692,id_swapped
8c9ff13791378784,2022-10-01,UFC Fight Night: Dern vs. Yan,Brendan Allen,Krzysztof Jotko,us,zewnetrzne,2025-07-27 09:10:07.798897+00:00,latest,2.05,1.8,id_swapped
a73e33dfce8fcfd8,2022-10-01,UFC Fight Night: Dern vs. Yan,Raoni Barcelos,Trevin Jones,us,zewnetrzne,2025-07-27 09:10:07.798897+00:00,latest,1.384615,3.2,id_direct
d33814971932422a,2022-10-01,UFC Fight Night: Dern vs. Yan,Mackenzie Dern,Yan Xiaonan,us,zewnetrzne,2025-07-27 09:10:07.798897+00:00,latest,1.384615,3.2,id_direct
de93fda66d203c26,2022-10-01,UFC Fight Night: Dern vs. Yan,Aleksei Oleinik,Ilir Latifi,us,zewnetrzne,2025-07-27 09:10:07.798897+00:00,latest,2.65,1.512821,id_swapped
ecc56a86a1eead9d,2022-10-01,UFC Fight Night: Dern vs. Yan,Jesse Ronson,Joaquim Silva,us,zewnetrzne,2025-07-27 09:10:07.798897+00:00,latest,2.2,1.714286,id_swapped
1af23e7aa71a1d17,2022-10-15,UFC Fight Night: Grasso vs. Araujo,Cub Swanson,Jonathan Martinez,us,zewnetrzne,2025-07-27 09:10:07.798897+00:00,latest,2.9,1.444444,id_direct
59695aae245cca73,2022-10-15,UFC Fight Night: Grasso vs. Araujo,Misha Cirkunov,Alonzo Menifield,us,zewnetrzne,2025-07-27 09:10:07.798897+00:00,latest,2.6,1.526316,id_direct
60bd4d2878c85f70,2022-10-15,UFC Fight Night: Grasso vs. Araujo,Piera Rodriguez,Sam Hughes,us,zewnetrzne,2025-07-27 09:10:07.798897+00:00,latest,1.555556,2.55,id_direct
759c55755d70f7ba,2022-10-15,UFC Fight Night: Grasso vs. Araujo,Dusko Todorovic,Jordan Wright,us,zewnetrzne,2025-07-27 09:10:07.798897+00:00,latest,1.444444,2.9,id_swapped
8252a314c778b8e6,2022-10-15,UFC Fight Night: Grasso vs. Araujo,Mana Martinez,Brandon Davis,us,zewnetrzne,2025-07-27 09:10:07.798897+00:00,latest,1.689655,2.25,id_direct
84b04e8d6b251c54,2022-10-15,UFC Fight Night: Grasso vs. Araujo,Mike Jackson,Pete Rodriguez,us,zewnetrzne,2025-07-27 09:10:07.798897+00:00,latest,6.0,1.148148,id_direct
860050f211b44d10,2022-10-15,UFC Fight Night: Grasso vs. Araujo,Nick Maximov,Jacob Malkoun,us,zewnetrzne,2025-07-27 09:10:07.798897+00:00,latest,1.714286,2.2,id_direct
904cf687d22bb486,2022-10-15,UFC Fight Night: Grasso vs. Araujo,Viviane Araujo,Alexa Grasso,us,zewnetrzne,2025-07-27 09:10:07.798897+00:00,latest,2.8,1.47619,id_swapped
96d4fe315722d1c1,2022-10-15,UFC Fight Night: Grasso vs. Araujo,Raphael Assuncao,Victor Henry,us,zewnetrzne,2025-07-27 09:10:07.798897+00:00,latest,4.5,1.229885,id_direct
fac560495e61d34c,2022-10-15,UFC Fight Night: Grasso vs. Araujo,CJ Vergara,Tatsuro Taira,us,zewnetrzne,2025-07-27 09:10:07.798897+00:00,latest,3.3,1.363636,id_swapped
1b204fc28bb023e6,2022-10-22,UFC 280: Oliveira vs. Makhachev,AJ Dobson,Armen Petrosyan,us,zewnetrzne,2025-07-27 09:10:07.798897+00:00,latest,2.85,1.465116,id_swapped
1e8c33b1917fe1b7,2022-10-22,UFC 280: Oliveira vs. Makhachev,Muhammad Mokaev,Malcolm Gordon,us,zewnetrzne,2025-07-27 09:10:07.798897+00:00,latest,1.086957,8.5,id_direct
1f0d4572e0facbea,2022-10-22,UFC 280: Oliveira vs. Makhachev,TJ Dillashaw,Aljamain Sterling,us,zewnetrzne,2025-07-27 09:10:07.798897+00:00,latest,2.55,1.555556,id_swapped
25f3e4fa781c1c8a,2022-10-22,UFC 280: Oliveira vs. Makhachev,Manon Fiorot,Katlyn Cerminara,us,zewnetrzne,2025-07-27 09:10:07.798897+00:00,latest,1.444444,2.9,id_swapped
2d36e2c10ee349fe,2022-10-22,UFC 280: Oliveira vs. Makhachev,Caio Borralho,Makhmud Muradov,us,zewnetrzne,2025-07-27 09:10:07.798897+00:00,latest,1.47619,2.8,id_swapped
4011cdf1f182804c,2022-10-22,UFC 280: Oliveira vs. Makhachev,Lina Lansberg,Karol Rosa,us,zewnetrzne,2025-07-27 09:10:07.798897+00:00,latest,4.4,1.235294,id_swapped
523815acf1bb2420,2022-10-22,UFC 280: Oliveira vs. Makhachev,Charles Oliveira,Islam Makhachev,us,zewnetrzne,2025-07-27 09:10:07.798897+00:00,latest,2.75,1.487805,id_direct
5c3c4bcc6c746ca0,2022-10-22,UFC 280: Oliveira vs. Makhachev,Sean O'Malley,Petr Yan,us,zewnetrzne,2025-07-27 09:10:07.798897+00:00,latest,3.4,1.350877,id_swapped
69f39e5d959311b1,2022-10-22,UFC 280: Oliveira vs. Makhachev,Beneil Dariush,Mateusz Gamrot,us,zewnetrzne,2025-07-27 09:10:07.798897+00:00,latest,3.1,1.4,id_direct
cea6760d7bfbe19b,2022-10-22,UFC 280: Oliveira vs. Makhachev,Abubakar Nurmagomedov,Gadzhi Omargadzhiev,us,zewnetrzne,2025-07-27 09:10:07.798897+00:00,latest,1.714286,2.2,id_direct
d325a1483d78ae75,2022-10-22,UFC 280: Oliveira vs. Makhachev,Sean Brady,Belal Muhammad,us,zewnetrzne,2025-07-27 09:10:07.798897+00:00,latest,1.740741,2.15,id_swapped
f4d8266a42a41dff,2022-10-22,UFC 280: Oliveira vs. Makhachev,Volkan Oezdemir,Nikita Krylov,us,zewnetrzne,2025-07-27 09:10:07.798897+00:00,latest,2.6,1.526316,id_direct
5dcba156bd13e0c3,2022-10-29,UFC Fight Night: Kattar vs. Allen,Andrei Arlovski,Marcos Rogerio de Lima,us,zewnetrzne,2025-07-27 09:10:07.798897+00:00,latest,3.0,1.416667,id_direct
6a7db3750822d7be,2022-10-29,UFC Fight Night: Kattar vs. Allen,Tresean Gore,Josh Fremd,us,zewnetrzne,2025-07-27 09:10:07.798897+00:00,latest,2.35,1.645161,id_swapped
86dff1593d8b9a1f,2022-10-29,UFC Fight Night: Kattar vs. Allen,Chase Hooper,Steve Garcia,us,zewnetrzne,2025-07-27 09:10:07.798897+00:00,latest,1.3125,3.65,id_direct
98b7dd0ddc52cffb,2022-10-29,UFC Fight Night: Kattar vs. Allen,Khalil Rountree Jr.,Dustin Jacoby,us,zewnetrzne,2025-07-27 09:10:07.798897+00:00,latest,2.5,1.571429,id_swapped
a554a72bb0377213,2022-10-29,UFC Fight Night: Kattar vs. Allen,Arnold Allen,Calvin Kattar,us,zewnetrzne,2025-07-27 09:10:07.798897+00:00,latest,1.8,2.05,id_swapped
bf59d9f8bd9536f3,2022-10-29,UFC Fight Night: Kattar vs. Allen,Tim Means,Max Griffin,us,zewnetrzne,2025-07-27 09:10:07.798897+00:00,latest,2.6,1.526316,id_direct
d6d141afdd31c3f1,2022-10-29,UFC Fight Night: Kattar vs. Allen,JunYong Park,Joseph Holmes,us,zewnetrzne,2025-07-27 09:10:07.798897+00:00,latest,1.5,2.7,id_swapped
f32d918ee06cb83b,2022-10-29,UFC Fight Night: Kattar vs. Allen,Roman Dolidze,Phil Hawes,us,zewnetrzne,2025-07-27 09:10:07.798897+00:00,latest,2.55,1.555556,id_swapped
1535fb6549fa8bab,2022-11-05,UFC Fight Night: Rodriguez vs. Lemos,Grant Dawson,Mark Madsen,us,zewnetrzne,2025-07-27 09:10:07.798897+00:00,latest,1.5,2.7,id_direct
2664805fde34fb1b,2022-11-05,UFC Fight Night: Rodriguez vs. Lemos,Shayilan Nuerdanbieke,Darrick Minner,us,zewnetrzne,2025-07-27 09:10:07.798897+00:00,latest,1.243902,4.3,id_swapped
2ab395e21080b10a,2022-11-05,UFC Fight Night: Rodriguez vs. Lemos,Benito Lopez,Mario Bautista,us,zewnetrzne,2025-07-27 09:10:07.798897+00:00,latest,4.0,1.273973,id_swapped
31cb98ce37fd87dd,2022-11-05,UFC Fight Night: Rodriguez vs. Lemos,Liudvik Sholinian,Johnny Munoz,us,zewnetrzne,2025-07-27 09:10:07.798897+00:00,latest,3.25,1.377358,id_direct
3adecfc4727a8d73,2022-11-05,UFC Fight Night: Rodriguez vs. Lemos,Nate Maness,Tagir Ulanbekov,us,zewnetrzne,2025-07-27 09:10:07.798897+00:00,latest,3.05,1.408163,id_swapped
5475f5b6bad40989,2022-11-05,UFC Fight Night: Rodriguez vs. Lemos,Polyana Viana,Jinh Yu Frey,us,zewnetrzne,2025-07-27 09:10:07.798897+00:00,latest,1.689655,2.25,id_direct
71afa8354da2491e,2022-11-05,UFC Fight Night: Rodriguez vs. Lemos,Shanna Young,Miranda Maverick,us,zewnetrzne,2025-07-27 09:10:07.798897+00:00,latest,7.0,1.117647,id_swapped
abfc03893551ae73,2022-11-05,UFC Fight Night: Rodriguez vs. Lemos,Amanda Lemos,Marina Rodriguez,us,zewnetrzne,2025-07-27 09:10:07.798897+00:00,latest,3.05,1.408163,id_swapped
b279559f15ecf29b,2022-11-05,UFC Fight Night: Rodriguez vs. Lemos,Neil Magny,Daniel Rodriguez,us,zewnetrzne,2025-07-27 09:10:07.798897+00:00,latest,1.869565,1.952381,id_direct
cfca30d3ef3c86b9,2022-11-05,UFC Fight Night: Rodriguez vs. Lemos,Jake Hadley,Carlos Candelario,us,zewnetrzne,2025-07-27 09:10:07.798897+00:00,latest,1.377358,3.25,id_swapped
04f32bb0c0d3a8cc,2022-11-12,UFC 281: Adesanya vs. Pereira,Israel Adesanya,Alex Pereira,us,zewnetrzne,2025-07-27 09:10:07.798897+00:00,latest,1.47619,2.8,id_direct
09afa6ce4747a1a2,2022-11-12,UFC 281: Adesanya vs. Pereira,Chris Gutierrez,Frankie Edgar,us,zewnetrzne,2025-07-27 09:10:07.798897+00:00,latest,1.4,3.1,id_swapped
1f922cfe6178e830,2022-11-12,UFC 281: Adesanya vs. Pereira,Brad Riddell,Renato Moicano,us,zewnetrzne,2025-07-27 09:10:07.798897+00:00,latest,2.05,1.8,id_direct
40707ddc9fdea500,2022-11-12,UFC 281: Adesanya vs. Pereira,Matt Frevola,Ottman Azaitar,us,zewnetrzne,2025-07-27 09:10:07.798897+00:00,latest,2.4,1.606061,id_direct
65ce9335b93d9c57,2022-11-12,UFC 281: Adesanya vs. Pereira,Wellington Turman,Andre Petroski,us,zewnetrzne,2025-07-27 09:10:07.798897+00:00,latest,2.5,1.571429,id_swapped
6f22afbc5f8e0bd3,2022-11-12,UFC 281: Adesanya vs. Pereira,Dominick Reyes,Ryan Spann,us,zewnetrzne,2025-07-27 09:10:07.798897+00:00,latest,1.512821,2.65,id_direct
77c78d0a71b10692,2022-11-12,UFC 281: Adesanya vs. Pereira,Dan Hooker,Claudio Puelles,us,zewnetrzne,2025-07-27 09:10:07.798897+00:00,latest,1.645161,2.35,id_direct
7f93b2f38497caec,2022-11-12,UFC 281: Adesanya vs. Pereira,Michael Trizano,SeungWoo Choi,us,zewnetrzne,2025-07-27 09:10:07.798897+00:00,latest,2.6,1.526316,id_direct
93da91272d4a7ce3,2022-11-12,UFC 281: Adesanya vs. Pereira,Molly McCann,Erin Blanchfield,us,zewnetrzne,2025-07-27 09:10:07.798897+00:00,latest,4.4,1.235294,id_swapped
bee95769a221af9a,2022-11-12,UFC 281: Adesanya vs. Pereira,Julio Arce,Montel Jackson,us,zewnetrzne,2025-07-27 09:10:07.798897+00:00,latest,2.7,1.5,id_direct
db026ff6eee4d174,2022-11-12,UFC 281: Adesanya vs. Pereira,Nicolae Negumereanu,Carlos Ulberg,us,zewnetrzne,2025-07-27 09:10:07.798897+00:00,latest,2.15,1.740741,id_swapped
ff2e4b411f695017,2022-11-12,UFC 281: Adesanya vs. Pereira,Silvana Gomez Juarez,Karolina Kowalkiewicz,us,zewnetrzne,2025-07-27 09:10:07.798897+00:00,latest,1.909091,1.909091,id_swapped
0f2983fe7753403f,2022-11-19,UFC Fight Night: Nzechukwu vs. Cutelaba,Kevin Natividad,Ricky Turcios,us,zewnetrzne,2025-07-27 09:10:07.798897+00:00,latest,2.65,1.512821,id_swapped
110f539523a4b571,2022-11-19,UFC Fight Night: Nzechukwu vs. Cutelaba,Chase Sherman,Waldo Cortes-Acosta,us,zewnetrzne,2025-07-27 09:10:07.798897+00:00,latest,2.9,1.444444,id_direct
144443d4dbf43990,2022-11-19,UFC Fight Night: Nzechukwu vs. Cutelaba,Jennifer Maia,Maryna Moroz,us,zewnetrzne,2025-07-27 09:10:07.798897+00:00,latest,2.3,1.666667,id_direct
594435375d641f63,2022-11-19,UFC Fight Night: Nzechukwu vs. Cutelaba,Vince Morales,Miles Johns,us,zewnetrzne,2025-07-27 09:10:07.798897+00:00,latest,2.5,1.571429,id_direct
a3696c847ef6c7f9,2022-11-19,UFC Fight Night: Nzechukwu vs. Cutelaba,Brady Hiestand,Fernie Garcia,us,zewnetrzne,2025-07-27 09:10:07.798897+00:00,latest,1.571429,2.5,id_direct
b4cfb34e8224fd77,2022-11-19,UFC Fight Night: Nzechukwu vs. Cutelaba,Zhalgas Zhumagulov,Charles Johnson,us,zewnetrzne,2025-07-27 09:10:07.798897+00:00,latest,2.4,1.606061,id_swapped
bd064deb3494b41a,2022-11-19,UFC Fight Night: Nzechukwu vs. Cutelaba,Vanessa Demopoulos,Maria Oliveira,us,zewnetrzne,2025-07-27 09:10:07.798897+00:00,latest,1.909091,1.909091,id_direct
c317f85a8266313e,2022-11-19,UFC Fight Night: Nzechukwu vs. Cutelaba,Andre Fialho,Muslim Salikhov,us,zewnetrzne,2025-07-27 09:10:07.798897+00:00,latest,1.952381,1.869565,id_direct
c33257dd0605c7de,2022-11-19,UFC Fight Night: Nzechukwu vs. Cutelaba,Kennedy Nzechukwu,Ion Cutelaba,us,zewnetrzne,2025-07-27 09:10:07.798897+00:00,latest,1.512821,2.65,id_direct
d0c01840c72429c6,2022-11-19,UFC Fight Night: Nzechukwu vs. Cutelaba,Jack Della Maddalena,Danny Roberts,us,zewnetrzne,2025-07-27 09:10:07.798897+00:00,latest,1.142857,6.1,id_direct
0c9faf26efe2cdcc,2022-12-03,UFC Fight Night: Thompson vs. Holland,Emily Ducote,Angela Hill,us,zewnetrzne,2025-07-27 09:10:07.798897+00:00,latest,1.769231,2.1,id_swapped
2cec230248d7eb97,2022-12-03,UFC Fight Night: Thompson vs. Holland,Yazmin Jauregui,Istela Nunes,us,zewnetrzne,2025-07-27 09:10:07.798897+00:00,latest,1.285714,3.9,id_direct
30abc50a2e71c576,2022-12-03,UFC Fight Night: Thompson vs. Holland,Natan Levy,Genaro Valdez,us,zewnetrzne,2025-07-27 09:10:07.798897+00:00,latest,1.416667,3.0,id_direct
5a8f7afc5ea69537,2022-12-03,UFC Fight Night: Thompson vs. Holland,Matheus Nicolau,Matt Schnell,us,zewnetrzne,2025-07-27 09:10:07.798897+00:00,latest,1.25641,4.2,id_direct
7bd6969c4ed979f9,2022-12-03,UFC Fight Night: Thompson vs. Holland,Clay Guida,Scott Holtzman,us,zewnetrzne,2025-07-27 09:10:07.798897+00:00,latest,2.95,1.434783,id_direct
7fbf09533c59e43f,2022-12-03,UFC Fight Night: Thompson vs. Holland,Phil Rowe,Niko Price,us,zewnetrzne,2025-07-27 09:10:07.798897+00:00,latest,2.0,1.833333,id_swapped
92c1d9a6d313cb0c,2022-12-03,UFC Fight Night: Thompson vs. Holland,Marc Diakiese,Michael Johnson,us,zewnetrzne,2025-07-27 09:10:07.798897+00:00,latest,1.263158,4.1,id_swapped
972e17c1b98fca06,2022-12-03,UFC Fight Night: Thompson vs. Holland,Tai Tuivasa,Sergei Pavlovich,us,zewnetrzne,2025-07-27 09:10:07.798897+00:00,latest,2.55,1.555556,id_direct
a419e6df765aa755,2022-12-03,UFC Fight Night: Thompson vs. Holland,Kevin Holland,Stephen Thompson,us,zewnetrzne,2025-07-27 09:10:07.798897+00:00,latest,1.588235,2.45,id_swapped
a71764d5da04e3bc,2022-12-03,UFC Fight Night: Thompson vs. Holland,Jack Hermansson,Roman Dolidze,us,zewnetrzne,2025-07-27 09:10:07.798897+00:00,latest,1.444444,2.9,id_direct
be977e524ef56aa4,2022-12-03,UFC Fight Night: Thompson vs. Holland,Jonathan Pearce,Darren Elkins,us,zewnetrzne,2025-07-27 09:10:07.798897+00:00,latest,1.2,5.0,id_swapped
ca0f0a35a1fcb453,2022-12-03,UFC Fight Night: Thompson vs. Holland,Eryk Anders,Kyle Daukaus,us,zewnetrzne,2025-07-27 09:10:07.798897+00:00,latest,2.95,1.434783,id_direct
f17813d03fcd8e7a,2022-12-03,UFC Fight Night: Thompson vs. Holland,Rafael Dos Anjos,Bryan Barberena,us,zewnetrzne,2025-07-27 09:10:07.798897+00:00,latest,1.235294,4.4,id_swapped
11f65de5348e4bc4,2022-12-10,UFC 282: Blachowicz vs. Ankalaev,Santiago Ponzinibbio,Alex Morono,us,zewnetrzne,2025-07-27 09:10:07.798897+00:00,latest,1.645161,2.35,id_direct
144cd3f62591a5fb,2022-12-10,UFC 282: Blachowicz vs. Ankalaev,Jared Gordon,Paddy Pimblett,us,zewnetrzne,2025-07-27 09:10:07.798897+00:00,latest,3.2,1.384615,id_swapped
1779cc4ae925df01,2022-12-10,UFC 282: Blachowicz vs. Ankalaev,Jairzinho Rozenstruik,Chris Daukaus,us,zewnetrzne,2025-07-27 09:10:07.798897+00:00,latest,1.606061,2.4,id_direct
4e9d76ed54f1f352,2022-12-10,UFC 282: Blachowicz vs. Ankalaev,Edmen Shahbazyan,Dalcha Lungiambula,us,zewnetrzne,2025-07-27 09:10:07.798897+00:00,latest,1.31746,3.6,id_direct
a1a5d06b0e7ada62,2022-12-10,UFC 282: Blachowicz vs. Ankalaev,Alexander Hernandez,Billy Quarantillo,us,zewnetrzne,2025-07-27 09:10:07.798897+00:00,latest,2.4,1.606061,id_swapped
a346180c8b109469,2022-12-10,UFC 282: Blachowicz vs. Ankalaev,Chris Curtis,Joaquin Buckley,us,zewnetrzne,2025-07-27 09:10:07.798897+00:00,latest,2.45,1.588235,id_direct
ecab8b8b36727b8d,2022-12-10,UFC 282: Blachowicz vs. Ankalaev,Dricus Du Plessis,Darren Till,us,zewnetrzne,2025-07-27 09:10:07.798897+00:00,latest,1.512821,2.65,id_swapped
4ea48bf2407b405d,2022-12-17,UFC Fight Night: Cannonier vs. Strickland,Sean Strickland,Jared Cannonier,us,zewnetrzne,2025-07-27 09:10:07.798897+00:00,latest,1.952381,1.869565,id_swapped
5f4e944ff1bdcd9c,2022-12-17,UFC Fight Night: Cannonier vs. Strickland,Matthew Semelsberger,Jake Matthews,us,zewnetrzne,2025-07-27 09:10:07.798897+00:00,latest,3.55,1.327869,id_swapped
8f00da6ea8186ce2,2022-12-17,UFC Fight Night: Cannonier vs. Strickland,Rinat Fakhretdinov,Bryan Battle,us,zewnetrzne,2025-07-27 09:10:07.798897+00:00,latest,1.645161,2.35,id_swapped
9c1a2ac64c98d2f6,2022-12-17,UFC Fight Night: Cannonier vs. Strickland,Alex Caceres,Julian Erosa,us,zewnetrzne,2025-07-27 09:10:07.798897+00:00,latest,2.45,1.588235,id_direct
c960184a583f1861,2022-12-17,UFC Fight Night: Cannonier vs. Strickland,Cory McKenna,Cheyanne Vlismas,us,zewnetrzne,2025-07-27 09:10:07.798897+00:00,latest,2.6,1.526316,id_swapped
ccb7e2851319345d,2022-12-17,UFC Fight Night: Cannonier vs. Strickland,Sergey Morozov,Journey Newson,us,zewnetrzne,2025-07-27 09:10:07.798897+00:00,latest,1.31746,3.6,id_direct
ce7744d45a698aa6,2022-12-17,UFC Fight Night: Cannonier vs. Strickland,Damir Ismagulov,Arman Tsarukyan,us,zewnetrzne,2025-07-27 09:10:07.798897+00:00,latest,2.7,1.5,id_swapped
e0444752d18fda7f,2022-12-17,UFC Fight Night: Cannonier vs. Strickland,Michal Oleksiejczuk,Cody Brundage,us,zewnetrzne,2025-07-27 09:10:07.798897+00:00,latest,1.408163,3.05,id_swapped
ed6203e849a2bf28,2022-12-17,UFC Fight Night: Cannonier vs. Strickland,Said Nurmagomedov,Saidyokub Kakhramonov,us,zewnetrzne,2025-07-27 09:10:07.798897+00:00,latest,1.909091,1.909091,id_direct
efc64d8aae5628c9,2022-12-17,UFC Fight Night: Cannonier vs. Strickland,Maheshate,Rafa Garcia,us,zewnetrzne,2025-07-27 09:10:07.798897+00:00,latest,2.4,1.606061,id_swapped
f87a7812733f7e8f,2022-12-17,UFC Fight Night: Cannonier vs. Strickland,Manel Kape,David Dvorak,us,zewnetrzne,2025-07-27 09:10:07.798897+00:00,latest,1.487805,2.75,id_swapped
622cc4ef46913020,2023-01-14,UFC Fight Night: Strickland vs. Imavov,Ketlen Vieira,Raquel Pennington,us,zewnetrzne,2025-07-27 09:10:07.798897+00:00,latest,1.666667,2.3,id_direct
868c83e734dbbceb,2023-01-14,UFC Fight Night: Strickland vs. Imavov,Sean Strickland,Nassourdine Imavov,us,zewnetrzne,2025-07-27 09:10:07.798897+00:00,latest,2.15,1.740741,id_direct
a4c7d59d340794c0,2023-01-14,UFC Fight Night: Strickland vs. Imavov,Umar Nurmagomedov,Raoni Barcelos,us,zewnetrzne,2025-07-27 09:10:07.798897+00:00,latest,1.095238,8.0,id_direct
b6723b9c6ff4d594,2023-01-14,UFC Fight Night: Strickland vs. Imavov,Jimmy Flick,Charles Johnson,us,zewnetrzne,2025-07-27 09:10:07.798897+00:00,latest,3.95,1.277778,id_swapped
c88a7dbe7717d2da,2023-01-14,UFC Fight Night: Strickland vs. Imavov,Damon Jackson,Dan Ige,us,zewnetrzne,2025-07-27 09:10:07.798897+00:00,latest,2.15,1.740741,id_swapped
c9144a294c73b06f,2023-01-14,UFC Fight Night: Strickland vs. Imavov,Allan Nascimento,Carlos Hernandez,us,zewnetrzne,2025-07-27 09:10:07.798897+00:00,latest,1.307692,3.7,id_direct
d4420be78065de03,2023-01-14,UFC Fight Night: Strickland vs. Imavov,Punahele Soriano,Roman Kopylov,us,zewnetrzne,2025-07-27 09:10:07.798897+00:00,latest,1.714286,2.2,id_direct
0221982930283140,2023-01-21,UFC 283: Teixeira vs. Hill,Jessica Andrade,Lauren Murphy,us,zewnetrzne,2025-07-27 09:10:07.798897+00:00,latest,1.204082,4.9,id_swapped
1c51f405e5c46572,2023-01-21,UFC 283: Teixeira vs. Hill,Gilbert Burns,Neil Magny,us,zewnetrzne,2025-07-27 09:10:07.798897+00:00,latest,1.204082,4.9,id_direct
2d1ac675e6c1e6ea,2023-01-21,UFC 283: Teixeira vs. Hill,Johnny Walker,Paul Craig,us,zewnetrzne,2025-07-27 09:10:07.798897+00:00,latest,1.526316,2.6,id_swapped
a3ef3d05ddd80a94,2023-01-21,UFC 283: Teixeira vs. Hill,Mauricio Rua,Ihor Potieria,us,zewnetrzne,2025-07-27 09:10:07.798897+00:00,latest,2.65,1.512821,id_direct
dde7d29cc443e263,2023-01-21,UFC 283: Teixeira vs. Hill,Jamahal Hill,Glover Teixeira,us,zewnetrzne,2025-07-27 09:10:07.798897+00:00,latest,1.689655,2.25,id_swapped
f09c3d8a26806761,2023-01-21,UFC 283: Teixeira vs. Hill,Nicolas Dalby,Warlley Alves,us,zewnetrzne,2025-07-27 09:10:07.798897+00:00,latest,2.1,1.769231,id_swapped
fcf385ae75191b57,2023-01-21,UFC 283: Teixeira vs. Hill,Josiane Nunes,Zarah Fairn,us,zewnetrzne,2025-07-27 09:10:07.798897+00:00,latest,1.185185,5.2,id_direct
fffdc57255274be1,2023-01-21,UFC 283: Teixeira vs. Hill,Shamil Abdurakhimov,Jailton Almeida,us,zewnetrzne,2025-07-27 09:10:07.798897+00:00,latest,7.75,1.102564,id_direct
7a1abc0230af730c,2023-02-04,UFC Fight Night: Lewis vs. Spivac,Da Woon Jung,Devin Clark,us,zewnetrzne,2025-07-27 09:10:07.798897+00:00,latest,1.363636,3.3,id_direct
8741e6a3a5a22a7f,2023-02-04,UFC Fight Night: Lewis vs. Spivac,Blagoy Ivanov,Marcin Tybura,us,zewnetrzne,2025-07-27 09:10:07.798897+00:00,latest,2.25,1.689655,id_swapped
983fab4080743ed0,2023-02-04,UFC Fight Night: Lewis vs. Spivac,Denis Tiuliulin,JunYong Park,us,zewnetrzne,2025-07-27 09:10:07.798897+00:00,latest,2.7,1.5,id_swapped
caeeb398f73d213a,2023-02-04,UFC Fight Night: Lewis vs. Spivac,Derrick Lewis,Serghei Spivac,us,zewnetrzne,2025-07-27 09:10:07.798897+00:00,latest,3.55,1.327869,id_direct
2208b9f471a201d9,2023-02-11,UFC 284: Makhachev vs. Volkanovski,Yair Rodriguez,Josh Emmett,us,zewnetrzne,2025-07-27 09:10:07.798897+00:00,latest,1.555556,2.55,id_direct
256894b49303537b,2023-02-11,UFC 284: Makhachev vs. Volkanovski,Islam Makhachev,Alexander Volkanovski,us,zewnetrzne,2025-07-27 09:10:07.798897+00:00,latest,1.273973,4.0,id_direct
4f672dd40867d8c6,2023-02-11,UFC 284: Makhachev vs. Volkanovski,Jack Della Maddalena,Randy Brown,us,zewnetrzne,2025-07-27 09:10:07.798897+00:00,latest,1.307692,3.7,id_direct
51a12878b151d67b,2023-02-11,UFC 284: Makhachev vs. Volkanovski,Loma Lookboonmee,Elise Reed,us,zewnetrzne,2025-07-27 09:10:07.798897+00:00,latest,1.289855,3.85,id_direct
8b7bc2af1e15b668,2023-02-11,UFC 284: Makhachev vs. Volkanovski,Josh Culibao,Melsik Baghdasaryan,us,zewnetrzne,2025-07-27 09:10:07.798897+00:00,latest,1.909091,1.909091,id_direct
ca2672e68fedf4b7,2023-02-11,UFC 284: Makhachev vs. Volkanovski,Modestas Bukauskas,Tyson Pedro,us,zewnetrzne,2025-07-27 09:10:07.798897+00:00,latest,2.85,1.465116,id_swapped
da22d5a717ae9e35,2023-02-11,UFC 284: Makhachev vs. Volkanovski,Parker Porter,Justin Tafa,us,zewnetrzne,2025-07-27 09:10:07.798897+00:00,latest,2.0,1.833333,id_swapped
3d46d635f9ae5e68,2023-02-18,UFC Fight Night: Andrade vs. Blanchfield,Ovince Saint Preux,Philipe Lins,us,zewnetrzne,2025-07-27 09:10:07.798897+00:00,latest,2.8,1.47619,id_direct
3f837b469ba33c7c,2023-02-18,UFC Fight Night: Andrade vs. Blanchfield,Zac Pauga,Jordan Wright,us,zewnetrzne,2025-07-27 09:10:07.798897+00:00,latest,1.338983,3.45,id_swapped
682ff095649c9a5c,2023-02-18,UFC Fight Night: Andrade vs. Blanchfield,Alexander Hernandez,Jim Miller,us,zewnetrzne,2025-07-27 09:10:07.798897+00:00,latest,1.47619,2.8,id_swapped
c3a4187fc821bfff,2023-02-18,UFC Fight Night: Andrade vs. Blanchfield,Lina Lansberg,Mayra Bueno Silva,us,zewnetrzne,2025-07-27 09:10:07.798897+00:00,latest,4.9,1.204082,id_direct
dc6f69f923744948,2023-02-18,UFC Fight Night: Andrade vs. Blanchfield,William Knight,Marcin Prachnio,us,zewnetrzne,2025-07-27 09:10:07.798897+00:00,latest,1.769231,2.1,id_direct
dcc3da324eb5f26c,2023-02-18,UFC Fight Night: Andrade vs. Blanchfield,Erin Blanchfield,Jessica Andrade,us,zewnetrzne,2025-07-27 09:10:07.798897+00:00,latest,2.0,1.833333,id_swapped
00a94d5fc7ce55cf,2023-02-25,UFC Fight Night: Muniz vs. Allen,Mike Malott,Yohan Lainesse,us,zewnetrzne,2025-07-27 09:10:07.798897+00:00,latest,1.465116,2.85,id_direct
2ba11e0bf32829d6,2023-02-25,UFC Fight Night: Muniz vs. Allen,Brendan Allen,Andre Muniz,us,zewnetrzne,2025-07-27 09:10:07.798897+00:00,latest,2.75,1.487805,id_swapped
5737084215c45792,2023-02-25,UFC Fight Night: Muniz vs. Allen,Montana De La Rosa,Tatiana Suarez,us,zewnetrzne,2025-07-27 09:10:07.798897+00:00,latest,6.5,1.133333,id_swapped
63670e1b8f164d4a,2023-02-25,UFC Fight Night: Muniz vs. Allen,Ode Osbourne,Charles Johnson,us,zewnetrzne,2025-07-27 09:10:07.798897+00:00,latest,2.45,1.588235,id_direct
d6357dab7ccdf2db,2023-02-25,UFC Fight Night: Muniz vs. Allen,Don'Tale Mayes,Augusto Sakai,us,zewnetrzne,2025-07-27 09:10:07.798897+00:00,latest,2.15,1.740741,id_swapped
009feda296ae589c,2023-03-04,UFC 285: Jones vs. Gane,Viviane Araujo,Amanda Ribas,us,zewnetrzne,2025-07-27 09:10:07.798897+00:00,latest,2.1,1.769231,id_direct
0eb16f1307f66a11,2023-03-04,UFC 285: Jones vs. Gane,Cameron Saaiman,Mana Martinez,us,zewnetrzne,2025-07-27 09:10:07.798897+00:00,latest,1.4,3.1,id_swapped
22fc6b3f4e48cfa3,2023-03-04,UFC 285: Jones vs. Gane,Shavkat Rakhmonov,Geoff Neal,us,zewnetrzne,2025-07-27 09:10:07.798897+00:00,latest,1.2,5.0,id_swapped
636fd144716a3084,2023-03-04,UFC 285: Jones vs. Gane,Jon Jones,Ciryl Gane,us,zewnetrzne,2025-07-27 09:10:07.798897+00:00,latest,1.645161,2.35,id_direct
a69afe4a88c0ca12,2023-03-04,UFC 285: Jones vs. Gane,Valentina Shevchenko,Alexa Grasso,us,zewnetrzne,2025-07-27 09:10:07.798897+00:00,latest,1.166667,5.5,id_direct
c29e2c49e1e417c8,2023-03-04,UFC 285: Jones vs. Gane,Marc-Andre Barriault,Julian Marquez,us,zewnetrzne,2025-07-27 09:10:07.798897+00:00,latest,1.8,2.05,id_swapped
c2fc4c1e0c769655,2023-03-04,UFC 285: Jones vs. Gane,Dricus Du Plessis,Derek Brunson,us,zewnetrzne,2025-07-27 09:10:07.798897+00:00,latest,1.416667,3.0,id_swapped
c3b9b97467f828d1,2023-03-04,UFC 285: Jones vs. Gane,Jessica Penne,Tabatha Ricci,us,zewnetrzne,2025-07-27 09:10:07.798897+00:00,latest,2.95,1.434783,id_direct
ec490d4224d3bc78,2023-03-04,UFC 285: Jones vs. Gane,Cody Garbrandt,Trevin Jones,us,zewnetrzne,2025-07-27 09:10:07.798897+00:00,latest,1.606061,2.4,id_direct
0ccd2593c88209e4,2023-03-11,UFC Fight Night: Yan vs. Dvalishvili,Merab Dvalishvili,Petr Yan,us,zewnetrzne,2025-07-27 09:10:07.798897+00:00,latest,3.1,1.392157,id_swapped
2c58a97f2fe6c985,2023-03-11,UFC Fight Night: Yan vs. Dvalishvili,Mario Bautista,Guido Cannetti,us,zewnetrzne,2025-07-27 09:10:07.798897+00:00,latest,1.083333,8.5,id_direct
3b561a154aa2bbb2,2023-03-11,UFC Fight Night: Yan vs. Dvalishvili,Alexander Volkov,Alexandr Romanov,us,zewnetrzne,2025-07-27 09:10:07.798897+00:00,latest,2.24,1.684932,id_direct
804c350ce714770f,2023-03-11,UFC Fight Night: Yan vs. Dvalishvili,Davey Grant,Raphael Assuncao,us,zewnetrzne,2025-07-27 09:10:07.798897+00:00,latest,1.735294,2.16,id_swapped
b9539d5e379b3edc,2023-03-11,UFC Fight Night: Yan vs. Dvalishvili,Said Nurmagomedov,Jonathan Martinez,us,zewnetrzne,2025-07-27 09:10:07.798897+00:00,latest,1.416667,2.98,id_direct
c3af2b6ab1262fef,2023-03-11,UFC Fight Night: Yan vs. Dvalishvili,Bruno Silva,Tyson Nam,us,zewnetrzne,2025-07-27 09:10:07.798897+00:00,latest,1.555556,2.52,id_swapped
c4e4954beb59eca6,2023-03-11,UFC Fight Night: Yan vs. Dvalishvili,Tony Gravely,Victor Henry,us,zewnetrzne,2025-07-27 09:10:07.798897+00:00,latest,2.2,1.704225,id_swapped
ccb5e29cd0347110,2023-03-11,UFC Fight Night: Yan vs. Dvalishvili,Carlston Harris,Jared Gooden,us,zewnetrzne,2025-07-27 09:10:07.798897+00:00,latest,1.333333,3.45,id_direct
d6945828f5fa7492,2023-03-11,UFC Fight Night: Yan vs. Dvalishvili,Nikita Krylov,Ryan Spann,us,zewnetrzne,2025-07-27 09:10:07.798897+00:00,latest,1.595238,2.42,id_direct
019b4d006800504b,2023-03-18,UFC 286: Edwards vs. Usman 3,Bryan Barberena,Gunnar Nelson,us,zewnetrzne,2025-07-27 09:10:07.798897+00:00,latest,4.1,1.285714,id_swapped
13f5be7a2ea5577e,2023-03-18,UFC 286: Edwards vs. Usman 3,Makwan Amirkhani,Jack Shore,us,zewnetrzne,2025-07-27 09:10:07.798897+00:00,latest,5.2,1.178571,id_swapped
53d6d5ad08ac0694,2023-03-18,UFC 286: Edwards vs. Usman 3,Veronica Hardy,Juliana Miller,us,zewnetrzne,2025-07-27 09:10:07.798897+00:00,latest,3.8,1.285714,id_swapped
5e9c027fb24efc2b,2023-03-18,UFC 286: Edwards vs. Usman 3,Roman Dolidze,Marvin Vettori,us,zewnetrzne,2025-07-27 09:10:07.798897+00:00,latest,3.05,1.4,id_swapped
6068385c48de6801,2023-03-18,UFC 286: Edwards vs. Usman 3,Jake Hadley,Malcolm Gordon,us,zewnetrzne,2025-07-27 09:10:07.798897+00:00,latest,1.188679,4.6,id_direct
8a3e7085e8e5a6e9,2023-03-18,UFC 286: Edwards vs. Usman 3,Joanne Wood,Luana Carolina,us,zewnetrzne,2025-07-27 09:10:07.798897+00:00,latest,1.408163,2.86,id_direct
90a83875e1d11238,2023-03-18,UFC 286: Edwards vs. Usman 3,Justin Gaethje,Rafael Fiziev,us,zewnetrzne,2025-07-27 09:10:07.798897+00:00,latest,3.05,1.4,id_direct
c483ac06b1e33c3b,2023-03-18,UFC 286: Edwards vs. Usman 3,Kamaru Usman,Leon Edwards,us,zewnetrzne,2025-07-27 09:10:07.798897+00:00,latest,1.408163,3.05,id_swapped
dd9cbf6d6284de26,2023-03-18,UFC 286: Edwards vs. Usman 3,Casey O'Neill,Jennifer Maia,us,zewnetrzne,2025-07-27 09:10:07.798897+00:00,latest,1.543478,2.54,id_swapped
07e39fd5f4f23270,2023-03-25,UFC Fight Night: Vera vs. Sandhagen,Preston Parsons,Trevin Giles,us,zewnetrzne,2025-07-27 09:10:07.798897+00:00,latest,1.833333,2.02,id_swapped
1c2d0db1c9eed052,2023-03-25,UFC Fight Night: Vera vs. Sandhagen,Yana Santos,Holly Holm,us,zewnetrzne,2025-07-27 09:10:07.798897+00:00,latest,3.0,1.408163,id_swapped
2f382615155e32b9,2023-03-25,UFC Fight Night: Vera vs. Sandhagen,Albert Duraev,Chidi Njokuani,us,zewnetrzne,2025-07-27 09:10:07.798897+00:00,latest,2.34,1.617284,id_swapped
33fa6793a7f984ac,2023-03-25,UFC Fight Night: Vera vs. Sandhagen,Cory Sandhagen,Marlon Vera,us,zewnetrzne,2025-07-27 09:10:07.798897+00:00,latest,1.735294,2.16,id_swapped
9433730f95d52fc8,2023-03-25,UFC Fight Night: Vera vs. Sandhagen,Andrea Lee,Maycee Barber,us,zewnetrzne,2025-07-27 09:10:07.798897+00:00,latest,3.2,1.37037,id_direct
b9e037a45f8850fb,2023-03-25,UFC Fight Night: Vera vs. Sandhagen,Lucas Alexander,Steven Peterson,us,zewnetrzne,2025-07-27 09:10:07.798897+00:00,latest,2.38,1.609756,id_swapped
bce8ece2ff26b4d4,2023-03-25,UFC Fight Night: Vera vs. Sandhagen,Austin Lingo,Nate Landwehr,us,zewnetrzne,2025-07-27 09:10:07.798897+00:00,latest,2.8,1.465116,id_swapped
c6cc6ae23cbf8a27,2023-03-25,UFC Fight Night: Vera vs. Sandhagen,Daniel Pineda,Tucker Lutz,us,zewnetrzne,2025-07-27 09:10:07.798897+00:00,latest,3.5,1.322581,id_direct
0810cdbeb9dd4d02,2023-04-08,UFC 287: Pereira vs. Adesanya 2,Shayilan Nuerdanbieke,Steve Garcia,us,zewnetrzne,2025-07-27 09:10:07.798897+00:00,latest,1.581395,2.44,id_direct
28e3d939eb043664,2023-04-08,UFC 287: Pereira vs. Adesanya 2,Gerald Meerschaert,Joe Pyfer,us,zewnetrzne,2025-07-27 09:10:07.798897+00:00,latest,2.72,1.487805,id_direct
2cb34fc074f7a9ae,2023-04-08,UFC 287: Pereira vs. Adesanya 2,Christian Rodriguez,Raul Rosas Jr.,us,zewnetrzne,2025-07-27 09:10:07.798897+00:00,latest,3.2,1.37037,id_swapped
3165b03ddc6d3b6e,2023-04-08,UFC 287: Pereira vs. Adesanya 2,Kevin Holland,Santiago Ponzinibbio,us,zewnetrzne,2025-07-27 09:10:07.798897+00:00,latest,1.384615,3.15,id_direct
678d27af287476f8,2023-04-08,UFC 287: Pereira vs. Adesanya 2,Adrian Yanez,Rob Font,us,zewnetrzne,2025-07-27 09:10:07.798897+00:00,latest,1.47619,2.76,id_swapped
71ea7d7985dad804,2023-04-08,UFC 287: Pereira vs. Adesanya 2,Gilbert Burns,Jorge Masvidal,us,zewnetrzne,2025-07-27 09:10:07.798897+00:00,latest,1.222222,4.6,id_direct
780147f2ed2637d1,2023-04-08,UFC 287: Pereira vs. Adesanya 2,Loopy Godinez,Cynthia Calvillo,us,zewnetrzne,2025-07-27 09:10:07.798897+00:00,latest,1.392157,3.1,id_swapped
95349402616097cd,2023-04-08,UFC 287: Pereira vs. Adesanya 2,Luana Pinheiro,Michelle Waterson-Gomez,us,zewnetrzne,2025-07-27 09:10:07.798897+00:00,latest,1.641026,2.32,id_swapped
bbc76ff9e1b1b142,2023-04-08,UFC 287: Pereira vs. Adesanya 2,Chris Curtis,Kelvin Gastelum,us,zewnetrzne,2025-07-27 09:10:07.798897+00:00,latest,2.1,1.769231,id_direct
d7022b6058dbb26b,2023-04-08,UFC 287: Pereira vs. Adesanya 2,Trey Ogden,Ignacio Bahamondes,us,zewnetrzne,2025-07-27 09:10:07.798897+00:00,latest,4.1,1.25641,id_swapped
50e675146cda6e7c,2023-04-15,UFC Fight Night: Holloway vs. Allen,Ed Herman,Zak Cummings,us,zewnetrzne,2025-07-27 09:10:07.798897+00:00,latest,2.84,1.454545,id_swapped
6049301b4deea035,2023-04-15,UFC Fight Night: Holloway vs. Allen,Arnold Allen,Max Holloway,us,zewnetrzne,2025-07-27 09:10:07.798897+00:00,latest,2.44,1.581395,id_swapped
68c1b833ed8849a3,2023-04-15,UFC Fight Night: Holloway vs. Allen,Gillian Robertson,Piera Rodriguez,us,zewnetrzne,2025-07-27 09:10:07.798897+00:00,latest,1.793651,2.08,id_direct
792f139c2b9fd294,2023-04-15,UFC Fight Night: Holloway vs. Allen,Dustin Jacoby,Azamat Murzakanov,us,zewnetrzne,2025-07-27 09:10:07.798897+00:00,latest,1.617284,2.36,id_direct
83c81018bb3aeebf,2023-04-15,UFC Fight Night: Holloway vs. Allen,Edson Barboza,Billy Quarantillo,us,zewnetrzne,2025-07-27 09:10:07.798897+00:00,latest,2.46,1.574713,id_direct
8b2b2562884821a7,2023-04-15,UFC Fight Night: Holloway vs. Allen,Lucie Pudilova,Joselyne Edwards,us,zewnetrzne,2025-07-27 09:10:07.798897+00:00,latest,1.746269,2.14,id_swapped
995e79b951da945b,2023-04-15,UFC Fight Night: Holloway vs. Allen,Tanner Boser,Ion Cutelaba,us,zewnetrzne,2025-07-27 09:10:07.798897+00:00,latest,2.08,1.769231,id_direct
b01e6e97d66681c5,2023-04-15,UFC Fight Night: Holloway vs. Allen,Bill Algeo,TJ Brown,us,zewnetrzne,2025-07-27 09:10:07.798897+00:00,latest,1.5,2.68,id_direct
bbde45b2c766bb67,2023-04-15,UFC Fight Night: Holloway vs. Allen,Matheus Nicolau,Brandon Royval,us,zewnetrzne,2025-07-27 09:10:07.798897+00:00,latest,1.510204,2.64,id_swapped
bdbddbc00d07dc4b,2023-04-15,UFC Fight Night: Holloway vs. Allen,Clay Guida,Rafa Garcia,us,zewnetrzne,2025-07-27 09:10:07.798897+00:00,latest,3.35,1.344828,id_direct
cef255a992ba7af3,2023-04-15,UFC Fight Night: Holloway vs. Allen,Daniel Zellhuber,Lando Vannata,us,zewnetrzne,2025-07-27 09:10:07.798897+00:00,latest,1.769231,2.08,id_swapped
d856812dc733690a,2023-04-15,UFC Fight Night: Holloway vs. Allen,Chris Gutierrez,Pedro Munhoz,us,zewnetrzne,2025-07-27 09:10:07.798897+00:00,latest,1.47619,2.76,id_swapped
01aa5949ac6851f3,2023-04-22,UFC Fight Night: Pavlovich vs. Blaydes,Karol Rosa,Norma Dumont,us,zewnetrzne,2025-07-27 09:10:07.798897+00:00,latest,1.980392,1.862069,id_direct
034cbbec91f67852,2023-04-22,UFC Fight Night: Pavlovich vs. Blaydes,Rani Yahya,Montel Jackson,us,zewnetrzne,2025-07-27 09:10:07.798897+00:00,latest,5.4,1.169492,id_direct
06d9fb9c995f1e4f,2023-04-22,UFC Fight Night: Pavlovich vs. Blaydes,Matthew Semelsberger,Jeremiah Wells,us,zewnetrzne,2025-07-27 09:10:07.798897+00:00,latest,1.862069,1.980392,id_swapped
16628e25a043043a,2023-04-22,UFC Fight Night: Pavlovich vs. Blaydes,Ricky Glenn,Christos Giagos,us,zewnetrzne,2025-07-27 09:10:07.798897+00:00,latest,1.609756,2.38,id_direct
20c0f50c11509301,2023-04-22,UFC Fight Night: Pavlovich vs. Blaydes,Brogan Walker,Iasmin Lucindo,us,zewnetrzne,2025-07-27 09:10:07.798897+00:00,latest,4.0,1.266667,id_swapped
277233ca9ea25674,2023-04-22,UFC Fight Night: Pavlovich vs. Blaydes,Batgerel Danaa,Brady Hiestand,us,zewnetrzne,2025-07-27 09:10:07.798897+00:00,latest,1.632911,2.34,id_swapped
856468ba24a37fcc,2023-04-22,UFC Fight Night: Pavlovich vs. Blaydes,Sergei Pavlovich,Curtis Blaydes,us,zewnetrzne,2025-07-27 09:10:07.798897+00:00,latest,2.12,1.757576,id_direct
a941c4e25ddddfff,2023-04-22,UFC Fight Night: Pavlovich vs. Blaydes,Francis Marshall,William Gomis,us,zewnetrzne,2025-07-27 09:10:07.798897+00:00,latest,1.510204,2.64,id_direct
d00d5ef4ae0ac01b,2023-04-22,UFC Fight Night: Pavlovich vs. Blaydes,Brad Tavares,Bruno Silva,us,zewnetrzne,2025-07-27 09:10:07.798897+00:00,latest,1.617284,2.36,id_direct
2b1ac5d8f98639bf,2023-04-29,UFC Fight Night: Song vs. Simon,Ricky Simon,Song Yadong,us,zewnetrzne,2025-07-27 09:10:07.798897+00:00,latest,1.694444,2.22,id_swapped
37ae5c09d6f03f33,2023-04-29,UFC Fight Night: Song vs. Simon,Rodolfo Vieira,Cody Brundage,us,zewnetrzne,2025-07-27 09:10:07.798897+00:00,latest,1.4,3.05,id_direct
5d11b618f24082dd,2023-04-29,UFC Fight Night: Song vs. Simon,Martin Buday,Jake Collier,us,zewnetrzne,2025-07-27 09:10:07.798897+00:00,latest,1.694444,2.22,id_direct
8dbfbd8f8bd0f00b,2023-04-29,UFC Fight Night: Song vs. Simon,Marcos Rogerio de Lima,Waldo Cortes-Acosta,us,zewnetrzne,2025-07-27 09:10:07.798897+00:00,latest,1.574713,2.46,id_direct
ca63933f8c898fa2,2023-04-29,UFC Fight Night: Song vs. Simon,Cody Durden,Charles Johnson,us,zewnetrzne,2025-07-27 09:10:07.798897+00:00,latest,2.22,1.694444,id_direct
ecec1b0dd64ca2ae,2023-04-29,UFC Fight Night: Song vs. Simon,Michal Oleksiejczuk,Caio Borralho,us,zewnetrzne,2025-07-27 09:10:07.798897+00:00,latest,4.1,1.25641,id_swapped
0c6e3c1f03cd4061,2023-05-06,UFC 288: Sterling vs. Cejudo,Kron Gracie,Charles Jourdain,us,zewnetrzne,2025-07-27 09:10:07.798897+00:00,latest,2.42,1.595238,id_direct
3f8b4aeb3baf4724,2023-05-06,UFC 288: Sterling vs. Cejudo,Drew Dober,Matt Frevola,us,zewnetrzne,2025-07-27 09:10:07.798897+00:00,latest,1.444444,2.88,id_direct
5f44d6d9e6bbecff,2023-05-06,UFC 288: Sterling vs. Cejudo,Virna Jandiroba,Marina Rodriguez,us,zewnetrzne,2025-07-27 09:10:07.798897+00:00,latest,2.02,1.833333,id_swapped
93fb6c7e590487f9,2023-05-06,UFC 288: Sterling vs. Cejudo,Joseph Holmes,Claudio Ribeiro,us,zewnetrzne,2025-07-27 09:10:07.798897+00:00,latest,2.36,1.617284,id_direct
c3ca708aaf4262a7,2023-05-06,UFC 288: Sterling vs. Cejudo,Kennedy Nzechukwu,Devin Clark,us,zewnetrzne,2025-07-27 09:10:07.798897+00:00,latest,1.543478,2.54,id_direct
e3aad51099a23ba4,2023-05-06,UFC 288: Sterling vs. Cejudo,Henry Cejudo,Aljamain Sterling,us,zewnetrzne,2025-07-27 09:10:07.798897+00:00,latest,2.0,1.833333,id_swapped
ed707998b13d0101,2023-05-06,UFC 288: Sterling vs. Cejudo,Gilbert Burns,Belal Muhammad,us,zewnetrzne,2025-07-27 09:10:07.798897+00:00,latest,1.657895,2.28,id_swapped
14e689e60419d469,2023-05-13,UFC Fight Night: Rozenstruik vs. Almeida,Douglas Silva de Andrade,Cody Stamann,us,zewnetrzne,2025-07-27 09:10:07.798897+00:00,latest,2.3,1.641026,id_swapped
3387f430abb7e39f,2023-05-13,UFC Fight Night: Rozenstruik vs. Almeida,Chase Sherman,Karl Williams,us,zewnetrzne,2025-07-27 09:10:07.798897+00:00,latest,4.3,1.238095,id_swapped
6ca856d1950d8f7f,2023-05-13,UFC Fight Night: Rozenstruik vs. Almeida,Mandy Bohm,Ji Yeon Kim,us,zewnetrzne,2025-07-27 09:10:07.798897+00:00,latest,2.98,1.416667,id_swapped
755202fce24b8f83,2023-05-13,UFC Fight Night: Rozenstruik vs. Almeida,Jairzinho Rozenstruik,Jailton Almeida,us,zewnetrzne,2025-07-27 09:10:07.798897+00:00,latest,4.9,1.196078,id_direct
81fda78adcaedbc7,2023-05-13,UFC Fight Night: Rozenstruik vs. Almeida,Gabe Green,Bryan Battle,us,zewnetrzne,2025-07-27 09:10:07.798897+00:00,latest,1.735294,2.08,id_swapped
838a022ca5d99cc1,2023-05-13,UFC Fight Night: Rozenstruik vs. Almeida,Tim Means,Alex Morono,us,zewnetrzne,2025-07-27 09:10:07.798897+00:00,latest,2.84,1.454545,id_direct
b0f4c7788782e26e,2023-05-13,UFC Fight Night: Rozenstruik vs. Almeida,Ian Machado Garry,Daniel Rodriguez,us,zewnetrzne,2025-07-27 09:10:07.798897+00:00,latest,1.333333,3.45,id_swapped
c501576b8ec35758,2023-05-13,UFC Fight Night: Rozenstruik vs. Almeida,Johnny Walker,Anthony Smith,us,zewnetrzne,2025-07-27 09:10:07.798897+00:00,latest,1.862069,1.980392,id_swapped
dae2484418631ff5,2023-05-13,UFC Fight Night: Rozenstruik vs. Almeida,Ihor Potieria,Carlos Ulberg,us,zewnetrzne,2025-07-27 09:10:07.798897+00:00,latest,4.8,1.204082,id_swapped
f2ced83baf0457fc,2023-05-13,UFC Fight Night: Rozenstruik vs. Almeida,Matt Brown,Court McGee,us,zewnetrzne,2025-07-27 09:10:07.798897+00:00,latest,2.9,1.434783,id_direct
12683e06369d1a83,2023-05-20,UFC Fight Night: Dern vs. Hill,Michael Johnson,Diego Ferreira,us,zewnetrzne,2025-07-27 09:10:07.798897+00:00,latest,2.24,1.684932,id_swapped
33007109c9ca1ede,2023-05-20,UFC Fight Night: Dern vs. Hill,Vanessa Demopoulos,Karolina Kowalkiewicz,us,zewnetrzne,2025-07-27 09:10:07.798897+00:00,latest,2.22,1.694444,id_swapped
3638ee66c7d34fe0,2023-05-20,UFC Fight Night: Dern vs. Hill,Anthony Hernandez,Edmen Shahbazyan,us,zewnetrzne,2025-07-27 09:10:07.798897+00:00,latest,1.454545,2.84,id_swapped
49bd9a2f1fbebd1f,2023-05-20,UFC Fight Night: Dern vs. Hill,Viacheslav Borshchev,Maheshate,us,zewnetrzne,2025-07-27 09:10:07.798897+00:00,latest,1.60241,2.4,id_swapped
73700c8c5107f719,2023-05-20,UFC Fight Night: Dern vs. Hill,Andre Fialho,Joaquin Buckley,us,zewnetrzne,2025-07-27 09:10:07.798897+00:00,latest,2.94,1.425532,id_direct
744cbe6e49d4f41c,2023-05-20,UFC Fight Night: Dern vs. Hill,Natalia Silva,Victoria Leonardo,us,zewnetrzne,2025-07-27 09:10:07.798897+00:00,latest,1.083333,7.3,id_direct
7d583e4002622848,2023-05-20,UFC Fight Night: Dern vs. Hill,Orion Cosce,Gilbert Urbina,us,zewnetrzne,2025-07-27 09:10:07.798897+00:00,latest,2.06,1.806452,id_direct
8502f245aabd64ac,2023-05-20,UFC Fight Night: Dern vs. Hill,Themba Gorimbo,Takashi Sato,us,zewnetrzne,2025-07-27 09:10:07.798897+00:00,latest,1.704225,2.2,id_swapped
924f982f0d9d2142,2023-05-20,UFC Fight Night: Dern vs. Hill,Emily Ducote,Loopy Godinez,us,zewnetrzne,2025-07-27 09:10:07.798897+00:00,latest,2.16,1.735294,id_direct
cb9654746447b934,2023-05-20,UFC Fight Night: Dern vs. Hill,Mackenzie Dern,Angela Hill,us,zewnetrzne,2025-07-27 09:10:07.798897+00:00,latest,1.617284,2.36,id_direct
eca400aeeb2763d1,2023-05-20,UFC Fight Night: Dern vs. Hill,Nick Fiore,Chase Hooper,us,zewnetrzne,2025-07-27 09:10:07.798897+00:00,latest,1.833333,2.02,id_swapped
fb70b62915fdcec6,2023-05-20,UFC Fight Night: Dern vs. Hill,Rodrigo Nascimento,Ilir Latifi,us,zewnetrzne,2025-07-27 09:10:07.798897+00:00,latest,1.505051,2.66,id_swapped
5459c3bb88d031f9,2023-06-03,UFC Fight Night: Kara-France vs. Albazi,Don'Tale Mayes,Andrei Arlovski,us,zewnetrzne,2025-07-27 09:10:07.798897+00:00,latest,1.735294,2.16,id_swapped
72bb7605e340a8fe,2023-06-03,UFC Fight Night: Kara-France vs. Albazi,Luan Lacerda,Da'Mon Blackshear,us,zewnetrzne,2025-07-27 09:10:07.798897+00:00,latest,1.641026,2.32,id_swapped
7be3e513a31f6570,2023-06-03,UFC Fight Night: Kara-France vs. Albazi,Daniel Pineda,Alex Caceres,us,zewnetrzne,2025-07-27 09:10:07.798897+00:00,latest,2.52,1.555556,id_swapped
84f60cb00b8d4187,2023-06-03,UFC Fight Night: Kara-France vs. Albazi,Daniel Santos,Johnny Munoz,us,zewnetrzne,2025-07-27 09:10:07.798897+00:00,latest,1.444444,2.88,id_direct
913d8a35095591d5,2023-06-03,UFC Fight Night: Kara-France vs. Albazi,Tim Elliott,Victor Altamirano,us,zewnetrzne,2025-07-27 09:10:07.798897+00:00,latest,1.574713,2.46,id_direct
99808befeece3a8a,2023-06-03,UFC Fight Night: Kara-France vs. Albazi,Philipe Lins,Maxim Grishin,us,zewnetrzne,2025-07-27 09:10:07.798897+00:00,latest,2.04,1.819672,id_direct
a122968e96068800,2023-06-03,UFC Fight Night: Kara-France vs. Albazi,Abubakar Nurmagomedov,Elizeu Zaleski dos Santos,us,zewnetrzne,2025-07-27 09:10:07.798897+00:00,latest,1.833333,2.02,id_direct
d7ae0993c7a378ee,2023-06-03,UFC Fight Night: Kara-France vs. Albazi,Amir Albazi,Kai Kara-France,us,zewnetrzne,2025-07-27 09:10:07.798897+00:00,latest,1.862069,1.980392,id_swapped
dfc62aa72446e4a8,2023-06-03,UFC Fight Night: Kara-France vs. Albazi,Elise Reed,Jinh Yu Frey,us,zewnetrzne,2025-07-27 09:10:07.798897+00:00,latest,1.757576,2.12,id_direct
1676c64a94be0557,2023-06-10,UFC 289: Nunes vs. Aldana,Maria Oliveira,Diana Belbita,us,zewnetrzne,2025-07-27 09:10:07.798897+00:00,latest,2.14,1.684932,id_swapped
46c67efd68a0b15d,2023-06-10,UFC 289: Nunes vs. Aldana,Nate Landwehr,Dan Ige,us,zewnetrzne,2025-07-27 09:10:07.798897+00:00,latest,3.2,1.37037,id_swapped
47a5d4bb68352055,2023-06-10,UFC 289: Nunes vs. Aldana,Jasmine Jasudavicius,Miranda Maverick,us,zewnetrzne,2025-07-27 09:10:07.798897+00:00,latest,2.94,1.425532,id_swapped
5311298f79414125,2023-06-10,UFC 289: Nunes vs. Aldana,Marc-Andre Barriault,Eryk Anders,us,zewnetrzne,2025-07-27 09:10:07.798897+00:00,latest,1.632911,2.34,id_direct
69bc7ca8ce831731,2023-06-10,UFC 289: Nunes vs. Aldana,Irene Aldana,Amanda Nunes,us,zewnetrzne,2025-07-27 09:10:07.798897+00:00,latest,3.7,1.298507,id_swapped
7ee8b91d7f80f8a7,2023-06-10,UFC 289: Nunes vs. Aldana,Kyle Nelson,Blake Bilder,us,zewnetrzne,2025-07-27 09:10:07.798897+00:00,latest,3.25,1.363636,id_direct
e24b65cd8721349a,2023-06-10,UFC 289: Nunes vs. Aldana,Aiemann Zahabi,Aoriqileng,us,zewnetrzne,2025-07-27 09:10:07.798897+00:00,latest,2.06,1.806452,id_direct
e9d5ffcacf7d8757,2023-06-10,UFC 289: Nunes vs. Aldana,Adam Fugitt,Mike Malott,us,zewnetrzne,2025-07-27 09:10:07.798897+00:00,latest,2.84,1.454545,id_swapped
175d9e1ac0725145,2023-06-17,UFC Fight Night: Vettori vs. Cannonier,Jared Cannonier,Marvin Vettori,us,zewnetrzne,2025-07-27 09:10:07.798897+00:00,latest,2.06,1.806452,id_swapped
5d9b84493f1ed114,2023-06-17,UFC Fight Night: Vettori vs. Cannonier,Armen Petrosyan,Christian Leroy Duncan,us,zewnetrzne,2025-07-27 09:10:07.798897+00:00,latest,2.32,1.641026,id_direct
6c2199524d762b11,2023-06-17,UFC Fight Night: Vettori vs. Cannonier,Joaquim Silva,Arman Tsarukyan,us,zewnetrzne,2025-07-27 09:10:07.798897+00:00,latest,8.5,1.083333,id_swapped
76fd6919d828d5c2,2023-06-17,UFC Fight Night: Vettori vs. Cannonier,Lucas Almeida,Pat Sabatini,us,zewnetrzne,2025-07-27 09:10:07.798897+00:00,latest,2.6,1.526316,id_swapped
7ba54a10f28c9496,2023-06-17,UFC Fight Night: Vettori vs. Cannonier,Cristian Quinonez,Kyung Ho Kang,us,zewnetrzne,2025-07-27 09:10:07.798897+00:00,latest,1.694444,2.22,id_swapped
8794031c523bf534,2023-06-17,UFC Fight Night: Vettori vs. Cannonier,Modestas Bukauskas,Zac Pauga,us,zewnetrzne,2025-07-27 09:10:07.798897+00:00,latest,1.505051,2.66,id_swapped
8ea12c7360fa0f6b,2023-06-17,UFC Fight Night: Vettori vs. Cannonier,Denys Bondar,Carlos Hernandez,us,zewnetrzne,2025-07-27 09:10:07.798897+00:00,latest,1.704225,2.2,id_swapped
98458778348ea5d7,2023-06-17,UFC Fight Night: Vettori vs. Cannonier,Manuel Torres,Nikolas Motta,us,zewnetrzne,2025-07-27 09:10:07.798897+00:00,latest,1.526316,2.6,id_direct
9cfb84817a43b63c,2023-06-17,UFC Fight Night: Vettori vs. Cannonier,Tereza Bleda,Gabriella Fernandes,us,zewnetrzne,2025-07-27 09:10:07.798897+00:00,latest,1.425532,2.94,id_direct
bc1be168c064f028,2023-06-17,UFC Fight Night: Vettori vs. Cannonier,Jimmy Flick,Alessandro Costa,us,zewnetrzne,2025-07-27 09:10:07.798897+00:00,latest,3.35,1.344828,id_direct
07cb64236ae7aaea,2023-06-24,UFC Fight Night: Emmett vs. Topuria,Maycee Barber,Amanda Ribas,us,zewnetrzne,2025-07-27 09:10:07.798897+00:00,latest,2.68,1.5,id_swapped
42922bab8a3e1828,2023-06-24,UFC Fight Night: Emmett vs. Topuria,Wellington Turman,Randy Brown,us,zewnetrzne,2025-07-27 09:10:07.798897+00:00,latest,2.96,1.384615,id_swapped
582806c33ce6dcf6,2023-06-24,UFC Fight Night: Emmett vs. Topuria,Gabriel Santos,David Onama,us,zewnetrzne,2025-07-27 09:10:07.798897+00:00,latest,1.444444,2.88,id_swapped
7b909acede0a26eb,2023-06-24,UFC Fight Night: Emmett vs. Topuria,Sedriques Dumas,Cody Brundage,us,zewnetrzne,2025-07-27 09:10:07.798897+00:00,latest,2.8,1.609756,id_swapped
8b296724a6844865,2023-06-24,UFC Fight Night: Emmett vs. Topuria,Mateusz Rebecki,Loik Radzhabov,us,zewnetrzne,2025-07-27 09:10:07.798897+00:00,latest,1.769231,2.08,id_direct
9124740fe7816d70,2023-06-24,UFC Fight Night: Emmett vs. Topuria,Bruno Silva,Brendan Allen,us,zewnetrzne,2025-07-27 09:10:07.798897+00:00,latest,2.88,1.444444,id_swapped
c22de92b9d9030dc,2023-06-24,UFC Fight Night: Emmett vs. Topuria,Gillian Robertson,Tabatha Ricci,us,zewnetrzne,2025-07-27 09:10:07.798897+00:00,latest,2.08,1.724638,id_swapped
c3ef3cb03edde8bb,2023-06-24,UFC Fight Night: Emmett vs. Topuria,Ilia Topuria,Josh Emmett,us,zewnetrzne,2025-07-27 09:10:07.798897+00:00,latest,1.25641,4.1,id_swapped
ced01368259428f5,2023-06-24,UFC Fight Night: Emmett vs. Topuria,Neil Magny,Phil Rowe,us,zewnetrzne,2025-07-27 09:10:07.798897+00:00,latest,1.581395,2.44,id_direct
fcc1191761e365f9,2023-06-24,UFC Fight Night: Emmett vs. Topuria,Jack Jenkins,Jamall Emmers,us,zewnetrzne,2025-07-27 09:10:07.798897+00:00,latest,2.68,1.5,id_swapped
0548a24a9bf8d7a0,2023-07-01,UFC Fight Night: Strickland vs. Magomedov,Max Griffin,Michael Morales,us,zewnetrzne,2025-07-27 09:10:07.798897+00:00,latest,3.05,1.4,id_direct
4dc5a41f357a7d85,2023-07-01,UFC Fight Night: Strickland vs. Magomedov,Damir Ismagulov,Grant Dawson,us,zewnetrzne,2025-07-27 09:10:07.798897+00:00,latest,1.862069,1.980392,id_direct
f557405652165aa3,2023-07-01,UFC Fight Night: Strickland vs. Magomedov,Sean Strickland,Abus Magomedov,us,zewnetrzne,2025-07-27 09:10:07.798897+00:00,latest,1.617284,2.36,id_direct
420f7e6530dbc727,2023-07-08,UFC 290: Volkanovski vs. Rodriguez,Shannon Ross,Jesus Aguilar,us,zewnetrzne,2025-07-27 09:10:07.798897+00:00,latest,2.28,1.657895,id_direct
5b71958ee063a6e8,2023-07-08,UFC 290: Volkanovski vs. Rodriguez,Esteban Ribovics,Kamuela Kirk,us,zewnetrzne,2025-07-27 09:10:07.798897+00:00,latest,1.555556,2.4,id_swapped
69f67a4a690eb15d,2023-07-08,UFC 290: Volkanovski vs. Rodriguez,Marcin Prachnio,Vitor Petrino,us,zewnetrzne,2025-07-27 09:10:07.798897+00:00,latest,3.2,1.37037,id_swapped
3624f4ae9c1d703e,2023-07-15,UFC Fight Night: Holm vs. Bueno Silva,Genaro Valdez,Evan Elder,us,zewnetrzne,2025-07-27 09:10:07.798897+00:00,latest,3.45,1.333333,id_swapped
57785c9be5b4526d,2023-07-15,UFC Fight Night: Holm vs. Bueno Silva,Carl Deaton,Alexander Munoz,us,zewnetrzne,2025-07-27 09:10:07.798897+00:00,latest,2.76,1.47619,id_swapped
6adfe44b110c1510,2023-07-15,UFC Fight Night: Holm vs. Bueno Silva,JunYong Park,Albert Duraev,us,zewnetrzne,2025-07-27 09:10:07.798897+00:00,latest,1.649351,2.3,id_swapped
81b7a6aa147bd912,2023-07-15,UFC Fight Night: Holm vs. Bueno Silva,Chelsea Chandler,Norma Dumont,us,zewnetrzne,2025-07-27 09:10:07.798897+00:00,latest,2.2,1.704225,id_swapped
8362b372adb2f302,2023-07-15,UFC Fight Night: Holm vs. Bueno Silva,Tucker Lutz,Melsik Baghdasaryan,us,zewnetrzne,2025-07-27 09:10:07.798897+00:00,latest,2.26,1.675676,id_direct
b4cc389bb4af3707,2023-07-15,UFC Fight Night: Holm vs. Bueno Silva,Melquizael Costa,Austin Lingo,us,zewnetrzne,2025-07-27 09:10:07.798897+00:00,latest,1.444444,2.88,id_swapped
b52dccbe69864d2a,2023-07-15,UFC Fight Night: Holm vs. Bueno Silva,Francisco Prado,Ottman Azaitar,us,zewnetrzne,2025-07-27 09:10:07.798897+00:00,latest,1.892857,1.961538,id_swapped
cae7de0873e03947,2023-07-15,UFC Fight Night: Holm vs. Bueno Silva,Ailin Perez,Ashlee Evans-Smith,us,zewnetrzne,2025-07-27 09:10:07.798897+00:00,latest,1.392157,3.1,id_swapped
e4620f3fa451a3a4,2023-07-15,UFC Fight Night: Holm vs. Bueno Silva,Terrance McKinney,Nazim Sadykhov,us,zewnetrzne,2025-07-27 09:10:07.798897+00:00,latest,2.36,1.617284,id_swapped
319b96f615a0a154,2023-07-22,UFC Fight Night: Aspinall vs. Tybura,Marc Diakiese,Joel Alvarez,us,zewnetrzne,2025-07-27 09:10:07.798897+00:00,latest,2.6,1.526316,id_direct
3c4305abc2e302d0,2023-07-22,UFC Fight Night: Aspinall vs. Tybura,Lerone Murphy,Josh Culibao,us,zewnetrzne,2025-07-27 09:10:07.798897+00:00,latest,1.714286,2.2,id_direct
743a04674ab72ee0,2023-07-22,UFC Fight Night: Aspinall vs. Tybura,Molly McCann,Julija Stoliarenko,us,zewnetrzne,2025-07-27 09:10:07.798897+00:00,latest,1.487805,2.75,id_direct
8104fe27bdc46914,2023-07-22,UFC Fight Night: Aspinall vs. Tybura,Andre Muniz,Paul Craig,us,zewnetrzne,2025-07-27 09:10:07.798897+00:00,latest,1.416667,3.0,id_swapped
8b341eb556c97c23,2023-07-22,UFC Fight Night: Aspinall vs. Tybura,Bryan Barberena,Makhmud Muradov,us,zewnetrzne,2025-07-27 09:10:07.798897+00:00,latest,3.7,1.307692,id_swapped
90e46589a18064bc,2023-07-22,UFC Fight Night: Aspinall vs. Tybura,Tom Aspinall,Marcin Tybura,us,zewnetrzne,2025-07-27 09:10:07.798897+00:00,latest,1.2,5.0,id_direct
9541cf21e031354c,2023-07-22,UFC Fight Night: Aspinall vs. Tybura,Nathaniel Wood,Andre Fili,us,zewnetrzne,2025-07-27 09:10:07.798897+00:00,latest,1.47619,2.8,id_direct
a0bc695b35f155f1,2023-07-22,UFC Fight Night: Aspinall vs. Tybura,Pannie Kianzad,Ketlen Vieira,us,zewnetrzne,2025-07-27 09:10:07.798897+00:00,latest,2.35,1.645161,id_swapped
a8a4c9f98ff73839,2023-07-22,UFC Fight Night: Aspinall vs. Tybura,Yanal Ashmouz,Chris Duncan,us,zewnetrzne,2025-07-27 09:10:07.798897+00:00,latest,2.2,1.714286,id_swapped
b4e2037f180c1e0e,2023-07-22,UFC Fight Night: Aspinall vs. Tybura,Davey Grant,Daniel Marcos,us,zewnetrzne,2025-07-27 09:10:07.798897+00:00,latest,2.3,1.666667,id_direct
c4caa8a4f32a0eed,2023-07-22,UFC Fight Night: Aspinall vs. Tybura,Fares Ziam,Jai Herbert,us,zewnetrzne,2025-07-27 09:10:07.798897+00:00,latest,1.571429,2.5,id_swapped
4327fe98e1b6f222,2023-07-29,UFC 291: Poirier vs. Gaethje 2,Gabriel Bonfim,Trevin Giles,us,zewnetrzne,2025-07-27 09:10:07.798897+00:00,latest,1.277778,3.95,id_direct
5116f9398bfca446,2023-07-29,UFC 291: Poirier vs. Gaethje 2,Claudio Ribeiro,Roman Kopylov,us,zewnetrzne,2025-07-27 09:10:07.798897+00:00,latest,2.95,1.416667,id_swapped
800a35b3a7e52308,2023-07-29,UFC 291: Poirier vs. Gaethje 2,Jan Blachowicz,Alex Pereira,us,zewnetrzne,2025-07-27 09:10:07.798897+00:00,latest,2.0,1.833333,id_direct
c27e33ee8ef53866,2023-07-29,UFC 291: Poirier vs. Gaethje 2,Dustin Poirier,Justin Gaethje,us,zewnetrzne,2025-07-27 09:10:07.798897+00:00,latest,1.689655,2.25,id_direct
cbf1e76186a0c8b3,2023-07-29,UFC 291: Poirier vs. Gaethje 2,Kevin Holland,Michael Chiesa,us,zewnetrzne,2025-07-27 09:10:07.798897+00:00,latest,1.740741,2.15,id_swapped
e5ac7343b6d45188,2023-07-29,UFC 291: Poirier vs. Gaethje 2,CJ Vergara,Vinicius Salvador,us,zewnetrzne,2025-07-27 09:10:07.798897+00:00,latest,1.555556,2.45,id_direct
eff6ec2b2f1fb27b,2023-07-29,UFC 291: Poirier vs. Gaethje 2,Marcos Rogerio de Lima,Derrick Lewis,us,zewnetrzne,2025-07-27 09:10:07.798897+00:00,latest,1.465116,2.85,id_swapped
2c0496a5f39ab8a4,2023-08-05,UFC Fight Night: Sandhagen vs. Font,Tanner Boser,Aleksa Camur,us,zewnetrzne,2025-07-27 09:10:07.798897+00:00,latest,1.769231,2.1,id_direct
2c54be25b09fce50,2023-08-05,UFC Fight Night: Sandhagen vs. Font,Kennedy Nzechukwu,Dustin Jacoby,us,zewnetrzne,2025-07-27 09:10:07.798897+00:00,latest,1.588235,2.42,id_swapped
531ce3d8011fa1f6,2023-08-05,UFC Fight Night: Sandhagen vs. Font,Ludovit Klein,Ignacio Bahamondes,us,zewnetrzne,2025-07-27 09:10:07.798897+00:00,latest,2.9,1.434783,id_swapped
554163b1c8c05522,2023-08-05,UFC Fight Night: Sandhagen vs. Font,Rob Font,Cory Sandhagen,us,zewnetrzne,2025-07-27 09:10:07.798897+00:00,latest,4.0,1.263158,id_swapped
79bfba62da6242a6,2023-08-05,UFC Fight Night: Sandhagen vs. Font,Gavin Tucker,Diego Lopes,us,zewnetrzne,2025-07-27 09:10:07.798897+00:00,latest,2.42,1.588235,id_swapped
bda7992779a005fa,2023-08-05,UFC Fight Night: Sandhagen vs. Font,Carlston Harris,Jeremiah Wells,us,zewnetrzne,2025-07-27 09:10:07.798897+00:00,latest,1.980392,1.847458,id_swapped
e5cb9dfc1189d77d,2023-08-05,UFC Fight Night: Sandhagen vs. Font,Kyler Phillips,Raoni Barcelos,us,zewnetrzne,2025-07-27 09:10:07.798897+00:00,latest,1.458716,2.8,id_direct
ec2358459ffbe7de,2023-08-05,UFC Fight Night: Sandhagen vs. Font,Jessica Andrade,Tatiana Suarez,us,zewnetrzne,2025-07-27 09:10:07.798897+00:00,latest,3.95,1.266667,id_direct
1b1fd32485861655,2023-08-12,UFC Fight Night: Luque vs. Dos Anjos,Hakeem Dawodu,Cub Swanson,us,zewnetrzne,2025-07-27 09:10:07.798897+00:00,latest,1.327869,3.45,id_swapped
2c160a1d1fdbf0b0,2023-08-12,UFC Fight Night: Luque vs. Dos Anjos,JP Buys,Marcus McGhee,us,zewnetrzne,2025-07-27 09:10:07.798897+00:00,latest,3.8,1.28169,id_direct
560a971c6ab8b854,2023-08-12,UFC Fight Night: Luque vs. Dos Anjos,AJ Dobson,Tafon Nchukwi,us,zewnetrzne,2025-07-27 09:10:07.798897+00:00,latest,2.24,1.675676,id_direct
9576d9cba5cf5c4e,2023-08-12,UFC Fight Night: Luque vs. Dos Anjos,Terrance McKinney,Mike Breeden,us,zewnetrzne,2025-07-27 09:10:07.798897+00:00,latest,1.350877,3.3,id_direct
9a9479663bedf8b4,2023-08-12,UFC Fight Night: Luque vs. Dos Anjos,Jamie Pickett,Josh Fremd,us,zewnetrzne,2025-07-27 09:10:07.798897+00:00,latest,3.6,1.307692,id_swapped
c2f730cb33df5221,2023-08-12,UFC Fight Night: Luque vs. Dos Anjos,Polyana Viana,Iasmin Lucindo,us,zewnetrzne,2025-07-27 09:10:07.798897+00:00,latest,2.64,1.505051,id_direct
c57a4810c932b296,2023-08-12,UFC Fight Night: Luque vs. Dos Anjos,Khalil Rountree Jr.,Chris Daukaus,us,zewnetrzne,2025-07-27 09:10:07.798897+00:00,latest,1.588235,2.42,id_direct
ca2aa660bea0cb60,2023-08-12,UFC Fight Night: Luque vs. Dos Anjos,Montserrat Conejo Ruiz,Jaqueline Amorim,us,zewnetrzne,2025-07-27 09:10:07.798897+00:00,latest,3.0,1.408163,id_swapped
d5929b7fbc801ce4,2023-08-12,UFC Fight Night: Luque vs. Dos Anjos,Martin Buday,Josh Parisian,us,zewnetrzne,2025-07-27 09:10:07.798897+00:00,latest,1.505051,2.64,id_swapped
e346f2b7af63e804,2023-08-12,UFC Fight Night: Luque vs. Dos Anjos,Rafael Dos Anjos,Vicente Luque,us,zewnetrzne,2025-07-27 09:10:07.798897+00:00,latest,1.769231,2.1,id_swapped
1a95cc401f68f4c8,2023-08-19,UFC 292: Sterling vs. O'Malley,Brad Tavares,Chris Weidman,us,zewnetrzne,2025-07-27 09:10:07.798897+00:00,latest,1.487805,2.7,id_swapped
621e6f0929a3dbfc,2023-08-19,UFC 292: Sterling vs. O'Malley,Pedro Munhoz,Marlon Vera,us,zewnetrzne,2025-07-27 09:10:07.798897+00:00,latest,2.4,1.60241,id_swapped
62d53ad8f8769666,2023-08-19,UFC 292: Sterling vs. O'Malley,Kurt Holobaugh,Austin Hubbard,us,zewnetrzne,2025-07-27 09:10:07.798897+00:00,latest,2.42,1.588235,id_direct
78d2c01dc963f204,2023-08-19,UFC 292: Sterling vs. O'Malley,Ian Machado Garry,Neil Magny,us,zewnetrzne,2025-07-27 09:10:07.798897+00:00,latest,1.2,4.8,id_swapped
845e38dfbfea6e53,2023-08-19,UFC 292: Sterling vs. O'Malley,Zhang Weili,Amanda Lemos,us,zewnetrzne,2025-07-27 09:10:07.798897+00:00,latest,1.322581,3.5,id_direct
e9754f597ec50f6f,2023-08-19,UFC 292: Sterling vs. O'Malley,Cody Gibson,Brad Katona,us,zewnetrzne,2025-07-27 09:10:07.798897+00:00,latest,2.6,1.520833,id_swapped
ee796ecb4ee8680b,2023-08-19,UFC 292: Sterling vs. O'Malley,Sean O'Malley,Aljamain Sterling,us,zewnetrzne,2025-07-27 09:10:07.798897+00:00,latest,3.1,1.387597,id_swapped
f995ed679ef8bdf4,2023-08-19,UFC 292: Sterling vs. O'Malley,Denis Tiuliulin,Gregory Rodrigues,us,zewnetrzne,2025-07-27 09:10:07.798897+00:00,latest,3.95,1.266667,id_swapped
fd4d30036a3f3efb,2023-08-19,UFC 292: Sterling vs. O'Malley,Mario Bautista,Da'Mon Blackshear,us,zewnetrzne,2025-07-27 09:10:07.798897+00:00,latest,1.487805,2.7,id_swapped
23865dfc8361ac62,2023-08-26,UFC Fight Night: Holloway vs. The Korean Zombie,JJ Aldrich,Liang Na,us,zewnetrzne,2025-07-27 09:10:07.798897+00:00,latest,1.186916,5.0,id_swapped
293c5f4c9aca5c54,2023-08-26,UFC Fight Night: Holloway vs. The Korean Zombie,Michal Oleksiejczuk,Chidi Njokuani,us,zewnetrzne,2025-07-27 09:10:07.798897+00:00,latest,1.769231,2.1,id_swapped
48231fbd1af53674,2023-08-26,UFC Fight Night: Holloway vs. The Korean Zombie,Toshiomi Kazama,Garrett Armfield,us,zewnetrzne,2025-07-27 09:10:07.798897+00:00,latest,2.36,1.617284,id_direct
5531317352862978,2023-08-26,UFC Fight Night: Holloway vs. The Korean Zombie,Erin Blanchfield,Taila Santos,us,zewnetrzne,2025-07-27 09:10:07.798897+00:00,latest,1.60241,2.4,id_direct
96704d7ba3a452d9,2023-08-26,UFC Fight Night: Holloway vs. The Korean Zombie,Max Holloway,Chan Sung Jung,us,zewnetrzne,2025-07-27 09:10:07.798897+00:00,latest,1.142857,6.0,id_direct
b65b37c0e00074d9,2023-08-26,UFC Fight Night: Holloway vs. The Korean Zombie,Jarno Errens,SeungWoo Choi,us,zewnetrzne,2025-07-27 09:10:07.798897+00:00,latest,2.24,1.675676,id_swapped
bfc9989751bd0d04,2023-08-26,UFC Fight Night: Holloway vs. The Korean Zombie,Lukasz Brzeski,Waldo Cortes-Acosta,us,zewnetrzne,2025-07-27 09:10:07.798897+00:00,latest,2.7,1.487805,id_swapped
c53b0f678fe2f16a,2023-08-26,UFC Fight Night: Holloway vs. The Korean Zombie,Ryan Spann,Anthony Smith,us,zewnetrzne,2025-07-27 09:10:07.798897+00:00,latest,1.769231,2.1,id_swapped
da6b863cf684e0ae,2023-08-26,UFC Fight Night: Holloway vs. The Korean Zombie,Song Kenan,Rolando Bedoya,us,zewnetrzne,2025-07-27 09:10:07.798897+00:00,latest,3.85,1.277778,id_direct
dd617f6ab4916ec4,2023-08-26,UFC Fight Night: Holloway vs. The Korean Zombie,Alex Caceres,Giga Chikadze,us,zewnetrzne,2025-07-27 09:10:07.798897+00:00,latest,3.1,1.387597,id_swapped
de89bea7b0dcd2d3,2023-08-26,UFC Fight Night: Holloway vs. The Korean Zombie,Fernie Garcia,Rinya Nakamura,us,zewnetrzne,2025-07-27 09:10:07.798897+00:00,latest,7.25,1.105263,id_swapped
f7bc845ce74f5fe7,2023-08-26,UFC Fight Night: Holloway vs. The Korean Zombie,Parker Porter,Junior Tafa,us,zewnetrzne,2025-07-27 09:10:07.798897+00:00,latest,2.36,1.617284,id_swapped
1be27d95bba03f17,2023-09-02,UFC Fight Night: Gane vs. Spivac,Ange Loosa,Rhys McKee,us,zewnetrzne,2025-07-27 09:10:07.798897+00:00,latest,1.689655,2.14,id_direct
4eaf54ad3c82b6fa,2023-09-02,UFC Fight Night: Gane vs. Spivac,Manon Fiorot,Rose Namajunas,us,zewnetrzne,2025-07-27 09:10:07.798897+00:00,latest,1.505051,2.64,id_direct
ac73c6888ee9322c,2023-09-02,UFC Fight Night: Gane vs. Spivac,Kleydson Rodrigues,Farid Basharat,us,zewnetrzne,2025-07-27 09:10:07.798897+00:00,latest,4.0,1.263158,id_swapped
dfa8fd0b82b37fa1,2023-09-02,UFC Fight Night: Gane vs. Spivac,Benoit Saint Denis,Thiago Moises,us,zewnetrzne,2025-07-27 09:10:07.798897+00:00,latest,1.505051,2.64,id_direct
ea006bae605e2a6b,2023-09-02,UFC Fight Night: Gane vs. Spivac,Ciryl Gane,Serghei Spivac,us,zewnetrzne,2025-07-27 09:10:07.798897+00:00,latest,1.520833,2.6,id_direct
09a7f0979a58e6ea,2023-09-09,UFC 293: Adesanya vs. Strickland,Jack Jenkins,Chepe Mariscal,us,zewnetrzne,2025-07-27 09:10:07.798897+00:00,latest,1.458716,2.88,id_direct
0aae15358d8606b9,2023-09-09,UFC 293: Adesanya vs. Strickland,Jamie Mullarkey,John Makdessi,us,zewnetrzne,2025-07-27 09:10:07.798897+00:00,latest,1.33557,3.4,id_direct
3e1c27f17433f9e4,2023-09-09,UFC 293: Adesanya vs. Strickland,Tyson Pedro,Anton Turkalj,us,zewnetrzne,2025-07-27 09:10:07.798897+00:00,latest,2.02,1.819672,id_direct
7f16e7725245bb2d,2023-09-09,UFC 293: Adesanya vs. Strickland,Sean Strickland,Israel Adesanya,us,zewnetrzne,2025-07-27 09:10:07.798897+00:00,latest,5.1,1.181818,id_swapped
a3d75cc363a6544b,2023-09-09,UFC 293: Adesanya vs. Strickland,Da Woon Jung,Carlos Ulberg,us,zewnetrzne,2025-07-27 09:10:07.798897+00:00,latest,3.3,1.31746,id_swapped
e4ed294e16e16d81,2023-09-09,UFC 293: Adesanya vs. Strickland,Alexander Volkov,Tai Tuivasa,us,zewnetrzne,2025-07-27 09:10:07.798897+00:00,latest,1.420168,2.95,id_swapped
f9d2137f380e66bf,2023-09-09,UFC 293: Adesanya vs. Strickland,Austen Lane,Justin Tafa,us,zewnetrzne,2025-07-27 09:10:07.798897+00:00,latest,2.64,1.505051,id_swapped
2e1435c160bfe8b2,2023-09-16,UFC Fight Night: Grasso vs. Shevchenko 2,Daniel Zellhuber,Christos Giagos,us,zewnetrzne,2025-07-27 09:10:07.798897+00:00,latest,1.344828,3.35,id_direct
697efaf0d162e877,2023-09-16,UFC Fight Night: Grasso vs. Shevchenko 2,Kevin Holland,Jack Della Maddalena,us,zewnetrzne,2025-07-27 09:10:07.798897+00:00,latest,1.869565,1.952381,id_direct
79f03eca3fe5cdb3,2023-09-16,UFC Fight Night: Grasso vs. Shevchenko 2,Loopy Godinez,Elise Reed,us,zewnetrzne,2025-07-27 09:10:07.798897+00:00,latest,1.253165,4.1,id_direct
7a0813ec0fadc84e,2023-09-16,UFC Fight Night: Grasso vs. Shevchenko 2,Roman Kopylov,Josh Fremd,us,zewnetrzne,2025-07-27 09:10:07.798897+00:00,latest,1.307692,3.6,id_direct
a5d76e93a5052e3f,2023-09-16,UFC Fight Night: Grasso vs. Shevchenko 2,Kyle Nelson,Fernando Padilla,us,zewnetrzne,2025-07-27 09:10:07.798897+00:00,latest,3.1,1.387597,id_swapped
bcec26b425194e40,2023-09-16,UFC Fight Night: Grasso vs. Shevchenko 2,Tracy Cortez,Jasmine Jasudavicius,us,zewnetrzne,2025-07-27 09:10:07.798897+00:00,latest,1.8,2.05,id_direct
c0ca4c201d086ea8,2023-09-16,UFC Fight Night: Grasso vs. Shevchenko 2,Terrence Mitchell,Raul Rosas Jr.,us,zewnetrzne,2025-07-27 09:10:07.798897+00:00,latest,6.0,1.142857,id_swapped
1496969c1497dc85,2023-09-23,UFC Fight Night: Fiziev vs. Gamrot,Jacob Malkoun,Cody Brundage,us,zewnetrzne,2025-07-27 09:10:07.798897+00:00,latest,1.16129,5.0,id_direct
23a604f460289271,2023-09-23,UFC Fight Night: Fiziev vs. Gamrot,Mateusz Gamrot,Rafael Fiziev,us,zewnetrzne,2025-07-27 09:10:07.798897+00:00,latest,2.2,1.704225,id_swapped
49ede01b061cfae3,2023-09-23,UFC Fight Night: Fiziev vs. Gamrot,Jake Collier,Mohammed Usman,us,zewnetrzne,2025-07-27 09:10:07.798897+00:00,latest,2.0,1.833333,id_swapped
6e1bf1b163b3aeab,2023-09-23,UFC Fight Night: Fiziev vs. Gamrot,Ricardo Ramos,Charles Jourdain,us,zewnetrzne,2025-07-27 09:10:07.798897+00:00,latest,2.14,1.740741,id_direct
adb411b0f418ce33,2023-09-23,UFC Fight Night: Fiziev vs. Gamrot,Hannah Goldy,Mizuki,us,zewnetrzne,2025-07-27 09:10:07.798897+00:00,latest,3.5,1.289855,id_swapped
b3c7a5a97978d156,2023-09-23,UFC Fight Night: Fiziev vs. Gamrot,Andre Fialho,Tim Means,us,zewnetrzne,2025-07-27 09:10:07.798897+00:00,latest,1.60241,2.3,id_swapped
bf647be41de365e4,2023-09-23,UFC Fight Night: Fiziev vs. Gamrot,AJ Fletcher,Bryan Battle,us,zewnetrzne,2025-07-27 09:10:07.798897+00:00,latest,2.6,1.520833,id_swapped
d8335b728604b222,2023-09-23,UFC Fight Night: Fiziev vs. Gamrot,Marina Rodriguez,Michelle Waterson-Gomez,us,zewnetrzne,2025-07-27 09:10:07.798897+00:00,latest,1.277778,3.6,id_direct
da1b37edb8ccd3e6,2023-09-23,UFC Fight Night: Fiziev vs. Gamrot,Dan Ige,Bryce Mitchell,us,zewnetrzne,2025-07-27 09:10:07.798897+00:00,latest,2.85,1.444444,id_swapped
e966de63c8e6b1d5,2023-10-07,UFC Fight Night: Dawson vs. Green,Joe Pyfer,Abdul Razak Alhassan,us,zewnetrzne,2025-07-27 09:10:07.798897+00:00,latest,1.253165,3.8,id_direct
eb76a5b76a68e4c4,2023-10-07,UFC Fight Night: Dawson vs. Green,Joaquin Buckley,Alex Morono,us,zewnetrzne,2025-07-27 09:10:07.798897+00:00,latest,1.571429,2.45,id_swapped
0d6d212fcdf47f2e,2023-10-14,UFC Fight Night: Yusuff vs. Barboza,Adrian Yanez,Jonathan Martinez,us,zewnetrzne,2025-07-27 09:10:07.798897+00:00,latest,2.05,1.8,id_swapped
751cf3d52fce1d1f,2023-10-14,UFC Fight Night: Yusuff vs. Barboza,Viviane Araujo,Jennifer Maia,us,zewnetrzne,2025-07-27 09:10:07.798897+00:00,latest,2.24,1.675676,id_swapped
824859c7580eb35b,2023-10-14,UFC Fight Night: Yusuff vs. Barboza,Edson Barboza,Sodiq Yusuff,us,zewnetrzne,2025-07-27 09:10:07.798897+00:00,latest,2.6,1.520833,id_swapped
0ea435ddf02deb60,2023-10-21,UFC 294: Makhachev vs. Volkanovski 2,Islam Makhachev,Alexander Volkanovski,us,zewnetrzne,2025-07-27 09:10:07.798897+00:00,latest,1.285714,3.2,id_direct
18e5af00a8478a0e,2023-10-21,UFC 294: Makhachev vs. Volkanovski 2,Viktoriia Dudakova,Jinh Yu Frey,us,zewnetrzne,2025-07-27 09:10:07.798897+00:00,latest,1.192308,4.5,id_direct
43de9ff6064361e1,2023-10-21,UFC 294: Makhachev vs. Volkanovski 2,Abu Azaitar,Sedriques Dumas,us,zewnetrzne,2025-07-27 09:10:07.798897+00:00,latest,2.95,1.420168,id_direct
7024385b5107bd4b,2023-10-21,UFC 294: Makhachev vs. Volkanovski 2,Ikram Aliskerov,Warlley Alves,us,zewnetrzne,2025-07-27 09:10:07.798897+00:00,latest,1.142857,6.0,id_direct
75c5f923f966b53b,2023-10-21,UFC 294: Makhachev vs. Volkanovski 2,Anshul Jubli,Mike Breeden,us,zewnetrzne,2025-07-27 09:10:07.798897+00:00,latest,1.387597,3.1,id_swapped
b84c447bb74febe2,2023-10-21,UFC 294: Makhachev vs. Volkanovski 2,Nathaniel Wood,Muhammad Naimov,us,zewnetrzne,2025-07-27 09:10:07.798897+00:00,latest,1.277778,3.85,id_direct
e9256316716499b8,2023-10-21,UFC 294: Makhachev vs. Volkanovski 2,Muhammad Mokaev,Tim Elliott,us,zewnetrzne,2025-07-27 09:10:07.798897+00:00,latest,1.192308,4.5,id_swapped
ed3334d108b257a6,2023-10-21,UFC 294: Makhachev vs. Volkanovski 2,Said Nurmagomedov,Muin Gafurov,us,zewnetrzne,2025-07-27 09:10:07.798897+00:00,latest,1.327869,3.45,id_direct
f23e9729b2b73c27,2023-10-21,UFC 294: Makhachev vs. Volkanovski 2,Khamzat Chimaev,Kamaru Usman,us,zewnetrzne,2025-07-27 09:10:07.798897+00:00,latest,1.263158,4.0,id_swapped
119bc264e2bb9877,2023-11-04,UFC Fight Night: Almeida vs. Lewis,Don'Tale Mayes,Rodrigo Nascimento,us,zewnetrzne,2025-07-27 09:10:07.798897+00:00,latest,2.7,1.487805,id_swapped
3a81276a9641c6a1,2023-11-04,UFC Fight Night: Almeida vs. Lewis,Gabriel Bonfim,Nicolas Dalby,us,zewnetrzne,2025-07-27 09:10:07.798897+00:00,latest,1.2,4.8,id_direct
7d474fbf31894108,2023-11-04,UFC Fight Night: Almeida vs. Lewis,Abus Magomedov,Caio Borralho,us,zewnetrzne,2025-07-27 09:10:07.798897+00:00,latest,3.4,1.33557,id_swapped
ac37849f627a79c4,2023-11-04,UFC Fight Night: Almeida vs. Lewis,Jailton Almeida,Derrick Lewis,us,zewnetrzne,2025-07-27 09:10:07.798897+00:00,latest,1.206186,4.7,id_direct
128ab9aa4802c73f,2023-11-11,UFC 295: Prochazka vs. Pereira,Pat Sabatini,Diego Lopes,us,zewnetrzne,2025-07-27 09:10:07.798897+00:00,latest,1.769231,2.1,id_swapped
480c4dbd2e792d86,2023-11-11,UFC 295: Prochazka vs. Pereira,Roosevelt Roberts,Mateusz Rebecki,us,zewnetrzne,2025-07-27 09:10:07.798897+00:00,latest,6.5,1.108696,id_swapped
4c025d1fff9e9fce,2023-11-11,UFC 295: Prochazka vs. Pereira,Jared Gordon,Mark Madsen,us,zewnetrzne,2025-07-27 09:10:07.798897+00:00,latest,1.37037,3.0,id_direct
5704e73f91b9e7f7,2023-11-11,UFC 295: Prochazka vs. Pereira,Steve Erceg,Alessandro Costa,us,zewnetrzne,2025-07-27 09:10:07.798897+00:00,latest,1.434783,2.75,id_direct
57333b7bff20ece0,2023-11-11,UFC 295: Prochazka vs. Pereira,John Castaneda,Kyung Ho Kang,us,zewnetrzne,2025-07-27 09:10:07.798897+00:00,latest,1.869565,1.952381,id_direct
6fd67582d8adb1c7,2023-11-11,UFC 295: Prochazka vs. Pereira,Jessica Andrade,Mackenzie Dern,us,zewnetrzne,2025-07-27 09:10:07.798897+00:00,latest,3.05,1.4,id_direct
9fe98de1eac21f2e,2023-11-11,UFC 295: Prochazka vs. Pereira,Benoit Saint Denis,Matt Frevola,us,zewnetrzne,2025-07-27 09:10:07.798897+00:00,latest,1.420168,2.8,id_swapped
a0362d60d2e1db0d,2023-11-11,UFC 295: Prochazka vs. Pereira,Loopy Godinez,Tabatha Ricci,us,zewnetrzne,2025-07-27 09:10:07.798897+00:00,latest,1.434783,2.75,id_swapped
b1f2ec122beda7a5,2023-11-11,UFC 295: Prochazka vs. Pereira,Jiri Prochazka,Alex Pereira,us,zewnetrzne,2025-07-27 09:10:07.798897+00:00,latest,1.952381,1.8,id_direct
db49619221b282af,2023-11-11,UFC 295: Prochazka vs. Pereira,Tom Aspinall,Sergei Pavlovich,us,zewnetrzne,2025-07-27 09:10:07.798897+00:00,latest,1.769231,2.1,id_swapped
16109688429c09de,2023-11-18,UFC Fight Night: Allen vs. Craig,Denis Tiuliulin,Christian Leroy Duncan,us,zewnetrzne,2025-07-27 09:10:07.798897+00:00,latest,5.5,1.138889,id_swapped
5be63144ac46f97e,2023-11-18,UFC Fight Night: Allen vs. Craig,Chase Hooper,Jordan Leavitt,us,zewnetrzne,2025-07-27 09:10:07.798897+00:00,latest,1.512821,2.5,id_direct
62b64802ea49e2fd,2023-11-18,UFC Fight Night: Allen vs. Craig,Joanderson Brito,Jonathan Pearce,us,zewnetrzne,2025-07-27 09:10:07.798897+00:00,latest,2.1,1.714286,id_swapped
6997693d552600dd,2023-11-18,UFC Fight Night: Allen vs. Craig,Ailin Perez,Lucie Pudilova,us,zewnetrzne,2025-07-27 09:10:07.798897+00:00,latest,1.520833,2.6,id_swapped
73ebbfb998edc1f1,2023-11-18,UFC Fight Night: Allen vs. Craig,Jake Matthews,Michael Morales,us,zewnetrzne,2025-07-27 09:10:07.798897+00:00,latest,3.6,1.277778,id_swapped
7990b6716a53b2cd,2023-11-18,UFC Fight Night: Allen vs. Craig,Brendan Allen,Paul Craig,us,zewnetrzne,2025-07-27 09:10:07.798897+00:00,latest,1.212766,4.6,id_direct
bd4d2522cb0d1a23,2023-11-18,UFC Fight Night: Allen vs. Craig,Luana Pinheiro,Amanda Ribas,us,zewnetrzne,2025-07-27 09:10:07.798897+00:00,latest,3.05,1.4,id_direct
c1aef0f60a5b62e3,2023-11-18,UFC Fight Night: Allen vs. Craig,Jose Johnson,Chad Anheliger,us,zewnetrzne,2025-07-27 09:10:07.798897+00:00,latest,1.505051,2.64,id_swapped
f0fe73e650b746f2,2023-11-18,UFC Fight Night: Allen vs. Craig,Lucas Alexander,Jeka Saragih,us,zewnetrzne,2025-07-27 09:10:07.798897+00:00,latest,1.2,4.8,id_swapped
02713b2d25f74d43,2023-12-02,UFC Fight Night: Dariush vs. Tsarukyan,Punahele Soriano,Dustin Stoltzfus,us,zewnetrzne,2025-07-27 09:10:07.798897+00:00,latest,1.277778,3.85,id_direct
20bfa549cb2cabe7,2023-12-02,UFC Fight Night: Dariush vs. Tsarukyan,Joaquim Silva,Clay Guida,us,zewnetrzne,2025-07-27 09:10:07.798897+00:00,latest,1.307692,3.6,id_swapped
246d06693b5ca1e8,2023-12-02,UFC Fight Night: Dariush vs. Tsarukyan,Rob Font,Deiveson Figueiredo,us,zewnetrzne,2025-07-27 09:10:07.798897+00:00,latest,1.769231,2.0,id_direct
39c4ae4624052f9f,2023-12-02,UFC Fight Night: Dariush vs. Tsarukyan,Sean Brady,Kelvin Gastelum,us,zewnetrzne,2025-07-27 09:10:07.798897+00:00,latest,1.869565,1.952381,id_direct
9feb9500b0fedfcd,2023-12-02,UFC Fight Night: Dariush vs. Tsarukyan,Beneil Dariush,Arman Tsarukyan,us,zewnetrzne,2025-07-27 09:10:07.798897+00:00,latest,3.1,1.357143,id_direct
1afc4f372a125c74,2023-12-09,UFC Fight Night: Song vs. Gutierrez,JunYong Park,Andre Muniz,us,zewnetrzne,2025-07-27 09:10:07.798897+00:00,latest,1.505051,2.64,id_direct
35addc4646509286,2023-12-09,UFC Fight Night: Song vs. Gutierrez,Shannon Ross,HyunSung Park,us,zewnetrzne,2025-07-27 09:10:07.798897+00:00,latest,6.0,1.505051,id_swapped
5a6e894e4b6cc703,2023-12-09,UFC Fight Night: Song vs. Gutierrez,Luana Santos,Stephanie Egger,us,zewnetrzne,2025-07-27 09:10:07.798897+00:00,latest,1.645161,2.3,id_direct
5ac1725f775c6f00,2023-12-09,UFC Fight Night: Song vs. Gutierrez,Melquizael Costa,Steve Garcia,us,zewnetrzne,2025-07-27 09:10:07.798897+00:00,latest,1.123457,6.0,id_swapped
84f6de7c99779e5f,2023-12-09,UFC Fight Night: Song vs. Gutierrez,Tatsuro Taira,Carlos Hernandez,us,zewnetrzne,2025-07-27 09:10:07.798897+00:00,latest,1.16129,5.0,id_direct
91093a019d32af2e,2023-12-09,UFC Fight Night: Song vs. Gutierrez,Khalil Rountree Jr.,Anthony Smith,us,zewnetrzne,2025-07-27 09:10:07.798897+00:00,latest,1.505051,2.64,id_swapped
acc57a9c114b694a,2023-12-09,UFC Fight Night: Song vs. Gutierrez,Jamie Mullarkey,Nasrat Haqparast,us,zewnetrzne,2025-07-27 09:10:07.798897+00:00,latest,2.64,1.505051,id_swapped
f9ec8bedc15ece93,2023-12-09,UFC Fight Night: Song vs. Gutierrez,Chris Gutierrez,Song Yadong,us,zewnetrzne,2025-07-27 09:10:07.798897+00:00,latest,3.8,1.28169,id_swapped
fbedeb4e4b019b94,2023-12-09,UFC Fight Night: Song vs. Gutierrez,Sumudaerji,Tim Elliott,us,zewnetrzne,2025-07-27 09:10:07.798897+00:00,latest,2.36,1.617284,id_swapped
03de7404decde12f,2024-01-13,UFC Fight Night: Ankalaev vs. Walker 2,Gaston Bolanos,Marcus McGhee,us,zewnetrzne,2025-07-27 09:10:07.798897+00:00,latest,3.05,1.4,id_swapped
477c3b9de012e4b3,2024-01-13,UFC Fight Night: Ankalaev vs. Walker 2,Taylor Lapilus,Farid Basharat,us,zewnetrzne,2025-07-27 09:10:07.798897+00:00,latest,3.7,1.266667,id_swapped
5f622d812b8f407f,2024-01-13,UFC Fight Night: Ankalaev vs. Walker 2,Matthew Semelsberger,Preston Parsons,us,zewnetrzne,2025-07-27 09:10:07.798897+00:00,latest,1.769231,2.0,id_direct
640f2ae3995b3b4f,2024-01-13,UFC Fight Night: Ankalaev vs. Walker 2,Gabriel Benitez,Jim Miller,us,zewnetrzne,2025-07-27 09:10:07.798897+00:00,latest,2.3,1.60241,id_swapped
6f13fe34cb3ca906,2024-01-13,UFC Fight Night: Ankalaev vs. Walker 2,Andrei Arlovski,Waldo Cortes-Acosta,us,zewnetrzne,2025-07-27 09:10:07.798897+00:00,latest,5.0,1.16129,id_direct
a8239866e1222eae,2024-01-13,UFC Fight Night: Ankalaev vs. Walker 2,Ricky Simon,Mario Bautista,us,zewnetrzne,2025-07-27 09:10:07.798897+00:00,latest,1.555556,2.4,id_direct
d0d99889c6abd8e1,2024-01-13,UFC Fight Night: Ankalaev vs. Walker 2,Brunno Ferreira,Phil Hawes,us,zewnetrzne,2025-07-27 09:10:07.798897+00:00,latest,1.689655,2.14,id_swapped
f2b407019b2a5c15,2024-01-13,UFC Fight Night: Ankalaev vs. Walker 2,Johnny Walker,Magomed Ankalaev,us,zewnetrzne,2025-07-27 09:10:07.798897+00:00,latest,4.9,1.192308,id_swapped
14e53999507c76a7,2024-01-20,UFC 297: Strickland vs. Du Plessis,Dricus Du Plessis,Sean Strickland,us,zewnetrzne,2025-07-27 09:10:07.798897+00:00,latest,1.892857,1.925926,id_swapped
1a7cd191f0cf160c,2024-01-20,UFC 297: Strickland vs. Du Plessis,Arnold Allen,Movsar Evloev,us,zewnetrzne,2025-07-27 09:10:07.798897+00:00,latest,2.8,1.458716,id_direct
331ddc1141e934d1,2024-01-20,UFC 297: Strickland vs. Du Plessis,Sean Woodson,Charles Jourdain,us,zewnetrzne,2025-07-27 09:10:07.798897+00:00,latest,2.8,1.458716,id_swapped
670e4754d8d3d172,2024-01-20,UFC 297: Strickland vs. Du Plessis,Garrett Armfield,Brad Katona,us,zewnetrzne,2025-07-27 09:10:07.798897+00:00,latest,2.95,1.420168,id_swapped
7736eb6bd5c1ff4a,2024-01-20,UFC 297: Strickland vs. Du Plessis,Jasmine Jasudavicius,Priscila Cachoeira,us,zewnetrzne,2025-07-27 09:10:07.798897+00:00,latest,1.235294,4.3,id_direct
97817609ed46baa0,2024-01-20,UFC 297: Strickland vs. Du Plessis,Neil Magny,Mike Malott,us,zewnetrzne,2025-07-27 09:10:07.798897+00:00,latest,4.0,1.263158,id_direct
a10e2d5416972b9c,2024-01-20,UFC 297: Strickland vs. Du Plessis,Sam Patterson,Yohan Lainesse,us,zewnetrzne,2025-07-27 09:10:07.798897+00:00,latest,2.2,1.704225,id_swapped
ba5005d1116fa45f,2024-01-20,UFC 297: Strickland vs. Du Plessis,Chris Curtis,Marc-Andre Barriault,us,zewnetrzne,2025-07-27 09:10:07.798897+00:00,latest,1.571429,2.45,id_direct
dff2685afd98ed9e,2024-01-20,UFC 297: Strickland vs. Du Plessis,Gillian Robertson,Polyana Viana,us,zewnetrzne,2025-07-27 09:10:07.798897+00:00,latest,1.33557,3.4,id_direct
faf15b752fb8924c,2024-01-20,UFC 297: Strickland vs. Du Plessis,Mayra Bueno Silva,Raquel Pennington,us,zewnetrzne,2025-07-27 09:10:07.798897+00:00,latest,1.588235,2.42,id_swapped
330d86bfaa4155fe,2024-02-03,UFC Fight Night: Dolidze vs. Imavov,Gilbert Urbina,Charles Radtke,us,zewnetrzne,2025-07-27 09:10:07.798897+00:00,latest,1.458716,2.8,id_direct
733e675fd7c0052a,2024-02-03,UFC Fight Night: Dolidze vs. Imavov,Drew Dober,Renato Moicano,us,zewnetrzne,2025-07-27 09:10:07.798897+00:00,latest,2.7,1.487805,id_swapped
767ceb4a0cb43ade,2024-02-03,UFC Fight Night: Dolidze vs. Imavov,Roman Dolidze,Nassourdine Imavov,us,zewnetrzne,2025-07-27 09:10:07.798897+00:00,latest,2.5,1.555556,id_direct
7b1882dc76786d77,2024-02-03,UFC Fight Night: Dolidze vs. Imavov,Natalia Silva,Viviane Araujo,us,zewnetrzne,2025-07-27 09:10:07.798897+00:00,latest,1.294118,3.7,id_swapped
af6d56860ba4d259,2024-02-03,UFC Fight Night: Dolidze vs. Imavov,Muslim Salikhov,Randy Brown,us,zewnetrzne,2025-07-27 09:10:07.798897+00:00,latest,3.15,1.377358,id_swapped
25259e230be9cdc9,2024-02-10,UFC Fight Night: Hermansson vs. Pyfer,Dan Ige,Andre Fili,us,zewnetrzne,2025-07-27 09:10:07.798897+00:00,latest,1.540541,2.54,id_direct
406f2aacd1d1faf9,2024-02-10,UFC Fight Night: Hermansson vs. Pyfer,Jack Hermansson,Joe Pyfer,us,zewnetrzne,2025-07-27 09:10:07.798897+00:00,latest,3.05,1.4,id_direct
5304956aada097e8,2024-02-10,UFC Fight Night: Hermansson vs. Pyfer,Michael Johnson,Darrius Flowers,us,zewnetrzne,2025-07-27 09:10:07.798897+00:00,latest,1.645161,2.3,id_direct
9d8473ae274ed625,2024-02-10,UFC Fight Night: Hermansson vs. Pyfer,Rodolfo Vieira,Armen Petrosyan,us,zewnetrzne,2025-07-27 09:10:07.798897+00:00,latest,1.952381,1.869565,id_direct
e7938bac3ec8b442,2024-02-10,UFC Fight Night: Hermansson vs. Pyfer,Brad Tavares,Gregory Rodrigues,us,zewnetrzne,2025-07-27 09:10:07.798897+00:00,latest,2.9,1.434783,id_direct
01432891260084a4,2024-02-17,UFC 298: Volkanovski vs. Topuria,Paulo Costa,Robert Whittaker,us,zewnetrzne,2025-07-27 09:10:07.798897+00:00,latest,2.7,1.487805,id_swapped
1456a3f96ac7e35b,2024-02-17,UFC 298: Volkanovski vs. Topuria,Marcos Rogerio de Lima,Junior Tafa,us,zewnetrzne,2025-07-27 09:10:07.798897+00:00,latest,1.434783,2.9,id_direct
2aeb3ec2d8c05dc8,2024-02-17,UFC 298: Volkanovski vs. Topuria,Amanda Lemos,Mackenzie Dern,us,zewnetrzne,2025-07-27 09:10:07.798897+00:00,latest,1.617284,2.36,id_direct
8fb0092430448368,2024-02-17,UFC 298: Volkanovski vs. Topuria,Ian Machado Garry,Geoff Neal,us,zewnetrzne,2025-07-27 09:10:07.798897+00:00,latest,1.387597,3.1,id_swapped
9785420602b452f7,2024-02-17,UFC 298: Volkanovski vs. Topuria,Henry Cejudo,Merab Dvalishvili,us,zewnetrzne,2025-07-27 09:10:07.798897+00:00,latest,3.4,1.33557,id_swapped
bec3154a11df3299,2024-02-17,UFC 298: Volkanovski vs. Topuria,Ilia Topuria,Alexander Volkanovski,us,zewnetrzne,2025-07-27 09:10:07.798897+00:00,latest,2.2,1.704225,id_swapped
f87a3fa07f0009c9,2024-02-17,UFC 298: Volkanovski vs. Topuria,Anthony Hernandez,Roman Kopylov,us,zewnetrzne,2025-07-27 09:10:07.798897+00:00,latest,1.458716,2.8,id_direct
063e7ce759c52f81,2024-02-24,UFC Fight Night: Moreno vs. Royval 2,Cristian Quinonez,Raoni Barcelos,us,zewnetrzne,2025-07-27 09:10:07.798897+00:00,latest,2.36,1.617284,id_direct
1c03c1bb62f3aed6,2024-02-24,UFC Fight Night: Moreno vs. Royval 2,Daniel Lacerda,Edgar Chairez,us,zewnetrzne,2025-07-27 09:10:07.798897+00:00,latest,4.8,1.2,id_swapped
3b05a4ced6dd74f5,2024-02-24,UFC Fight Night: Moreno vs. Royval 2,Yair Rodriguez,Brian Ortega,us,zewnetrzne,2025-07-27 09:10:07.798897+00:00,latest,1.60241,2.4,id_direct
50dae6b76c9c6490,2024-02-24,UFC Fight Night: Moreno vs. Royval 2,Erik Silva,Muhammad Naimov,us,zewnetrzne,2025-07-27 09:10:07.798897+00:00,latest,5.1,1.181818,id_direct
673a156925dfb31d,2024-02-24,UFC Fight Night: Moreno vs. Royval 2,Manuel Torres,Chris Duncan,us,zewnetrzne,2025-07-27 09:10:07.798897+00:00,latest,1.588235,2.42,id_direct
6e4acb2aaa2cee56,2024-02-24,UFC Fight Night: Moreno vs. Royval 2,Yazmin Jauregui,Sam Hughes,us,zewnetrzne,2025-07-27 09:10:07.798897+00:00,latest,1.125,6.5,id_direct
74f5cbecac011abb,2024-02-24,UFC Fight Night: Moreno vs. Royval 2,Brandon Royval,Brandon Moreno,us,zewnetrzne,2025-07-27 09:10:07.798897+00:00,latest,3.45,1.327869,id_swapped
93ddc6b233d1956a,2024-02-24,UFC Fight Night: Moreno vs. Royval 2,Felipe dos Santos,Victor Altamirano,us,zewnetrzne,2025-07-27 09:10:07.798897+00:00,latest,1.350877,3.3,id_swapped
a376f6d5806d0c90,2024-02-24,UFC Fight Night: Moreno vs. Royval 2,Fares Ziam,Claudio Puelles,us,zewnetrzne,2025-07-27 09:10:07.798897+00:00,latest,1.458716,2.8,id_swapped
d1d3b6ab8a56e973,2024-02-24,UFC Fight Night: Moreno vs. Royval 2,Mateus Mendonca,Jesus Aguilar,us,zewnetrzne,2025-07-27 09:10:07.798897+00:00,latest,1.740741,2.14,id_swapped
ecbece0cbd60029e,2024-02-24,UFC Fight Night: Moreno vs. Royval 2,Francisco Prado,Daniel Zellhuber,us,zewnetrzne,2025-07-27 09:10:07.798897+00:00,latest,3.7,1.294118,id_swapped
024beecfd3f0ed7a,2024-03-02,UFC Fight Night: Rozenstruik vs. Gaziev,Steve Erceg,Matt Schnell,us,zewnetrzne,2025-07-27 09:10:07.798897+00:00,latest,1.206186,4.7,id_swapped
32bd7ed48f5aea7e,2024-03-02,UFC Fight Night: Rozenstruik vs. Gaziev,Jamie Pickett,Eryk Anders,us,zewnetrzne,2025-07-27 09:10:07.798897+00:00,latest,5.0,1.186916,id_swapped
3ea7d69a1238f26a,2024-03-02,UFC Fight Night: Rozenstruik vs. Gaziev,Claudio Ribeiro,Christian Leroy Duncan,us,zewnetrzne,2025-07-27 09:10:07.798897+00:00,latest,4.2,1.243902,id_swapped
5a82757b553c40fc,2024-03-02,UFC Fight Night: Rozenstruik vs. Gaziev,Muhammad Mokaev,Alex Perez,us,zewnetrzne,2025-07-27 09:10:07.798897+00:00,latest,1.243902,4.2,id_swapped
838fd9d2b14e0790,2024-03-02,UFC Fight Night: Rozenstruik vs. Gaziev,Jairzinho Rozenstruik,Shamil Gaziev,us,zewnetrzne,2025-07-27 09:10:07.798897+00:00,latest,2.5,1.555556,id_direct
a7d397cd0f2ac93a,2024-03-02,UFC Fight Night: Rozenstruik vs. Gaziev,Aiemann Zahabi,Javid Basharat,us,zewnetrzne,2025-07-27 09:10:07.798897+00:00,latest,6.5,1.125,id_direct
df3cc5ec78d05a71,2024-03-02,UFC Fight Night: Rozenstruik vs. Gaziev,Tyson Pedro,Vitor Petrino,us,zewnetrzne,2025-07-27 09:10:07.798897+00:00,latest,4.5,1.21978,id_swapped
0133019a4f1055ee,2024-03-09,UFC 299: O'Malley vs. Vera 2,Jailton Almeida,Curtis Blaydes,us,zewnetrzne,2025-07-27 09:10:07.798897+00:00,latest,1.740741,2.14,id_swapped
33658a3ca932d15d,2024-03-09,UFC 299: O'Malley vs. Vera 2,Maycee Barber,Katlyn Cerminara,us,zewnetrzne,2025-07-27 09:10:07.798897+00:00,latest,1.540541,2.54,id_swapped
68f7f992603192c6,2024-03-09,UFC 299: O'Malley vs. Vera 2,Gilbert Burns,Jack Della Maddalena,us,zewnetrzne,2025-07-27 09:10:07.798897+00:00,latest,2.42,1.588235,id_direct
6e73ebbd089aff5e,2024-03-09,UFC 299: O'Malley vs. Vera 2,Dustin Poirier,Benoit Saint Denis,us,zewnetrzne,2025-07-27 09:10:07.798897+00:00,latest,2.8,1.458716,id_direct
7bc7af11050e861b,2024-03-09,UFC 299: O'Malley vs. Vera 2,Philipe Lins,Ion Cutelaba,us,zewnetrzne,2025-07-27 09:10:07.798897+00:00,latest,2.14,1.740741,id_swapped
894c44c3d04aaf6f,2024-03-09,UFC 299: O'Malley vs. Vera 2,Marlon Vera,Sean O'Malley,us,zewnetrzne,2025-07-27 09:10:07.798897+00:00,latest,3.35,1.344828,id_swapped
8baff440b82afd2b,2024-03-09,UFC 299: O'Malley vs. Vera 2,Rafael Dos Anjos,Mateusz Gamrot,us,zewnetrzne,2025-07-27 09:10:07.798897+00:00,latest,4.7,1.206186,id_swapped
9861b6d04e6ed43c,2024-03-09,UFC 299: O'Malley vs. Vera 2,Petr Yan,Song Yadong,us,zewnetrzne,2025-07-27 09:10:07.798897+00:00,latest,1.645161,2.3,id_direct
ebb758b49e82d0ed,2024-03-09,UFC 299: O'Malley vs. Vera 2,Kyler Phillips,Pedro Munhoz,us,zewnetrzne,2025-07-27 09:10:07.798897+00:00,latest,1.420168,2.95,id_swapped
f0a9dfbb6f6ac852,2024-03-09,UFC 299: O'Malley vs. Vera 2,Michal Oleksiejczuk,Michel Pereira,us,zewnetrzne,2025-07-27 09:10:07.798897+00:00,latest,2.3,1.645161,id_swapped
35f9beb94b4ef9e2,2024-03-16,UFC Fight Night: Tuivasa vs. Tybura,Ovince Saint Preux,Kennedy Nzechukwu,us,zewnetrzne,2025-07-27 09:10:07.798897+00:00,latest,5.55,1.16,id_direct
8bc0c220f7dcefa7,2024-03-16,UFC Fight Night: Tuivasa vs. Tybura,Tai Tuivasa,Marcin Tybura,us,zewnetrzne,2025-07-27 09:10:07.798897+00:00,latest,1.847458,1.980392,id_direct
acc7392d48cc09a0,2024-03-16,UFC Fight Night: Tuivasa vs. Tybura,Christian Rodriguez,Isaac Dulgarian,us,zewnetrzne,2025-07-27 09:10:07.798897+00:00,latest,2.7,1.487805,id_direct
127be512f86618b2,2024-03-23,UFC Fight Night: Ribas vs. Namajunas,Cameron Saaiman,Payton Talbott,us,zewnetrzne,2025-07-27 09:10:07.798897+00:00,latest,2.36,1.617284,id_swapped
48ff3f1bcefbf965,2024-03-23,UFC Fight Night: Ribas vs. Namajunas,Miles Johns,Cody Gibson,us,zewnetrzne,2025-07-27 09:10:07.798897+00:00,latest,1.704225,2.2,id_direct
72f123ddb4cc9d1c,2024-03-23,UFC Fight Night: Ribas vs. Namajunas,Youssef Zalal,Billy Quarantillo,us,zewnetrzne,2025-07-27 09:10:07.798897+00:00,latest,1.769231,2.1,id_swapped
8c8337ce8437fe2e,2024-03-23,UFC Fight Night: Ribas vs. Namajunas,Ricardo Ramos,Julian Erosa,us,zewnetrzne,2025-07-27 09:10:07.798897+00:00,latest,1.571429,2.45,id_direct
cd6452a463ec8a28,2024-03-23,UFC Fight Night: Ribas vs. Namajunas,Karl Williams,Justin Tafa,us,zewnetrzne,2025-07-27 09:10:07.798897+00:00,latest,1.487805,2.7,id_direct
d564e3a6c77d0c85,2024-03-23,UFC Fight Night: Ribas vs. Namajunas,AJ Dobson,Edmen Shahbazyan,us,zewnetrzne,2025-07-27 09:10:07.798897+00:00,latest,2.6,1.520833,id_swapped
de7cb625bdec0f91,2024-03-23,UFC Fight Night: Ribas vs. Namajunas,Kurt Holobaugh,Trey Ogden,us,zewnetrzne,2025-07-27 09:10:07.798897+00:00,latest,2.05,1.8,id_direct
faf19712bd7ea41e,2024-03-23,UFC Fight Night: Ribas vs. Namajunas,Rose Namajunas,Amanda Ribas,us,zewnetrzne,2025-07-27 09:10:07.798897+00:00,latest,1.458716,2.8,id_swapped
636b01ee49925e49,2024-03-30,UFC Fight Night: Blanchfield vs. Fiorot,Nate Landwehr,Jamall Emmers,us,zewnetrzne,2025-07-27 09:10:07.798897+00:00,latest,2.42,1.588235,id_direct
77992b8727382373,2024-03-30,UFC Fight Night: Blanchfield vs. Fiorot,Bruno Silva,Chris Weidman,us,zewnetrzne,2025-07-27 09:10:07.798897+00:00,latest,1.571429,2.45,id_swapped
91aa08e910fb4412,2024-03-30,UFC Fight Night: Blanchfield vs. Fiorot,Kyle Nelson,Bill Algeo,us,zewnetrzne,2025-07-27 09:10:07.798897+00:00,latest,3.4,1.33557,id_swapped
976abc27a4e5e26a,2024-03-30,UFC Fight Night: Blanchfield vs. Fiorot,Julio Arce,Herbert Burns,us,zewnetrzne,2025-07-27 09:10:07.798897+00:00,latest,1.294118,3.7,id_direct
99dc6d45cbdfa322,2024-03-30,UFC Fight Night: Blanchfield vs. Fiorot,Virna Jandiroba,Loopy Godinez,us,zewnetrzne,2025-07-27 09:10:07.798897+00:00,latest,2.8,1.458716,id_direct
de12349f334c964e,2024-03-30,UFC Fight Night: Blanchfield vs. Fiorot,Vicente Luque,Joaquin Buckley,us,zewnetrzne,2025-07-27 09:10:07.798897+00:00,latest,1.675676,2.24,id_direct
e30250daa73005a8,2024-03-30,UFC Fight Night: Blanchfield vs. Fiorot,Nursulton Ruziboev,Sedriques Dumas,us,zewnetrzne,2025-07-27 09:10:07.798897+00:00,latest,1.387597,3.1,id_direct
e6d4fdad2b3422d1,2024-03-30,UFC Fight Night: Blanchfield vs. Fiorot,Manon Fiorot,Erin Blanchfield,us,zewnetrzne,2025-07-27 09:10:07.798897+00:00,latest,2.8,1.458716,id_swapped
eb9f9f61507497a5,2024-03-30,UFC Fight Night: Blanchfield vs. Fiorot,Chidi Njokuani,Rhys McKee,us,zewnetrzne,2025-07-27 09:10:07.798897+00:00,latest,1.769231,2.1,id_direct
0b9cd718d7e329e8,2024-04-06,UFC Fight Night: Allen vs. Curtis 2,Court McGee,Alex Morono,us,zewnetrzne,2025-07-27 09:10:07.798897+00:00,latest,3.85,1.277778,id_direct
1685eecc7ef37fb5,2024-04-06,UFC Fight Night: Allen vs. Curtis 2,Melissa Mullins,Nora Cornolle,us,zewnetrzne,2025-07-27 09:10:07.798897+00:00,latest,1.277778,3.85,id_direct
188e6416157e5a1f,2024-04-06,UFC Fight Night: Allen vs. Curtis 2,Germaine de Randamie,Norma Dumont,us,zewnetrzne,2025-07-27 09:10:07.798897+00:00,latest,1.952381,1.869565,id_swapped
32375b4435fea5e6,2024-04-06,UFC Fight Night: Allen vs. Curtis 2,Morgan Charriere,Chepe Mariscal,us,zewnetrzne,2025-07-27 09:10:07.798897+00:00,latest,1.704225,2.2,id_direct
3ce96bb0c69b39be,2024-04-06,UFC Fight Night: Allen vs. Curtis 2,Brendan Allen,Chris Curtis,us,zewnetrzne,2025-07-27 09:10:07.798897+00:00,latest,1.444444,2.85,id_direct
47f8812a335b6ce9,2024-04-06,UFC Fight Night: Allen vs. Curtis 2,Trevor Peek,Charlie Campbell,us,zewnetrzne,2025-07-27 09:10:07.798897+00:00,latest,2.3,1.645161,id_direct
6ff21ea2c75c48ed,2024-04-06,UFC Fight Night: Allen vs. Curtis 2,Christos Giagos,Ignacio Bahamondes,us,zewnetrzne,2025-07-27 09:10:07.798897+00:00,latest,3.5,1.322581,id_swapped
9c22ddb8d8fc1838,2024-04-06,UFC Fight Night: Allen vs. Curtis 2,Alexander Hernandez,Damon Jackson,us,zewnetrzne,2025-07-27 09:10:07.798897+00:00,latest,1.540541,2.54,id_direct
01f7c28804746979,2024-04-13,UFC 300: Pereira vs. Hill,Charles Oliveira,Arman Tsarukyan,us,zewnetrzne,2025-07-27 09:10:07.798897+00:00,latest,2.9,1.458716,id_direct
0c2e3988793b418c,2024-04-13,UFC 300: Pereira vs. Hill,Bo Nickal,Cody Brundage,us,zewnetrzne,2025-07-27 09:10:07.798897+00:00,latest,1.0625,10.0,id_direct
538ca98010ed00ec,2024-04-13,UFC 300: Pereira vs. Hill,Sodiq Yusuff,Diego Lopes,us,zewnetrzne,2025-07-27 09:10:07.798897+00:00,latest,2.2,1.704225,id_direct
66eddbe35056c06d,2024-04-13,UFC 300: Pereira vs. Hill,Zhang Weili,Yan Xiaonan,us,zewnetrzne,2025-07-27 09:10:07.798897+00:00,latest,1.21978,4.5,id_direct
cf5e8f98159c3971,2024-04-13,UFC 300: Pereira vs. Hill,Max Holloway,Justin Gaethje,us,zewnetrzne,2025-07-27 09:10:07.798897+00:00,latest,2.54,1.540541,id_swapped
d95f21817a56eb05,2024-04-13,UFC 300: Pereira vs. Hill,Calvin Kattar,Aljamain Sterling,us,zewnetrzne,2025-07-27 09:10:07.798897+00:00,latest,2.54,1.540541,id_direct
e4931f3ab3bf4141,2024-04-13,UFC 300: Pereira vs. Hill,Jamahal Hill,Alex Pereira,us,zewnetrzne,2025-07-27 09:10:07.798897+00:00,latest,2.1,1.769231,id_swapped
eda1e8c285a0a788,2024-04-13,UFC 300: Pereira vs. Hill,Jiri Prochazka,Aleksandar Rakic,us,zewnetrzne,2025-07-27 09:10:07.798897+00:00,latest,2.05,1.8,id_direct
0976778a6e6cf8a8,2024-04-27,UFC Fight Night: Nicolau vs. Perez,Gabriel Benitez,Maheshate,us,zewnetrzne,2025-07-27 09:10:07.798897+00:00,latest,2.9,1.434783,id_direct
417049c7a3d65ccc,2024-04-27,UFC Fight Night: Nicolau vs. Perez,Don'Tale Mayes,Caio Machado,us,zewnetrzne,2025-07-27 09:10:07.798897+00:00,latest,2.14,1.740741,id_direct
4915c8a588513c22,2024-04-27,UFC Fight Night: Nicolau vs. Perez,Ketlen Souza,Marnic Mann,us,zewnetrzne,2025-07-27 09:10:07.798897+00:00,latest,1.28169,3.8,id_swapped
55231cc4112334b4,2024-04-27,UFC Fight Night: Nicolau vs. Perez,Rani Yahya,Victor Henry,us,zewnetrzne,2025-07-27 09:10:07.798897+00:00,latest,3.95,1.266667,id_direct
681cd3cc6299d652,2024-04-27,UFC Fight Night: Nicolau vs. Perez,Michal Figlak,Austin Hubbard,us,zewnetrzne,2025-07-27 09:10:07.798897+00:00,latest,1.571429,2.45,id_swapped
6ea77cb62aa2f276,2024-04-27,UFC Fight Night: Nicolau vs. Perez,Tim Means,Uros Medic,us,zewnetrzne,2025-07-27 09:10:07.798897+00:00,latest,3.1,1.357143,id_direct
7ca5604d99220e88,2024-04-27,UFC Fight Night: Nicolau vs. Perez,Jonathan Pearce,David Onama,us,zewnetrzne,2025-07-27 09:10:07.798897+00:00,latest,1.617284,2.36,id_direct
2db0998b24c11ea0,2024-05-04,UFC 301: Pantoja vs. Erceg,Caio Borralho,Paul Craig,us,zewnetrzne,2025-07-27 09:10:07.798897+00:00,latest,1.192308,4.9,id_swapped
2faf5b8d708f8e94,2024-05-04,UFC 301: Pantoja vs. Erceg,Drakkar Klose,Joaquim Silva,us,zewnetrzne,2025-07-27 09:10:07.798897+00:00,latest,1.5,2.54,id_swapped
3e74caa9fff4a5eb,2024-05-04,UFC 301: Pantoja vs. Erceg,Ihor Potieria,Michel Pereira,us,zewnetrzne,2025-07-27 09:10:07.798897+00:00,latest,4.7,1.206186,id_swapped
3f419fce8ba8aa0e,2024-05-04,UFC 301: Pantoja vs. Erceg,Steve Erceg,Alexandre Pantoja,us,zewnetrzne,2025-07-27 09:10:07.798897+00:00,latest,2.5,1.555556,id_swapped
8a121f9c48f3773c,2024-05-04,UFC 301: Pantoja vs. Erceg,Elves Brener,Myktybek Orolbai,us,zewnetrzne,2025-07-27 09:10:07.798897+00:00,latest,3.05,1.4,id_direct
a8718a3419a11e15,2024-05-04,UFC 301: Pantoja vs. Erceg,Vitor Petrino,Anthony Smith,us,zewnetrzne,2025-07-27 09:10:07.798897+00:00,latest,1.243902,4.2,id_swapped
b3d88eaea611a4a8,2024-05-04,UFC 301: Pantoja vs. Erceg,Jose Aldo,Jonathan Martinez,us,zewnetrzne,2025-07-27 09:10:07.798897+00:00,latest,2.4,1.60241,id_direct
c456b1950208e0b2,2024-05-04,UFC 301: Pantoja vs. Erceg,Joanderson Brito,Jack Shore,us,zewnetrzne,2025-07-27 09:10:07.798897+00:00,latest,1.458716,2.8,id_swapped
c84a29f426f1aab7,2024-05-04,UFC 301: Pantoja vs. Erceg,Iasmin Lucindo,Karolina Kowalkiewicz,us,zewnetrzne,2025-07-27 09:10:07.798897+00:00,latest,1.28169,3.8,id_swapped
13d8d5cd83e5b57e,2024-05-11,UFC Fight Night: Lewis vs. Nascimento,Tecia Pennington,Tabatha Ricci,us,zewnetrzne,2025-07-27 09:10:07.798897+00:00,latest,2.28,1.657895,id_swapped
420a5e3b4010ebef,2024-05-11,UFC Fight Night: Lewis vs. Nascimento,Viacheslav Borshchev,Chase Hooper,us,zewnetrzne,2025-07-27 09:10:07.798897+00:00,latest,1.833333,1.909091,id_swapped
4b45f190122a1ce1,2024-05-11,UFC Fight Night: Lewis vs. Nascimento,Jake Hadley,Charles Johnson,us,zewnetrzne,2025-07-27 09:10:07.798897+00:00,latest,1.980392,1.847458,id_swapped
8aa07b6cc40f0cb2,2024-05-11,UFC Fight Night: Lewis vs. Nascimento,Sean Woodson,Alex Caceres,us,zewnetrzne,2025-07-27 09:10:07.798897+00:00,latest,1.33557,3.2,id_swapped
8d9bcbb48888a5a3,2024-05-11,UFC Fight Night: Lewis vs. Nascimento,Esteban Ribovics,Terrance McKinney,us,zewnetrzne,2025-07-27 09:10:07.798897+00:00,latest,1.666667,2.2,id_swapped
ccf3b6eda4c2a564,2024-05-11,UFC Fight Night: Lewis vs. Nascimento,Veronica Hardy,JJ Aldrich,us,zewnetrzne,2025-07-27 09:10:07.798897+00:00,latest,1.847458,1.980392,id_swapped
e98eb6de29c62c9c,2024-05-11,UFC Fight Night: Lewis vs. Nascimento,Robelis Despaigne,Waldo Cortes-Acosta,us,zewnetrzne,2025-07-27 09:10:07.798897+00:00,latest,1.434783,2.9,id_swapped
ec5d705232983b87,2024-05-11,UFC Fight Night: Lewis vs. Nascimento,Trey Waters,Billy Ray Goff,us,zewnetrzne,2025-07-27 09:10:07.798897+00:00,latest,1.60241,2.3,id_swapped
17aa636aa98678d3,2024-05-18,UFC Fight Night: Barboza vs. Murphy,Lerone Murphy,Edson Barboza,us,zewnetrzne,2025-07-27 09:10:07.798897+00:00,latest,1.60241,2.3,id_swapped
20220ace492af368,2024-05-18,UFC Fight Night: Barboza vs. Murphy,Ramiz Brahimaj,Themba Gorimbo,us,zewnetrzne,2025-07-27 09:10:07.798897+00:00,latest,2.02,1.819672,id_swapped
85ddb65429a9d517,2024-05-18,UFC Fight Night: Barboza vs. Murphy,Khaos Williams,Carlston Harris,us,zewnetrzne,2025-07-27 09:10:07.798897+00:00,latest,1.819672,2.02,id_direct
052f53e006b28132,2024-06-08,UFC Fight Night: Cannonier vs. Imavov,Jared Cannonier,Nassourdine Imavov,us,zewnetrzne,2025-07-27 09:10:07.798897+00:00,latest,2.1,1.769231,id_direct
2d12ae4683bbf433,2024-06-08,UFC Fight Night: Cannonier vs. Imavov,Dominick Reyes,Dustin Jacoby,us,zewnetrzne,2025-07-27 09:10:07.798897+00:00,latest,2.9,1.4,id_direct
393f9bc7b51791a6,2024-06-08,UFC Fight Night: Cannonier vs. Imavov,Punahele Soriano,Miguel Baeza,us,zewnetrzne,2025-07-27 09:10:07.798897+00:00,latest,2.6,1.520833,id_swapped
3b12094dd48c2dc5,2024-06-08,UFC Fight Night: Cannonier vs. Imavov,Zachary Reese,Julian Marquez,us,zewnetrzne,2025-07-27 09:10:07.798897+00:00,latest,2.14,1.689655,id_swapped
b34abcfe4c2e8a57,2024-06-08,UFC Fight Night: Cannonier vs. Imavov,Ricky Turcios,Raul Rosas Jr.,us,zewnetrzne,2025-07-27 09:10:07.798897+00:00,latest,3.2,1.33557,id_swapped
dcc0c53100fa1dd2,2024-06-08,UFC Fight Night: Cannonier vs. Imavov,Brunno Ferreira,Dustin Stoltzfus,us,zewnetrzne,2025-07-27 09:10:07.798897+00:00,latest,1.350877,3.3,id_direct
3b1438e9ec64990e,2024-06-15,UFC Fight Night: Perez vs. Taira,Jose Johnson,Asu Almabayev,us,zewnetrzne,2025-07-27 09:10:07.798897+00:00,latest,4.1,1.253165,id_swapped
6bdb93f9b4581bf6,2024-06-15,UFC Fight Night: Perez vs. Taira,Douglas Silva de Andrade,Miles Johns,us,zewnetrzne,2025-07-27 09:10:07.798897+00:00,latest,2.4,1.555556,id_direct
6f31285305881fe3,2024-06-15,UFC Fight Night: Perez vs. Taira,Jimmy Flick,Nate Maness,us,zewnetrzne,2025-07-27 09:10:07.798897+00:00,latest,5.5,1.138889,id_direct
78a7bf038e56881d,2024-06-15,UFC Fight Night: Perez vs. Taira,Timmy Cuamba,Lucas Almeida,us,zewnetrzne,2025-07-27 09:10:07.798897+00:00,latest,1.505051,2.64,id_direct
7f14be4e45bca6bd,2024-06-15,UFC Fight Night: Perez vs. Taira,Tatsuro Taira,Alex Perez,us,zewnetrzne,2025-07-27 09:10:07.798897+00:00,latest,1.384615,2.95,id_swapped
94f5b35b2b6c72b1,2024-06-15,UFC Fight Night: Perez vs. Taira,Shayilan Nuerdanbieke,Melquizael Costa,us,zewnetrzne,2025-07-27 09:10:07.798897+00:00,latest,2.8,1.420168,id_swapped
ab7bc93bdf4132c4,2024-06-15,UFC Fight Night: Perez vs. Taira,Josh Quinlan,Adam Fugitt,us,zewnetrzne,2025-07-27 09:10:07.798897+00:00,latest,1.689655,2.14,id_direct
e47523ac32bfa24c,2024-06-15,UFC Fight Night: Perez vs. Taira,Jeka Saragih,Westin Wilson,us,zewnetrzne,2025-07-27 09:10:07.798897+00:00,latest,1.277778,3.6,id_direct
fea3a0643218e16b,2024-06-15,UFC Fight Night: Perez vs. Taira,Garrett Armfield,Brady Hiestand,us,zewnetrzne,2025-07-27 09:10:07.798897+00:00,latest,1.350877,3.3,id_swapped
774fb0c0c1c2bc6a,2024-06-22,UFC Fight Night: Whittaker vs. Aliskerov,Jared Gordon,Nasrat Haqparast,us,zewnetrzne,2025-07-27 09:10:07.798897+00:00,latest,3.05,1.4,id_swapped
8db5cf5df713a7e9,2024-06-22,UFC Fight Night: Whittaker vs. Aliskerov,Muin Gafurov,Kyung Ho Kang,us,zewnetrzne,2025-07-27 09:10:07.798897+00:00,latest,1.512821,2.5,id_swapped
8ddd53a7ed3754d5,2024-06-22,UFC Fight Night: Whittaker vs. Aliskerov,Daniel Rodriguez,Kelvin Gastelum,us,zewnetrzne,2025-07-27 09:10:07.798897+00:00,latest,2.7,1.454545,id_swapped
9d5f562e0572058c,2024-06-22,UFC Fight Night: Whittaker vs. Aliskerov,Volkan Oezdemir,Johnny Walker,us,zewnetrzne,2025-07-27 09:10:07.798897+00:00,latest,2.1,1.769231,id_swapped
cd3bb8a2824fbf22,2024-06-22,UFC Fight Night: Whittaker vs. Aliskerov,Alexander Volkov,Sergei Pavlovich,us,zewnetrzne,2025-07-27 09:10:07.798897+00:00,latest,2.8,1.420168,id_swapped
de1acb6803ab3f14,2024-06-22,UFC Fight Night: Whittaker vs. Aliskerov,Rinat Fakhretdinov,Nicolas Dalby,us,zewnetrzne,2025-07-27 09:10:07.798897+00:00,latest,1.253165,4.1,id_direct
eba46dbf9cdd83c0,2024-06-22,UFC Fight Night: Whittaker vs. Aliskerov,Ikram Aliskerov,Robert Whittaker,us,zewnetrzne,2025-07-27 09:10:07.798897+00:00,latest,2.0,1.769231,id_swapped
08489fdfb56ee19c,2024-06-29,UFC 303: Pereira vs. Prochazka 2,Andre Fili,Cub Swanson,us,zewnetrzne,2025-07-27 09:10:07.798897+00:00,latest,1.420168,2.8,id_swapped
2b7883b304b3df1c,2024-06-29,UFC 303: Pereira vs. Prochazka 2,Jean Silva,Charles Jourdain,us,zewnetrzne,2025-07-27 09:10:07.798897+00:00,latest,2.14,1.740741,id_swapped
5f8a92f10e5451ce,2024-06-29,UFC 303: Pereira vs. Prochazka 2,Payton Talbott,Yanis Ghemmouri,us,zewnetrzne,2025-07-27 09:10:07.798897+00:00,latest,1.057143,9.5,id_direct
a571c622ab89b3d9,2024-06-29,UFC 303: Pereira vs. Prochazka 2,Macy Chiasson,Mayra Bueno Silva,us,zewnetrzne,2025-07-27 09:10:07.798897+00:00,latest,1.8,1.952381,id_swapped
bca5d01f8775f852,2024-06-29,UFC 303: Pereira vs. Prochazka 2,Jiri Prochazka,Alex Pereira,us,zewnetrzne,2025-07-27 09:10:07.798897+00:00,latest,2.14,1.689655,id_swapped
bf878c083a6b30ad,2024-06-29,UFC 303: Pereira vs. Prochazka 2,Roman Dolidze,Anthony Smith,us,zewnetrzne,2025-07-27 09:10:07.798897+00:00,latest,1.689655,2.14,id_swapped
daa6b47be304ec86,2024-06-29,UFC 303: Pereira vs. Prochazka 2,Marc-Andre Barriault,Joe Pyfer,us,zewnetrzne,2025-07-27 09:10:07.798897+00:00,latest,3.5,1.289855,id_swapped
fbf77262d8da342b,2024-06-29,UFC 303: Pereira vs. Prochazka 2,Ian Machado Garry,Michael Page,us,zewnetrzne,2025-07-27 09:10:07.798897+00:00,latest,1.5,2.54,id_direct
fc8ad0c7fc70dde7,2024-06-29,UFC 303: Pereira vs. Prochazka 2,Dan Ige,Diego Lopes,us,zewnetrzne,2025-07-27 09:10:07.798897+00:00,latest,3.4,1.33557,id_direct
1394ce1832ddefe0,2024-07-13,UFC Fight Night: Namajunas vs. Cortez,Rose Namajunas,Tracy Cortez,us,zewnetrzne,2025-07-27 09:10:07.798897+00:00,latest,1.37037,3.0,id_direct
54de03e04f571735,2024-07-13,UFC Fight Night: Namajunas vs. Cortez,Drew Dober,Jean Silva,us,zewnetrzne,2025-07-27 09:10:07.798897+00:00,latest,1.909091,1.909091,id_direct
5eebde8fb4d67259,2024-07-13,UFC Fight Night: Namajunas vs. Cortez,Montel Jackson,Da'Mon Blackshear,us,zewnetrzne,2025-07-27 09:10:07.798897+00:00,latest,1.869565,1.952381,id_direct
80108a70c4afa6c2,2024-07-13,UFC Fight Night: Namajunas vs. Cortez,Joshua Van,Charles Johnson,us,zewnetrzne,2025-07-27 09:10:07.798897+00:00,latest,1.37037,3.2,id_direct
a63bb85cc39389c7,2024-07-13,UFC Fight Night: Namajunas vs. Cortez,Christian Rodriguez,Julian Erosa,us,zewnetrzne,2025-07-27 09:10:07.798897+00:00,latest,1.37037,3.2,id_swapped
dad759ec50508147,2024-07-13,UFC Fight Night: Namajunas vs. Cortez,Gabriel Bonfim,Ange Loosa,us,zewnetrzne,2025-07-27 09:10:07.798897+00:00,latest,1.243902,4.2,id_direct
dff8e4ef87d69516,2024-07-13,UFC Fight Night: Namajunas vs. Cortez,Muslim Salikhov,Santiago Ponzinibbio,us,zewnetrzne,2025-07-27 09:10:07.798897+00:00,latest,2.45,1.531915,id_swapped
e06bfd0100eccbad,2024-07-13,UFC Fight Night: Namajunas vs. Cortez,Luana Santos,Mariya Agapova,us,zewnetrzne,2025-07-27 09:10:07.798897+00:00,latest,1.235294,4.0,id_direct
120ec60ad18cf6c5,2024-07-20,UFC Fight Night: Lemos vs. Jandiroba,Steve Garcia,SeungWoo Choi,us,zewnetrzne,2025-07-27 09:10:07.798897+00:00,latest,1.571429,2.45,id_direct
4a00db8aeff200a2,2024-07-20,UFC Fight Night: Lemos vs. Jandiroba,Amanda Lemos,Virna Jandiroba,us,zewnetrzne,2025-07-27 09:10:07.798897+00:00,latest,1.909091,1.833333,id_direct
6e6567a98ea78891,2024-07-20,UFC Fight Night: Lemos vs. Jandiroba,Hyder Amil,JeongYeong Lee,us,zewnetrzne,2025-07-27 09:10:07.798897+00:00,latest,2.8,1.458716,id_swapped
94541dd979e0b4bd,2024-07-20,UFC Fight Night: Lemos vs. Jandiroba,Bruno Silva,Cody Durden,us,zewnetrzne,2025-07-27 09:10:07.798897+00:00,latest,1.625,2.24,id_swapped
9eaa33f874bbb999,2024-07-20,UFC Fight Night: Lemos vs. Jandiroba,Kurt Holobaugh,Kaynan Kruschewsky,us,zewnetrzne,2025-07-27 09:10:07.798897+00:00,latest,2.24,1.625,id_direct
ec8bc554a0646638,2024-07-20,UFC Fight Night: Lemos vs. Jandiroba,Bill Algeo,Dooho Choi,us,zewnetrzne,2025-07-27 09:10:07.798897+00:00,latest,1.434783,2.9,id_swapped
45e6a9b56ee3a9d1,2024-07-27,UFC 304: Edwards vs. Muhammad 2,Nathaniel Wood,Daniel Pineda,us,zewnetrzne,2025-07-27 09:10:07.798897+00:00,latest,1.210526,4.25,id_direct
678eda89a096dde8,2024-07-27,UFC 304: Edwards vs. Muhammad 2,Molly McCann,Bruna Brasil,us,zewnetrzne,2025-07-27 09:10:07.798897+00:00,latest,1.289855,3.5,id_direct
8a2e28da18ba6a25,2024-07-27,UFC 304: Edwards vs. Muhammad 2,Arnold Allen,Giga Chikadze,us,zewnetrzne,2025-07-27 09:10:07.798897+00:00,latest,1.37037,3.2,id_direct
9d8c32c60df0e287,2024-07-27,UFC 304: Edwards vs. Muhammad 2,Caolan Loughran,Jake Hadley,us,zewnetrzne,2025-07-27 09:10:07.798897+00:00,latest,1.420168,2.95,id_swapped
d6e240c47ba6034d,2024-07-27,UFC 304: Edwards vs. Muhammad 2,Manel Kape,Muhammad Mokaev,us,zewnetrzne,2025-07-27 09:10:07.798897+00:00,latest,2.7,1.454545,id_swapped
ec434314c5438fc7,2024-07-27,UFC 304: Edwards vs. Muhammad 2,Tom Aspinall,Curtis Blaydes,us,zewnetrzne,2025-07-27 09:10:07.798897+00:00,latest,1.235294,4.0,id_direct
ec5163539a133f17,2024-07-27,UFC 304: Edwards vs. Muhammad 2,Belal Muhammad,Leon Edwards,us,zewnetrzne,2025-07-27 09:10:07.798897+00:00,latest,3.0,1.37037,id_swapped
f02fed4e98048471,2024-07-27,UFC 304: Edwards vs. Muhammad 2,Christian Leroy Duncan,Gregory Rodrigues,us,zewnetrzne,2025-07-27 09:10:07.798897+00:00,latest,1.833333,2.0,id_direct
1cd63899011c4bf6,2024-08-03,UFC Fight Night: Sandhagen vs. Nurmagomedov,Mohammad Yahya,Kaue Fernandes,us,zewnetrzne,2025-07-27 09:10:07.798897+00:00,latest,3.5,1.289855,id_direct
2d39c26876246223,2024-08-03,UFC Fight Night: Sandhagen vs. Nurmagomedov,Tony Ferguson,Michael Chiesa,us,zewnetrzne,2025-07-27 09:10:07.798897+00:00,latest,4.6,1.185185,id_direct
33655fd07cfbe034,2024-08-03,UFC Fight Night: Sandhagen vs. Nurmagomedov,Umar Nurmagomedov,Cory Sandhagen,us,zewnetrzne,2025-07-27 09:10:07.798897+00:00,latest,1.253165,3.8,id_swapped
637f792270a0c746,2024-08-03,UFC Fight Night: Sandhagen vs. Nurmagomedov,Don'Tale Mayes,Shamil Gaziev,us,zewnetrzne,2025-07-27 09:10:07.798897+00:00,latest,8.5,1.068966,id_swapped
b38450d9aa0f52b8,2024-08-03,UFC Fight Night: Sandhagen vs. Nurmagomedov,Shara Magomedov,Michal Oleksiejczuk,us,zewnetrzne,2025-07-27 09:10:07.798897+00:00,latest,1.289855,3.5,id_direct
bb85e207eba236bc,2024-08-03,UFC Fight Night: Sandhagen vs. Nurmagomedov,Marlon Vera,Deiveson Figueiredo,us,zewnetrzne,2025-07-27 09:10:07.798897+00:00,latest,2.24,1.675676,id_direct
d038ff5ac21094f3,2024-08-03,UFC Fight Night: Sandhagen vs. Nurmagomedov,Rolando Bedoya,Jai Herbert,us,zewnetrzne,2025-07-27 09:10:07.798897+00:00,latest,1.909091,1.833333,id_swapped
d0d74672150ddea3,2024-08-03,UFC Fight Night: Sandhagen vs. Nurmagomedov,Mackenzie Dern,Loopy Godinez,us,zewnetrzne,2025-07-27 09:10:07.798897+00:00,latest,1.714286,2.1,id_direct
de767dd5216bcad9,2024-08-03,UFC Fight Night: Sandhagen vs. Nurmagomedov,Elves Brener,Joel Alvarez,us,zewnetrzne,2025-07-27 09:10:07.798897+00:00,latest,2.3,1.60241,id_swapped
e6851877e33d343f,2024-08-03,UFC Fight Night: Sandhagen vs. Nurmagomedov,Denis Tiuliulin,Sedriques Dumas,us,zewnetrzne,2025-07-27 09:10:07.798897+00:00,latest,2.95,1.420168,id_swapped
f80143e1f3c3d319,2024-08-03,UFC Fight Night: Sandhagen vs. Nurmagomedov,Viktoriia Dudakova,Sam Hughes,us,zewnetrzne,2025-07-27 09:10:07.798897+00:00,latest,1.434783,2.75,id_direct
fbbb703581440496,2024-08-03,UFC Fight Night: Sandhagen vs. Nurmagomedov,Alonzo Menifield,Azamat Murzakanov,us,zewnetrzne,2025-07-27 09:10:07.798897+00:00,latest,3.4,1.33557,id_swapped
84973bbdffaf0d0e,2024-08-10,UFC Fight Night: Tybura vs. Spivac 2,Marcin Tybura,Serghei Spivac,us,zewnetrzne,2025-07-27 09:10:07.798897+00:00,latest,2.24,1.625,id_direct
e72a2130e7387637,2024-08-10,UFC Fight Night: Tybura vs. Spivac 2,Damon Jackson,Chepe Mariscal,us,zewnetrzne,2025-07-27 09:10:07.798897+00:00,latest,2.52,1.555556,id_direct
059f5cf0e9e37627,2024-08-17,UFC 305: Du Plessis vs. Adesanya,Dan Hooker,Mateusz Gamrot,us,zewnetrzne,2025-07-27 09:10:07.798897+00:00,latest,4.1,1.224719,id_swapped
3c319d4659e6c8fd,2024-08-17,UFC 305: Du Plessis vs. Adesanya,Carlos Prates,Li Jingliang,us,zewnetrzne,2025-07-27 09:10:07.798897+00:00,latest,1.243902,4.2,id_swapped
43ebfc8914a39061,2024-08-17,UFC 305: Du Plessis vs. Adesanya,Ricardo Ramos,Josh Culibao,us,zewnetrzne,2025-07-27 09:10:07.798897+00:00,latest,2.05,1.740741,id_swapped
6c44af21414e4143,2024-08-17,UFC 305: Du Plessis vs. Adesanya,Dricus Du Plessis,Israel Adesanya,us,zewnetrzne,2025-07-27 09:10:07.798897+00:00,latest,1.833333,2.0,id_direct
b9d5c77ae7a8109b,2024-08-17,UFC 305: Du Plessis vs. Adesanya,Casey O'Neill,Luana Santos,us,zewnetrzne,2025-07-27 09:10:07.798897+00:00,latest,2.24,1.625,id_direct
bf8c5effd23f69c4,2024-08-17,UFC 305: Du Plessis vs. Adesanya,Steve Erceg,Kai Kara-France,us,zewnetrzne,2025-07-27 09:10:07.798897+00:00,latest,1.33557,3.2,id_swapped
bfff6cf22c1c569c,2024-08-17,UFC 305: Du Plessis vs. Adesanya,Herbert Burns,Jack Jenkins,us,zewnetrzne,2025-07-27 09:10:07.798897+00:00,latest,7.0,1.095238,id_swapped
dd3d8f7066c145b7,2024-08-17,UFC 305: Du Plessis vs. Adesanya,Jairzinho Rozenstruik,Tai Tuivasa,us,zewnetrzne,2025-07-27 09:10:07.798897+00:00,latest,1.384615,2.95,id_swapped
ea4ff1d77928b029,2024-08-17,UFC 305: Du Plessis vs. Adesanya,Junior Tafa,Valter Walker,us,zewnetrzne,2025-07-27 09:10:07.798897+00:00,latest,2.14,1.689655,id_direct
15805ae1eea3343e,2024-08-24,UFC Fight Night: Cannonier vs. Borralho,Jared Cannonier,Caio Borralho,us,zewnetrzne,2025-07-27 09:10:07.798897+00:00,latest,3.6,1.307692,id_direct
2cbd53e43d3f606b,2024-08-24,UFC Fight Night: Cannonier vs. Borralho,Edmen Shahbazyan,Gerald Meerschaert,us,zewnetrzne,2025-07-27 09:10:07.798897+00:00,latest,1.307692,3.6,id_direct
560f1e26c2a6690a,2024-08-24,UFC Fight Night: Cannonier vs. Borralho,Francis Marshall,Dennis Buzukja,us,zewnetrzne,2025-07-27 09:10:07.798897+00:00,latest,1.458716,2.8,id_swapped
70afe9e0d2422252,2024-08-24,UFC Fight Night: Cannonier vs. Borralho,Tabatha Ricci,Angela Hill,us,zewnetrzne,2025-07-27 09:10:07.798897+00:00,latest,1.520833,2.6,id_swapped
903d588b30a471e8,2024-08-24,UFC Fight Night: Cannonier vs. Borralho,Josiane Nunes,Jacqueline Cavalcanti,us,zewnetrzne,2025-07-27 09:10:07.798897+00:00,latest,3.35,1.344828,id_swapped
ae50a1a655b1a8f6,2024-08-24,UFC Fight Night: Cannonier vs. Borralho,Neil Magny,Michael Morales,us,zewnetrzne,2025-07-27 09:10:07.798897+00:00,latest,7.0,1.111111,id_direct
ba8eda6993922ba0,2024-08-24,UFC Fight Night: Cannonier vs. Borralho,Viacheslav Borshchev,James Llontop,us,zewnetrzne,2025-07-27 09:10:07.798897+00:00,latest,1.387597,3.1,id_direct
69bde5bae0d6ec4f,2024-09-07,UFC Fight Night: Burns vs. Brady,Felipe dos Santos,Andre Lima,us,zewnetrzne,2025-07-27 09:10:07.798897+00:00,latest,2.4,1.60241,id_direct
6e9876d2be2bbd02,2024-09-07,UFC Fight Night: Burns vs. Brady,Yizha,Gabriel Santos,us,zewnetrzne,2025-07-27 09:10:07.798897+00:00,latest,3.2,1.37037,id_direct
75fa9c0bb31caaa3,2024-09-07,UFC Fight Night: Burns vs. Brady,Trevor Peek,Yanal Ashmouz,us,zewnetrzne,2025-07-27 09:10:07.798897+00:00,latest,2.05,1.8,id_direct
abfd5ac6cf186d8a,2024-09-07,UFC Fight Night: Burns vs. Brady,Isaac Dulgarian,Brendon Marotte,us,zewnetrzne,2025-07-27 09:10:07.798897+00:00,latest,1.047619,12.0,id_direct
b80c6eba11c54778,2024-09-07,UFC Fight Night: Burns vs. Brady,Chris Padilla,Rongzhu,us,zewnetrzne,2025-07-27 09:10:07.798897+00:00,latest,3.1,1.387597,id_swapped
f1613b372748c8bb,2024-09-07,UFC Fight Night: Burns vs. Brady,Vanessa Demopoulos,Jaqueline Amorim,us,zewnetrzne,2025-07-27 09:10:07.798897+00:00,latest,3.1,1.387597,id_swapped
f734b497add754af,2024-09-07,UFC Fight Night: Burns vs. Brady,Andre Petroski,Dylan Budka,us,zewnetrzne,2025-07-27 09:10:07.798897+00:00,latest,1.33557,3.4,id_direct
fe59646ebad8b6e4,2024-09-07,UFC Fight Night: Burns vs. Brady,Matt Schnell,Cody Durden,us,zewnetrzne,2025-07-27 09:10:07.798897+00:00,latest,3.25,1.359712,id_direct
2335e75ce63805b6,2024-09-14,UFC 306: Riyadh Season Noche UFC,Brian Ortega,Diego Lopes,us,zewnetrzne,2025-07-27 09:10:07.798897+00:00,latest,2.7,1.487805,id_direct
2397e2a92710705a,2024-09-14,UFC 306: Riyadh Season Noche UFC,Irene Aldana,Norma Dumont,us,zewnetrzne,2025-07-27 09:10:07.798897+00:00,latest,2.1,1.769231,id_direct
27d98a8ee6608e27,2024-09-14,UFC 306: Riyadh Season Noche UFC,Esteban Ribovics,Daniel Zellhuber,us,zewnetrzne,2025-07-27 09:10:07.798897+00:00,latest,2.64,1.505051,id_swapped
3146e5a47a922976,2024-09-14,UFC 306: Riyadh Season Noche UFC,Sean O'Malley,Merab Dvalishvili,us,zewnetrzne,2025-07-27 09:10:07.798897+00:00,latest,2.0,1.833333,id_direct
3733d100f7bd5590,2024-09-14,UFC 306: Riyadh Season Noche UFC,Manuel Torres,Ignacio Bahamondes,us,zewnetrzne,2025-07-27 09:10:07.798897+00:00,latest,1.769231,2.1,id_direct
6f83cfae0c800ef8,2024-09-14,UFC 306: Riyadh Season Noche UFC,Valentina Shevchenko,Alexa Grasso,us,zewnetrzne,2025-07-27 09:10:07.798897+00:00,latest,2.1,1.769231,id_swapped
78b506e5092a27fd,2024-09-14,UFC 306: Riyadh Season Noche UFC,Ode Osbourne,Ronaldo Rodriguez,us,zewnetrzne,2025-07-27 09:10:07.798897+00:00,latest,2.7,1.487805,id_swapped
c60a317c7767abb7,2024-09-14,UFC 306: Riyadh Season Noche UFC,Yazmin Jauregui,Ketlen Souza,us,zewnetrzne,2025-07-27 09:10:07.798897+00:00,latest,1.186916,5.0,id_direct
dae8ad2e03aa4a9a,2024-09-14,UFC 306: Riyadh Season Noche UFC,Joshua Van,Edgar Chairez,us,zewnetrzne,2025-07-27 09:10:07.798897+00:00,latest,1.359712,3.25,id_swapped
19706d8ba0edf9cd,2024-09-28,UFC Fight Night: Moicano vs. Saint Denis,Joanderson Brito,William Gomis,us,zewnetrzne,2025-07-27 09:10:07.798897+00:00,latest,1.327869,3.45,id_swapped
3599e9de4ae0e171,2024-09-28,UFC Fight Night: Moicano vs. Saint Denis,Oumar Sy,Da Woon Jung,us,zewnetrzne,2025-07-27 09:10:07.798897+00:00,latest,1.16,5.55,id_direct
45f00a42a17f8e2a,2024-09-28,UFC Fight Night: Moicano vs. Saint Denis,Kevin Jousset,Bryan Battle,us,zewnetrzne,2025-07-27 09:10:07.798897+00:00,latest,2.6,1.520833,id_direct
47d978a984a163aa,2024-09-28,UFC Fight Night: Moicano vs. Saint Denis,Victor Altamirano,Daniel Barez,us,zewnetrzne,2025-07-27 09:10:07.798897+00:00,latest,1.8,2.05,id_swapped
62ff1e5deb124ff5,2024-09-28,UFC Fight Night: Moicano vs. Saint Denis,Brendan Allen,Nassourdine Imavov,us,zewnetrzne,2025-07-27 09:10:07.798897+00:00,latest,2.85,1.444444,id_swapped
7ba432e218edc17d,2024-09-28,UFC Fight Night: Moicano vs. Saint Denis,Ailin Perez,Daria Zhelezniakova,us,zewnetrzne,2025-07-27 09:10:07.798897+00:00,latest,1.408163,3.0,id_direct
7ca4c91bab696b89,2024-09-28,UFC Fight Night: Moicano vs. Saint Denis,Renato Moicano,Benoit Saint Denis,us,zewnetrzne,2025-07-27 09:10:07.798897+00:00,latest,3.1,1.387597,id_direct
a187670c5ee1ec5f,2024-09-28,UFC Fight Night: Moicano vs. Saint Denis,Jacqueline Cavalcanti,Nora Cornolle,us,zewnetrzne,2025-07-27 09:10:07.798897+00:00,latest,1.487805,2.7,id_swapped
d063d46208c560b1,2024-09-28,UFC Fight Night: Moicano vs. Saint Denis,Vince Morales,Taylor Lapilus,us,zewnetrzne,2025-07-27 09:10:07.798897+00:00,latest,3.85,1.277778,id_swapped
d806aacf5b6ba7f6,2024-09-28,UFC Fight Night: Moicano vs. Saint Denis,Fares Ziam,Matt Frevola,us,zewnetrzne,2025-07-27 09:10:07.798897+00:00,latest,1.8,2.05,id_direct
e01019fbfe0e9528,2024-09-28,UFC Fight Night: Moicano vs. Saint Denis,Roosevelt Roberts,Ludovit Klein,us,zewnetrzne,2025-07-27 09:10:07.798897+00:00,latest,7.25,1.105263,id_swapped
eedc7fccf7037949,2024-09-28,UFC Fight Night: Moicano vs. Saint Denis,Bolaji Oki,Chris Duncan,us,zewnetrzne,2025-07-27 09:10:07.798897+00:00,latest,1.645161,2.3,id_direct
f114929ed709606e,2024-09-28,UFC Fight Night: Moicano vs. Saint Denis,Morgan Charriere,Gabriel Miranda,us,zewnetrzne,2025-07-27 09:10:07.798897+00:00,latest,1.192308,4.9,id_direct
1d68bb733de24b06,2024-10-05,UFC 307: Pereira vs. Rountree Jr.,Julianna Pena,Raquel Pennington,us,zewnetrzne,2025-07-27 09:10:07.798897+00:00,latest,2.3,1.645161,id_swapped
3d7d82fff71e395a,2024-10-05,UFC 307: Pereira vs. Rountree Jr.,Mario Bautista,Jose Aldo,us,zewnetrzne,2025-07-27 09:10:07.798897+00:00,latest,1.819672,2.02,id_swapped
5931cd9cf5da5f75,2024-10-05,UFC 307: Pereira vs. Rountree Jr.,Roman Dolidze,Kevin Holland,us,zewnetrzne,2025-07-27 09:10:07.798897+00:00,latest,2.24,1.675676,id_direct
69bca5091b2a31f6,2024-10-05,UFC 307: Pereira vs. Rountree Jr.,Stephen Thompson,Joaquin Buckley,us,zewnetrzne,2025-07-27 09:10:07.798897+00:00,latest,2.85,1.444444,id_direct
8c5e06c71f392f33,2024-10-05,UFC 307: Pereira vs. Rountree Jr.,Khalil Rountree Jr.,Alex Pereira,us,zewnetrzne,2025-07-27 09:10:07.798897+00:00,latest,4.3,1.235294,id_swapped
9ea124a13d071186,2024-10-05,UFC 307: Pereira vs. Rountree Jr.,Kayla Harrison,Ketlen Vieira,us,zewnetrzne,2025-07-27 09:10:07.798897+00:00,latest,1.090909,8.0,id_swapped
e8aad69aace1d31f,2024-10-05,UFC 307: Pereira vs. Rountree Jr.,Alexander Hernandez,Austin Hubbard,us,zewnetrzne,2025-07-27 09:10:07.798897+00:00,latest,1.925926,1.892857,id_swapped
eb73b63bbd7b88a7,2024-10-05,UFC 307: Pereira vs. Rountree Jr.,Iasmin Lucindo,Marina Rodriguez,us,zewnetrzne,2025-07-27 09:10:07.798897+00:00,latest,1.540541,2.54,id_swapped
ed5b6681ab4e83e5,2024-10-05,UFC 307: Pereira vs. Rountree Jr.,Ihor Potieria,Cesar Almeida,us,zewnetrzne,2025-07-27 09:10:07.798897+00:00,latest,4.8,1.2,id_swapped
48dd2c9cb39bd2d4,2024-10-12,UFC Fight Night: Royval vs. Taira,Cory McKenna,Julia Polastri,us,zewnetrzne,2025-07-27 09:10:07.798897+00:00,latest,1.892857,1.925926,id_swapped
57415110bd494c79,2024-10-12,UFC Fight Night: Royval vs. Taira,Themba Gorimbo,Niko Price,us,zewnetrzne,2025-07-27 09:10:07.798897+00:00,latest,1.344828,3.35,id_direct
69a5895fde58432c,2024-10-12,UFC Fight Night: Royval vs. Taira,Jonathan Pearce,Pat Sabatini,us,zewnetrzne,2025-07-27 09:10:07.798897+00:00,latest,1.555556,2.5,id_direct
98c29ba02cee5ba3,2024-10-12,UFC Fight Night: Royval vs. Taira,Grant Dawson,Rafa Garcia,us,zewnetrzne,2025-07-27 09:10:07.798897+00:00,latest,1.263158,4.0,id_direct
f690949d90ff1dee,2024-10-12,UFC Fight Night: Royval vs. Taira,Daniel Rodriguez,Alex Morono,us,zewnetrzne,2025-07-27 09:10:07.798897+00:00,latest,1.408163,3.0,id_direct
0599f35e6679de02,2024-10-19,UFC Fight Night: Hernandez vs. Pereira,Daniel Pineda,Darren Elkins,us,zewnetrzne,2025-07-27 09:10:07.798897+00:00,latest,2.42,1.588235,id_swapped
308f6cb830019ea9,2024-10-19,UFC Fight Night: Hernandez vs. Pereira,Brad Katona,Jean Matsumoto,us,zewnetrzne,2025-07-27 09:10:07.798897+00:00,latest,2.7,1.487805,id_direct
32b8c6c4b735d712,2024-10-19,UFC Fight Night: Hernandez vs. Pereira,Robelis Despaigne,Austen Lane,us,zewnetrzne,2025-07-27 09:10:07.798897+00:00,latest,1.235294,4.3,id_swapped
4277b02a4dadac40,2024-10-19,UFC Fight Night: Hernandez vs. Pereira,Melissa Martinez,Alice Ardelean,us,zewnetrzne,2025-07-27 09:10:07.798897+00:00,latest,1.645161,2.3,id_direct
503d7342cc08109f,2024-10-19,UFC Fight Night: Hernandez vs. Pereira,Sumudaerji,Charles Johnson,us,zewnetrzne,2025-07-27 09:10:07.798897+00:00,latest,3.45,1.327869,id_swapped
53f7f1b4834387a8,2024-10-19,UFC Fight Night: Hernandez vs. Pereira,Elise Reed,Jessica Penne,us,zewnetrzne,2025-07-27 09:10:07.798897+00:00,latest,1.434783,2.9,id_swapped
a2f2c64f9fb3fb1c,2024-10-19,UFC Fight Night: Hernandez vs. Pereira,Anthony Hernandez,Michel Pereira,us,zewnetrzne,2025-07-27 09:10:07.798897+00:00,latest,1.617284,2.36,id_direct
c61923255389e67c,2024-10-19,UFC Fight Night: Hernandez vs. Pereira,Matheus Nicolau,Asu Almabayev,us,zewnetrzne,2025-07-27 09:10:07.798897+00:00,latest,3.05,1.4,id_direct
f01b97e864cb4b8b,2024-10-19,UFC Fight Night: Hernandez vs. Pereira,Rob Font,Kyler Phillips,us,zewnetrzne,2025-07-27 09:10:07.798897+00:00,latest,5.55,1.16,id_direct
fc73ecbd83b7f159,2024-10-19,UFC Fight Night: Hernandez vs. Pereira,Tamires Vidal,Joselyne Edwards,us,zewnetrzne,2025-07-27 09:10:07.798897+00:00,latest,3.1,1.387597,id_swapped
108434acbbd75d26,2024-10-26,UFC 308: Topuria vs. Holloway,Shara Magomedov,Armen Petrosyan,us,zewnetrzne,2025-07-27 09:10:07.798897+00:00,latest,1.60241,2.4,id_direct
1d65c141776949d6,2024-10-26,UFC 308: Topuria vs. Holloway,Rafael Dos Anjos,Geoff Neal,us,zewnetrzne,2025-07-27 09:10:07.798897+00:00,latest,3.0,1.408163,id_swapped
5c783cd188425783,2024-10-26,UFC 308: Topuria vs. Holloway,Farid Basharat,Victor Hugo,us,zewnetrzne,2025-07-27 09:10:07.798897+00:00,latest,1.173913,5.25,id_direct
919e3c5cc6999cb3,2024-10-26,UFC 308: Topuria vs. Holloway,Mateusz Rebecki,Myktybek Orolbai,us,zewnetrzne,2025-07-27 09:10:07.798897+00:00,latest,3.15,1.377358,id_direct
af6eeea1cfe33240,2024-10-26,UFC 308: Topuria vs. Holloway,Brunno Ferreira,Abus Magomedov,us,zewnetrzne,2025-07-27 09:10:07.798897+00:00,latest,2.3,1.645161,id_swapped
b09f54654b0f95f5,2024-10-26,UFC 308: Topuria vs. Holloway,Aleksandar Rakic,Magomed Ankalaev,us,zewnetrzne,2025-07-27 09:10:07.798897+00:00,latest,3.7,1.294118,id_swapped
b8bf186f884678ea,2024-10-26,UFC 308: Topuria vs. Holloway,Khamzat Chimaev,Robert Whittaker,us,zewnetrzne,2025-07-27 09:10:07.798897+00:00,latest,1.408163,3.0,id_swapped
bde635a4f345bc3e,2024-10-26,UFC 308: Topuria vs. Holloway,Bruno Silva,Ismail Naurdiev,us,zewnetrzne,2025-07-27 09:10:07.798897+00:00,latest,2.24,1.675676,id_swapped
cc11a0762f246fa4,2024-10-26,UFC 308: Topuria vs. Holloway,Lerone Murphy,Dan Ige,us,zewnetrzne,2025-07-27 09:10:07.798897+00:00,latest,1.294118,3.7,id_direct
df7928de73fc2fe8,2024-10-26,UFC 308: Topuria vs. Holloway,Chris Barnett,Kennedy Nzechukwu,us,zewnetrzne,2025-07-27 09:10:07.798897+00:00,latest,6.5,1.125,id_swapped
ebf7cea27b83c432,2024-10-26,UFC 308: Topuria vs. Holloway,Max Holloway,Ilia Topuria,us,zewnetrzne,2025-07-27 09:10:07.798897+00:00,latest,3.45,1.327869,id_swapped
18729b11614406bf,2024-11-02,UFC Fight Night: Moreno vs. Albazi,Rose Namajunas,Erin Blanchfield,us,zewnetrzne,2025-07-27 09:10:07.798897+00:00,latest,2.3,1.645161,id_swapped
6ad594777cce2d7d,2024-11-02,UFC Fight Night: Moreno vs. Albazi,Dustin Stoltzfus,Marc-Andre Barriault,us,zewnetrzne,2025-07-27 09:10:07.798897+00:00,latest,3.2,1.37037,id_swapped
799acf3ae8a5df0a,2024-11-02,UFC Fight Night: Moreno vs. Albazi,Amir Albazi,Brandon Moreno,us,zewnetrzne,2025-07-27 09:10:07.798897+00:00,latest,2.5,1.555556,id_swapped
7edf2fe3a8776a44,2024-11-02,UFC Fight Night: Moreno vs. Albazi,Brendson Ribeiro,Caio Machado,us,zewnetrzne,2025-07-27 09:10:07.798897+00:00,latest,2.6,1.520833,id_swapped
d29a82322bb083d9,2024-11-02,UFC Fight Night: Moreno vs. Albazi,Trevin Giles,Mike Malott,us,zewnetrzne,2025-07-27 09:10:07.798897+00:00,latest,3.95,1.266667,id_swapped
eaa885cf7ae31e0b,2024-11-02,UFC Fight Night: Moreno vs. Albazi,Ariane da Silva,Jasmine Jasudavicius,us,zewnetrzne,2025-07-27 09:10:07.798897+00:00,latest,2.9,1.4,id_direct
73f451d894a1d4ca,2024-11-09,UFC Fight Night: Magny vs. Prates,Carlos Prates,Neil Magny,us,zewnetrzne,2025-07-27 09:10:07.798897+00:00,latest,1.125,6.5,id_swapped
c31d9cac7534d879,2024-11-09,UFC Fight Night: Magny vs. Prates,Gillian Robertson,Luana Pinheiro,us,zewnetrzne,2025-07-27 09:10:07.798897+00:00,latest,1.212766,4.6,id_swapped
00414fc5519233b4,2024-11-16,UFC 309: Jones vs. Miocic,Ramiz Brahimaj,Mickey Gall,us,zewnetrzne,2025-07-27 09:10:07.798897+00:00,latest,2.42,1.588235,id_swapped
2a930e2d7e1f87a9,2024-11-16,UFC 309: Jones vs. Miocic,Marcus McGhee,Jonathan Martinez,us,zewnetrzne,2025-07-27 09:10:07.798897+00:00,latest,1.869565,1.952381,id_swapped
35c8223cc967fe0a,2024-11-16,UFC 309: Jones vs. Miocic,Damon Jackson,Jim Miller,us,zewnetrzne,2025-07-27 09:10:07.798897+00:00,latest,1.420168,2.95,id_swapped
4f4189009a190e35,2024-11-16,UFC 309: Jones vs. Miocic,Charles Oliveira,Michael Chandler,us,zewnetrzne,2025-07-27 09:10:07.798897+00:00,latest,1.377358,3.15,id_direct
55eebc2ee92bf00a,2024-11-16,UFC 309: Jones vs. Miocic,James Llontop,Mauricio Ruffy,us,zewnetrzne,2025-07-27 09:10:07.798897+00:00,latest,7.5,1.1,id_swapped
6c1faa6284428e5d,2024-11-16,UFC 309: Jones vs. Miocic,Jhonata Diniz,Marcin Tybura,us,zewnetrzne,2025-07-27 09:10:07.798897+00:00,latest,1.869565,1.952381,id_swapped
8545a2495db16538,2024-11-16,UFC 309: Jones vs. Miocic,Viviane Araujo,Karine Silva,us,zewnetrzne,2025-07-27 09:10:07.798897+00:00,latest,3.35,1.344828,id_direct
9676a4e9362e4bfd,2024-11-16,UFC 309: Jones vs. Miocic,Oban Elliott,Bassil Hafez,us,zewnetrzne,2025-07-27 09:10:07.798897+00:00,latest,1.322581,3.5,id_swapped
b35e47f2f58ef026,2024-11-16,UFC 309: Jones vs. Miocic,Jon Jones,Stipe Miocic,us,zewnetrzne,2025-07-27 09:10:07.798897+00:00,latest,1.181818,5.1,id_direct
cfd3e62c638fbd1f,2024-11-16,UFC 309: Jones vs. Miocic,Bo Nickal,Paul Craig,us,zewnetrzne,2025-07-27 09:10:07.798897+00:00,latest,1.074074,9.0,id_direct
02ec66f311dce539,2024-11-23,UFC Fight Night: Yan vs. Figueiredo,Volkan Oezdemir,Carlos Ulberg,us,zewnetrzne,2025-07-27 09:10:07.798897+00:00,latest,3.15,1.377358,id_direct
64d6d51219e0664c,2024-11-23,UFC Fight Night: Yan vs. Figueiredo,Wang Cong,Gabriella Fernandes,us,zewnetrzne,2025-07-27 09:10:07.798897+00:00,latest,1.105263,8.5,id_direct
86a2f07e0bf20297,2024-11-23,UFC Fight Night: Yan vs. Figueiredo,Nikolas Motta,Maheshate,us,zewnetrzne,2025-07-27 09:10:07.798897+00:00,latest,3.0,1.408163,id_swapped
f0c4aff7dd1ec4e9,2024-11-23,UFC Fight Night: Yan vs. Figueiredo,Yan Xiaonan,Tabatha Ricci,us,zewnetrzne,2025-07-27 09:10:07.798897+00:00,latest,1.505051,2.64,id_direct
f53573316a4f349f,2024-11-23,UFC Fight Night: Yan vs. Figueiredo,Deiveson Figueiredo,Petr Yan,us,zewnetrzne,2025-07-27 09:10:07.798897+00:00,latest,3.45,1.327869,id_swapped
f5f28a8b472b8012,2024-11-23,UFC Fight Night: Yan vs. Figueiredo,Quang Le,Xiao Long,us,zewnetrzne,2025-07-27 09:10:07.798897+00:00,latest,2.36,1.694444,id_swapped
0292b9c31c0089ac,2024-12-07,UFC 310: Pantoja vs. Asakura,Kron Gracie,Bryce Mitchell,us,zewnetrzne,2025-07-27 09:10:07.798897+00:00,latest,7.25,1.105263,id_swapped
089388c9f00ce9c6,2024-12-07,UFC 310: Pantoja vs. Asakura,Nate Landwehr,Dooho Choi,us,zewnetrzne,2025-07-27 09:10:07.798897+00:00,latest,1.769231,2.1,id_direct
0f16d83859d608c7,2024-12-07,UFC 310: Pantoja vs. Asakura,Chris Weidman,Eryk Anders,us,zewnetrzne,2025-07-27 09:10:07.798897+00:00,latest,1.892857,1.925926,id_direct
1569186ee820ea87,2024-12-07,UFC 310: Pantoja vs. Asakura,Shavkat Rakhmonov,Ian Machado Garry,us,zewnetrzne,2025-07-27 09:10:07.798897+00:00,latest,1.47619,3.95,id_direct
4914f7bd073c6359,2024-12-07,UFC 310: Pantoja vs. Asakura,Themba Gorimbo,Vicente Luque,us,zewnetrzne,2025-07-27 09:10:07.798897+00:00,latest,1.617284,1.153846,id_swapped
72b12a837290b327,2024-12-07,UFC 310: Pantoja vs. Asakura,Chase Hooper,Clay Guida,us,zewnetrzne,2025-07-27 09:10:07.798897+00:00,latest,1.090909,8.0,id_swapped
7c0d0a28a8fba102,2024-12-07,UFC 310: Pantoja vs. Asakura,Randy Brown,Bryan Battle,us,zewnetrzne,2025-07-27 09:10:07.798897+00:00,latest,2.5,1.555556,id_direct
97caf8fca9d9603b,2024-12-07,UFC 310: Pantoja vs. Asakura,Dominick Reyes,Anthony Smith,us,zewnetrzne,2025-07-27 09:10:07.798897+00:00,latest,1.263158,4.0,id_direct
a5c57b0f49e9f61c,2024-12-07,UFC 310: Pantoja vs. Asakura,Max Griffin,Michael Chiesa,us,zewnetrzne,2025-07-27 09:10:07.798897+00:00,latest,2.1,1.769231,id_swapped
d38029cf47e54cf7,2024-12-07,UFC 310: Pantoja vs. Asakura,Joshua Van,Cody Durden,us,zewnetrzne,2025-07-27 09:10:07.798897+00:00,latest,1.588235,2.42,id_swapped
df30514e0674d598,2024-12-07,UFC 310: Pantoja vs. Asakura,Movsar Evloev,Aljamain Sterling,us,zewnetrzne,2025-07-27 09:10:07.798897+00:00,latest,1.420168,2.95,id_direct
eb94412f15c62650,2024-12-07,UFC 310: Pantoja vs. Asakura,Lukasz Brzeski,Kennedy Nzechukwu,us,zewnetrzne,2025-07-27 09:10:07.798897+00:00,latest,5.1,1.181818,id_swapped
f706508c52f337a6,2024-12-07,UFC 310: Pantoja vs. Asakura,Alexander Volkov,Ciryl Gane,us,zewnetrzne,2025-07-27 09:10:07.798897+00:00,latest,4.0,1.263158,id_swapped
017a825c7820d12e,2025-07-26,UFC Fight Night: Whittaker vs. De Ridder,Davey Grant,Da'Mon Blackshear,us,FanDuel,2025-07-26 18:00:04.659012+00:00,latest,2.64,1.47,id_direct
23ddf51ce630028d,2025-07-26,UFC Fight Night: Whittaker vs. De Ridder,Mohammad Yahya,Steven Nguyen,us,FanDuel,2025-07-26 16:30:03.841968+00:00,latest,3.6,1.31,id_direct
3e6067763978d862,2025-07-26,UFC Fight Night: Whittaker vs. De Ridder,Amanda Ribas,Tabatha Ricci,us,FanDuel,2025-07-26 17:30:03.521157+00:00,latest,1.79,1.98,id_direct
582d66ce97309e29,2025-07-26,UFC Fight Night: Whittaker vs. De Ridder,Shara Magomedov,Marc-Andre Barriault,us,FanDuel,2025-07-26 20:30:03.727867+00:00,latest,15.8,1.03,id_direct
6b8be0ee3e569ad2,2025-07-26,UFC Fight Night: Whittaker vs. De Ridder,Reinier de Ridder,Robert Whittaker,us,FanDuel,2025-07-26 22:00:03.994243+00:00,latest,2.44,1.55,id_swapped
77f960d82cda0b76,2025-07-26,UFC Fight Night: Whittaker vs. De Ridder,Nikita Krylov,Bogdan Guskov,us,FanDuel,2025-07-26 19:00:07.681717+00:00,latest,2.64,1.51,id_direct
7c075e3383198e14,2025-07-26,UFC Fight Night: Whittaker vs. De Ridder,Carlos Leal,Muslim Salikhov,us,FanDuel,2025-07-26 18:00:04.659012+00:00,latest,4.8,1.2,id_swapped
887c61da1a78a5e1,2025-07-26,UFC Fight Night: Whittaker vs. De Ridder,Jose Ochoa,Asu Almabayev,us,FanDuel,2025-07-26 20:00:04.596742+00:00,latest,4.4,1.18,id_swapped
d4d4ee045b0ca695,2025-07-26,UFC Fight Night: Whittaker vs. De Ridder,Marcus McGhee,Petr Yan,us,FanDuel,2025-07-26 21:00:07.969104+00:00,latest,1.18,4.5,id_swapped
e72c691b7c68b03a,2025-07-26,UFC Fight Night: Whittaker vs. De Ridder,Said Nurmagomedov,Bryce Mitchell,us,FanDuel,2025-07-26 19:00:07.681717+00:00,latest,6.5,1.11,id_swapped
f9dac7702609669f,2025-07-26,UFC Fight Night: Whittaker vs. De Ridder,Billy Elekana,Ibo Aslan,us,FanDuel,2025-07-26 17:00:07.947357+00:00,latest,1.38,2.98,id_swapped
111e66eb922449e4,2025-08-02,UFC Fight Night: Taira vs. Park,Kevin Vallejos,Danny Silva,us,FanDuel,2025-08-03 01:30:03.865295+00:00,latest,1.04,12.8,id_swapped
426a69e343822ab3,2025-08-02,UFC Fight Night: Taira vs. Park,Mateusz Rebecki,Chris Duncan,us,FanDuel,2025-08-03 03:30:03.694028+00:00,latest,1.62,2.26,id_direct
45781930d64da456,2025-08-02,UFC Fight Night: Taira vs. Park,Tresean Gore,Rodolfo Vieira,us,FanDuel,2025-08-03 00:30:03.464969+00:00,latest,2.6,1.48,id_swapped
878941394f9e3538,2025-08-02,UFC Fight Night: Taira vs. Park,Esteban Ribovics,Elves Brener,us,FanDuel,2025-08-03 03:00:07.986216+00:00,latest,1.07,8.7,id_swapped
ac57250e3de89d5d,2025-08-02,UFC Fight Night: Taira vs. Park,Neil Magny,Elizeu Zaleski dos Santos,us,FanDuel,2025-08-03 02:00:04.450550+00:00,latest,1.15,5.0,id_direct
b3c695728e177fd4,2025-08-02,UFC Fight Night: Taira vs. Park,Andrey Pulyaev,Nick Klein,us,FanDuel,2025-08-03 00:00:07.184000+00:00,latest,1.78,2.02,id_swapped
b47db03affb279c3,2025-08-02,UFC Fight Night: Taira vs. Park,Felipe Bunes,Rafael Estevam,us,FanDuel,2025-08-02 23:00:07.413989+00:00,latest,1.13,5.6,id_swapped
c62ed8a6002b5360,2025-08-02,UFC Fight Night: Taira vs. Park,Karol Rosa,Nora Cornolle,us,FanDuel,2025-08-03 02:30:03.595609+00:00,latest,1.03,15.8,id_direct
d98d6b2c13557a87,2025-08-02,UFC Fight Night: Taira vs. Park,Ketlen Souza,Piera Rodriguez,us,FanDuel,2025-08-02 22:30:08.023158+00:00,latest,1.15,5.0,id_swapped
eeeffa7f514e0c0e,2025-08-02,UFC Fight Night: Taira vs. Park,Nathan Fletcher,Rinya Nakamura,us,FanDuel,2025-08-03 00:30:03.464969+00:00,latest,1.29,3.75,id_swapped
3d6571790c21527c,2025-08-09,UFC Fight Night: Dolidze vs. Hernandez,Rafael Cerqueira,Julius Walker,us,FanDuel,2025-08-09 23:00:04.748345+00:00,latest,15.8,1.03,id_swapped
646c79a7ecd12e5f,2025-08-09,UFC Fight Night: Dolidze vs. Hernandez,Iasmin Lucindo,Angela Hill,us,FanDuel,2025-08-10 01:00:07.707010+00:00,latest,12.8,1.04,id_direct
68fe62bac7fd8bb0,2025-08-09,UFC Fight Night: Dolidze vs. Hernandez,Anthony Hernandez,Roman Dolidze,us,BetMGM,2025-08-10 02:30:03.663312+00:00,latest,19.0,1.01,id_swapped
6ef50ed03b116b60,2025-08-09,UFC Fight Night: Dolidze vs. Hernandez,Gabriella Fernandes,Julija Stoliarenko,us,FanDuel,2025-08-09 21:00:04.723641+00:00,latest,1.18,4.4,id_direct
75a84211f50c53f5,2025-08-09,UFC Fight Night: Dolidze vs. Hernandez,Christian Leroy Duncan,Eryk Anders,us,FanDuel,2025-08-09 23:00:04.748345+00:00,latest,4.8,1.2,id_swapped
7d923267c44dd93b,2025-08-09,UFC Fight Night: Dolidze vs. Hernandez,Uros Medic,Gilbert Urbina,us,FanDuel,2025-08-09 21:00:04.723641+00:00,latest,3.7,1.3,id_direct
857e8facd8ff7c36,2025-08-09,UFC Fight Night: Dolidze vs. Hernandez,Eric McConico,Cody Brundage,us,FanDuel,2025-08-09 20:30:07.190493+00:00,latest,2.4,1.56,id_swapped
98d6771af9b0ebe5,2025-08-09,UFC Fight Night: Dolidze vs. Hernandez,Christian Rodriguez,Andre Fili,us,FanDuel,2025-08-10 00:30:04.189663+00:00,latest,14.4,1.03,id_swapped
ae7a8f19743e8154,2025-08-09,UFC Fight Night: Dolidze vs. Hernandez,Toshiomi Kazama,Elijah Smith,us,FanDuel,2025-08-09 22:00:05.856655+00:00,latest,6.7,1.12,id_swapped
aef44145740741b3,2025-08-09,UFC Fight Night: Dolidze vs. Hernandez,Priscila Cachoeira,Joselyne Edwards,us,FanDuel,2025-08-09 21:30:04.048522+00:00,latest,4.1,1.26,id_swapped
ed5383b50ffcdded,2025-08-09,UFC Fight Night: Dolidze vs. Hernandez,Miles Johns,Jean Matsumoto,us,FanDuel,2025-08-10 00:00:04.927229+00:00,latest,1.5,2.54,id_direct
12cedec11b37ddc0,2025-08-16,UFC 319: Du Plessis vs. Chimaev,Dricus Du Plessis,Khamzat Chimaev,us,FanDuel,2025-08-17 04:30:08.310126+00:00,latest,5.6,1.13,id_direct
5b880d10b0ed7acc,2025-08-16,UFC 319: Du Plessis vs. Chimaev,Michal Oleksiejczuk,Gerald Meerschaert,us,FanDuel,2025-08-17 01:00:07.507530+00:00,latest,1.48,2.8,id_swapped
82338ba457fbe87f,2025-08-16,UFC 319: Du Plessis vs. Chimaev,Tim Elliott,Kai Asakura,us,FanDuel,2025-08-17 02:30:03.703675+00:00,latest,1.23,4.0,id_direct
88020d22cf905792,2025-08-16,UFC 319: Du Plessis vs. Chimaev,Dione Barbosa,Karine Silva,us,FanDuel,2025-08-16 23:30:07.866146+00:00,latest,2.1,1.71,id_swapped
9939d7073462e07e,2025-08-16,UFC 319: Du Plessis vs. Chimaev,Jared Cannonier,Michael Page,us,FanDuel,2025-08-17 03:00:05.009457+00:00,latest,9.4,1.06,id_direct
bc63f1b2e52f603e,2025-08-16,UFC 319: Du Plessis vs. Chimaev,Edson Barboza,Drakkar Klose,us,FanDuel,2025-08-17 00:00:04.323145+00:00,latest,1.32,3.25,id_direct
130e622d4d2aee3e,2025-08-23,UFC Fight Night: Walker vs. Zhang,Michel Pereira,Kyle Daukaus,us,FanDuel,2025-08-22 22:00:05.423656+00:00,latest,3.05,1.41,id_direct
1ab1ed99a4bc5494,2025-08-23,UFC Fight Night: Walker vs. Zhang,Charles Johnson,Lone'er Kavanagh,us,FanDuel,2025-08-22 22:00:05.423656+00:00,latest,2.9,1.43,id_direct
2eecf0c36192e40c,2025-08-23,UFC Fight Night: Walker vs. Zhang,Zhang Mingyang,Johnny Walker,us,FanDuel,2025-08-23 12:30:03.726984+00:00,latest,1.27,3.95,id_swapped
5538d15c4eeac3b3,2025-08-23,UFC Fight Night: Walker vs. Zhang,Sergei Pavlovich,Waldo Cortes-Acosta,us,DraftKings,2025-08-23 11:30:03.258485+00:00,latest,1.01,26.0,id_direct
58080e8989927500,2025-08-23,UFC Fight Night: Walker vs. Zhang,Aljamain Sterling,Brian Ortega,us,FanDuel,2025-08-23 12:00:05.286695+00:00,latest,11.8,1.05,id_swapped
7fc5f1dc2df84ac7,2025-08-23,UFC Fight Night: Walker vs. Zhang,Uran Satybaldiev,Diyar Nurgozhay,us,FanDuel,2025-08-22 22:00:05.423656+00:00,latest,2.0,1.85,id_direct
0149e875b31e57f8,2025-09-06,UFC Fight Night: Imavov vs. Borralho,Modestas Bukauskas,Paul Craig,us,FanDuel,2025-09-06 21:00:07.907383+00:00,latest,1.21,4.3,id_direct
4080b4310d82b42d,2025-09-06,UFC Fight Night: Imavov vs. Borralho,Oumar Sy,Brendson Ribeiro,us,FanDuel,2025-09-06 18:30:07.673624+00:00,latest,5.2,1.18,id_direct
420211200a35c1d1,2025-09-06,UFC Fight Night: Imavov vs. Borralho,Trey Waters,Sam Patterson,us,FanDuel,2025-09-06 17:30:03.874601+00:00,latest,2.8,1.43,id_swapped
5bcd8abf6da01dae,2025-09-06,UFC Fight Night: Imavov vs. Borralho,Caio Borralho,Nassourdine Imavov,us,FanDuel,2025-09-06 22:30:04.085327+00:00,latest,1.08,8.2,id_swapped
69b31593175f77ec,2025-09-06,UFC Fight Night: Imavov vs. Borralho,Bolaji Oki,Mason Jones,us,FanDuel,2025-09-06 20:30:07.588806+00:00,latest,5.0,1.15,id_direct
a38010639e61885c,2025-09-06,UFC Fight Night: Imavov vs. Borralho,Shauna Bannon,Sam Hughes,us,DraftKings,2025-09-06 16:30:07.712305+00:00,latest,1.04,12.0,id_direct
b3253e2c2d111030,2025-09-06,UFC Fight Night: Imavov vs. Borralho,Brad Tavares,Robert Bryczek,us,FanDuel,2025-09-06 17:00:04.136169+00:00,latest,1.5,2.68,id_direct
d14fea43712707f0,2025-09-06,UFC Fight Night: Imavov vs. Borralho,Mauricio Ruffy,Benoit Saint Denis,us,FanDuel,2025-09-06 21:30:03.486005+00:00,latest,2.32,1.6,id_swapped
d56a59a4c79cf515,2025-09-06,UFC Fight Night: Imavov vs. Borralho,Andreas Gustafsson,Rinat Fakhretdinov,us,FanDuel,2025-09-06 16:30:07.712305+00:00,latest,1.76,2.12,id_direct
